item,Var_Label,Reverse,ISeq,Key,IDCNTRY,Level,NCases,SumWgts,PPlus,Criteria
ASBR06A,READ\AGREE\TALKING ABOUT WHAT I READ,Y,1,-1,208,1,98,98,.295918367346939,ReadJoy_pplus
ASBR06A,READ\AGREE\TALKING ABOUT WHAT I READ,Y,1,-1,208,2,188,188,.430851063829787,ReadJoy_pplus
ASBR06A,READ\AGREE\TALKING ABOUT WHAT I READ,Y,1,-1,208,3,423,423,.507142857142857,ReadJoy_pplus
ASBR06A,READ\AGREE\TALKING ABOUT WHAT I READ,Y,1,-1,208,4,832,832,.616867469879518,ReadJoy_pplus
ASBR06A,READ\AGREE\TALKING ABOUT WHAT I READ,Y,1,-1,208,5,964,964,.705775234131113,ReadJoy_pplus
ASBR06A,READ\AGREE\TALKING ABOUT WHAT I READ,Y,1,-1,208,6,903,903,.838137472283814,ReadJoy_pplus
ASBR06A,READ\AGREE\TALKING ABOUT WHAT I READ,Y,1,-1,276,1,146,146,.299657534246575,ReadJoy_pplus
ASBR06A,READ\AGREE\TALKING ABOUT WHAT I READ,Y,1,-1,276,2,181,181,.388121546961326,ReadJoy_pplus
ASBR06A,READ\AGREE\TALKING ABOUT WHAT I READ,Y,1,-1,276,3,380,380,.474206349206349,ReadJoy_pplus
ASBR06A,READ\AGREE\TALKING ABOUT WHAT I READ,Y,1,-1,276,4,582,582,.556798623063683,ReadJoy_pplus
ASBR06A,READ\AGREE\TALKING ABOUT WHAT I READ,Y,1,-1,276,5,950,950,.653703703703704,ReadJoy_pplus
ASBR06A,READ\AGREE\TALKING ABOUT WHAT I READ,Y,1,-1,276,6,1187,1187,.800972927241963,ReadJoy_pplus
ASBR06A,READ\AGREE\TALKING ABOUT WHAT I READ,Y,1,-1,504,1,12,12,.333333333333333,ReadJoy_pplus
ASBR06A,READ\AGREE\TALKING ABOUT WHAT I READ,Y,1,-1,504,2,28,28,.388888888888889,ReadJoy_pplus
ASBR06A,READ\AGREE\TALKING ABOUT WHAT I READ,Y,1,-1,504,3,126,126,.600409836065574,ReadJoy_pplus
ASBR06A,READ\AGREE\TALKING ABOUT WHAT I READ,Y,1,-1,504,4,479,479,.658496732026144,ReadJoy_pplus
ASBR06A,READ\AGREE\TALKING ABOUT WHAT I READ,Y,1,-1,504,5,1191,1191,.748296422487223,ReadJoy_pplus
ASBR06A,READ\AGREE\TALKING ABOUT WHAT I READ,Y,1,-1,504,6,3455,3455,.909449970743125,ReadJoy_pplus
ASBR06A,READ\AGREE\TALKING ABOUT WHAT I READ,Y,1,-1,512,1,47,47,.3125,ReadJoy_pplus
ASBR06A,READ\AGREE\TALKING ABOUT WHAT I READ,Y,1,-1,512,2,86,86,.43452380952381,ReadJoy_pplus
ASBR06A,READ\AGREE\TALKING ABOUT WHAT I READ,Y,1,-1,512,3,255,255,.59919028340081,ReadJoy_pplus
ASBR06A,READ\AGREE\TALKING ABOUT WHAT I READ,Y,1,-1,512,4,736,736,.723337950138504,ReadJoy_pplus
ASBR06A,READ\AGREE\TALKING ABOUT WHAT I READ,Y,1,-1,512,5,1644,1644,.806034482758621,ReadJoy_pplus
ASBR06A,READ\AGREE\TALKING ABOUT WHAT I READ,Y,1,-1,512,6,6197,6197,.933719798929788,ReadJoy_pplus
ASBR06A,READ\AGREE\TALKING ABOUT WHAT I READ,Y,1,-1,554,1,90,90,.269444444444444,ReadJoy_pplus
ASBR06A,READ\AGREE\TALKING ABOUT WHAT I READ,Y,1,-1,554,2,141,141,.398936170212766,ReadJoy_pplus
ASBR06A,READ\AGREE\TALKING ABOUT WHAT I READ,Y,1,-1,554,3,336,336,.483433734939759,ReadJoy_pplus
ASBR06A,READ\AGREE\TALKING ABOUT WHAT I READ,Y,1,-1,554,4,760,760,.603698811096433,ReadJoy_pplus
ASBR06A,READ\AGREE\TALKING ABOUT WHAT I READ,Y,1,-1,554,5,1319,1319,.65361216730038,ReadJoy_pplus
ASBR06A,READ\AGREE\TALKING ABOUT WHAT I READ,Y,1,-1,554,6,2684,2684,.823469006721434,ReadJoy_pplus
ASBR06B,READ\AGREE\HAPPY ABOUT BOOK AS A PRESENT,Y,2,-1,208,1,98,98,.298469387755102,ReadJoy_pplus
ASBR06B,READ\AGREE\HAPPY ABOUT BOOK AS A PRESENT,Y,2,-1,208,2,188,188,.363031914893617,ReadJoy_pplus
ASBR06B,READ\AGREE\HAPPY ABOUT BOOK AS A PRESENT,Y,2,-1,208,3,423,423,.467703349282297,ReadJoy_pplus
ASBR06B,READ\AGREE\HAPPY ABOUT BOOK AS A PRESENT,Y,2,-1,208,4,832,832,.600909090909091,ReadJoy_pplus
ASBR06B,READ\AGREE\HAPPY ABOUT BOOK AS A PRESENT,Y,2,-1,208,5,964,964,.751828631138976,ReadJoy_pplus
ASBR06B,READ\AGREE\HAPPY ABOUT BOOK AS A PRESENT,Y,2,-1,208,6,903,903,.909065628476085,ReadJoy_pplus
ASBR06B,READ\AGREE\HAPPY ABOUT BOOK AS A PRESENT,Y,2,-1,276,1,146,146,.311643835616438,ReadJoy_pplus
ASBR06B,READ\AGREE\HAPPY ABOUT BOOK AS A PRESENT,Y,2,-1,276,2,181,181,.459722222222222,ReadJoy_pplus
ASBR06B,READ\AGREE\HAPPY ABOUT BOOK AS A PRESENT,Y,2,-1,276,3,380,380,.581333333333333,ReadJoy_pplus
ASBR06B,READ\AGREE\HAPPY ABOUT BOOK AS A PRESENT,Y,2,-1,276,4,582,582,.714100346020761,ReadJoy_pplus
ASBR06B,READ\AGREE\HAPPY ABOUT BOOK AS A PRESENT,Y,2,-1,276,5,950,950,.839266737513284,ReadJoy_pplus
ASBR06B,READ\AGREE\HAPPY ABOUT BOOK AS A PRESENT,Y,2,-1,276,6,1187,1187,.970439189189189,ReadJoy_pplus
ASBR06B,READ\AGREE\HAPPY ABOUT BOOK AS A PRESENT,Y,2,-1,504,1,12,12,.291666666666667,ReadJoy_pplus
ASBR06B,READ\AGREE\HAPPY ABOUT BOOK AS A PRESENT,Y,2,-1,504,2,28,28,.41,ReadJoy_pplus
ASBR06B,READ\AGREE\HAPPY ABOUT BOOK AS A PRESENT,Y,2,-1,504,3,126,126,.586283185840708,ReadJoy_pplus
ASBR06B,READ\AGREE\HAPPY ABOUT BOOK AS A PRESENT,Y,2,-1,504,4,479,479,.720779220779221,ReadJoy_pplus
ASBR06B,READ\AGREE\HAPPY ABOUT BOOK AS A PRESENT,Y,2,-1,504,5,1191,1191,.842243645924628,ReadJoy_pplus
ASBR06B,READ\AGREE\HAPPY ABOUT BOOK AS A PRESENT,Y,2,-1,504,6,3455,3455,.970296296296296,ReadJoy_pplus
ASBR06B,READ\AGREE\HAPPY ABOUT BOOK AS A PRESENT,Y,2,-1,512,1,47,47,.277173913043478,ReadJoy_pplus
ASBR06B,READ\AGREE\HAPPY ABOUT BOOK AS A PRESENT,Y,2,-1,512,2,86,86,.445121951219512,ReadJoy_pplus
ASBR06B,READ\AGREE\HAPPY ABOUT BOOK AS A PRESENT,Y,2,-1,512,3,255,255,.602226720647773,ReadJoy_pplus
ASBR06B,READ\AGREE\HAPPY ABOUT BOOK AS A PRESENT,Y,2,-1,512,4,736,736,.720792767732962,ReadJoy_pplus
ASBR06B,READ\AGREE\HAPPY ABOUT BOOK AS A PRESENT,Y,2,-1,512,5,1644,1644,.836442786069652,ReadJoy_pplus
ASBR06B,READ\AGREE\HAPPY ABOUT BOOK AS A PRESENT,Y,2,-1,512,6,6197,6197,.971968336869594,ReadJoy_pplus
ASBR06B,READ\AGREE\HAPPY ABOUT BOOK AS A PRESENT,Y,2,-1,554,1,90,90,.298295454545455,ReadJoy_pplus
ASBR06B,READ\AGREE\HAPPY ABOUT BOOK AS A PRESENT,Y,2,-1,554,2,141,141,.444642857142857,ReadJoy_pplus
ASBR06B,READ\AGREE\HAPPY ABOUT BOOK AS A PRESENT,Y,2,-1,554,3,336,336,.566816816816817,ReadJoy_pplus
ASBR06B,READ\AGREE\HAPPY ABOUT BOOK AS A PRESENT,Y,2,-1,554,4,760,760,.685258964143426,ReadJoy_pplus
ASBR06B,READ\AGREE\HAPPY ABOUT BOOK AS A PRESENT,Y,2,-1,554,5,1319,1319,.821537872991584,ReadJoy_pplus
ASBR06B,READ\AGREE\HAPPY ABOUT BOOK AS A PRESENT,Y,2,-1,554,6,2684,2684,.958192725909261,ReadJoy_pplus
ASBR06C,READ\AGREE\READING IS BORING,N,3,-1,208,1,98,98,.335106382978723,ReadJoy_pplus
ASBR06C,READ\AGREE\READING IS BORING,N,3,-1,208,2,188,188,.474462365591398,ReadJoy_pplus
ASBR06C,READ\AGREE\READING IS BORING,N,3,-1,208,3,423,423,.580935251798561,ReadJoy_pplus
ASBR06C,READ\AGREE\READING IS BORING,N,3,-1,208,4,832,832,.662606577344702,ReadJoy_pplus
ASBR06C,READ\AGREE\READING IS BORING,N,3,-1,208,5,964,964,.811375661375661,ReadJoy_pplus
ASBR06C,READ\AGREE\READING IS BORING,N,3,-1,208,6,903,903,.956935123042506,ReadJoy_pplus
ASBR06C,READ\AGREE\READING IS BORING,N,3,-1,276,1,146,146,.347602739726027,ReadJoy_pplus
ASBR06C,READ\AGREE\READING IS BORING,N,3,-1,276,2,181,181,.447222222222222,ReadJoy_pplus
ASBR06C,READ\AGREE\READING IS BORING,N,3,-1,276,3,380,380,.570080862533693,ReadJoy_pplus
ASBR06C,READ\AGREE\READING IS BORING,N,3,-1,276,4,582,582,.727272727272727,ReadJoy_pplus
ASBR06C,READ\AGREE\READING IS BORING,N,3,-1,276,5,950,950,.875398512221041,ReadJoy_pplus
ASBR06C,READ\AGREE\READING IS BORING,N,3,-1,276,6,1187,1187,.967659574468085,ReadJoy_pplus
ASBR06C,READ\AGREE\READING IS BORING,N,3,-1,504,1,12,12,.522727272727273,ReadJoy_pplus
ASBR06C,READ\AGREE\READING IS BORING,N,3,-1,504,2,28,28,.677083333333333,ReadJoy_pplus
ASBR06C,READ\AGREE\READING IS BORING,N,3,-1,504,3,126,126,.534782608695652,ReadJoy_pplus
ASBR06C,READ\AGREE\READING IS BORING,N,3,-1,504,4,479,479,.609444444444444,ReadJoy_pplus
ASBR06C,READ\AGREE\READING IS BORING,N,3,-1,504,5,1191,1191,.682574430823117,ReadJoy_pplus
ASBR06C,READ\AGREE\READING IS BORING,N,3,-1,504,6,3455,3455,.910158587672053,ReadJoy_pplus
ASBR06C,READ\AGREE\READING IS BORING,N,3,-1,512,1,47,47,.633333333333333,ReadJoy_pplus
ASBR06C,READ\AGREE\READING IS BORING,N,3,-1,512,2,86,86,.629411764705882,ReadJoy_pplus
ASBR06C,READ\AGREE\READING IS BORING,N,3,-1,512,3,255,255,.528925619834711,ReadJoy_pplus
ASBR06C,READ\AGREE\READING IS BORING,N,3,-1,512,4,736,736,.570911722141823,ReadJoy_pplus
ASBR06C,READ\AGREE\READING IS BORING,N,3,-1,512,5,1644,1644,.599431818181818,ReadJoy_pplus
ASBR06C,READ\AGREE\READING IS BORING,N,3,-1,512,6,6197,6197,.881761786600496,ReadJoy_pplus
ASBR06C,READ\AGREE\READING IS BORING,N,3,-1,554,1,90,90,.436111111111111,ReadJoy_pplus
ASBR06C,READ\AGREE\READING IS BORING,N,3,-1,554,2,141,141,.482269503546099,ReadJoy_pplus
ASBR06C,READ\AGREE\READING IS BORING,N,3,-1,554,3,336,336,.564393939393939,ReadJoy_pplus
ASBR06C,READ\AGREE\READING IS BORING,N,3,-1,554,4,760,760,.669867549668874,ReadJoy_pplus
ASBR06C,READ\AGREE\READING IS BORING,N,3,-1,554,5,1319,1319,.800153139356815,ReadJoy_pplus
ASBR06C,READ\AGREE\READING IS BORING,N,3,-1,554,6,2684,2684,.933339601353892,ReadJoy_pplus
ASBR06D,READ\AGREE\MORE TIME FOR READING,Y,4,-1,208,1,98,98,.255102040816327,ReadJoy_pplus
ASBR06D,READ\AGREE\MORE TIME FOR READING,Y,4,-1,208,2,188,188,.298128342245989,ReadJoy_pplus
ASBR06D,READ\AGREE\MORE TIME FOR READING,Y,4,-1,208,3,423,423,.402043269230769,ReadJoy_pplus
ASBR06D,READ\AGREE\MORE TIME FOR READING,Y,4,-1,208,4,832,832,.518742442563482,ReadJoy_pplus
ASBR06D,READ\AGREE\MORE TIME FOR READING,Y,4,-1,208,5,964,964,.648527865404837,ReadJoy_pplus
ASBR06D,READ\AGREE\MORE TIME FOR READING,Y,4,-1,208,6,903,903,.832497212931996,ReadJoy_pplus
ASBR06D,READ\AGREE\MORE TIME FOR READING,Y,4,-1,276,1,146,146,.255172413793103,ReadJoy_pplus
ASBR06D,READ\AGREE\MORE TIME FOR READING,Y,4,-1,276,2,181,181,.30524861878453,ReadJoy_pplus
ASBR06D,READ\AGREE\MORE TIME FOR READING,Y,4,-1,276,3,380,380,.43733153638814,ReadJoy_pplus
ASBR06D,READ\AGREE\MORE TIME FOR READING,Y,4,-1,276,4,582,582,.545927209705373,ReadJoy_pplus
ASBR06D,READ\AGREE\MORE TIME FOR READING,Y,4,-1,276,5,950,950,.680257510729614,ReadJoy_pplus
ASBR06D,READ\AGREE\MORE TIME FOR READING,Y,4,-1,276,6,1187,1187,.868240343347639,ReadJoy_pplus
ASBR06D,READ\AGREE\MORE TIME FOR READING,Y,4,-1,504,1,12,12,.3125,ReadJoy_pplus
ASBR06D,READ\AGREE\MORE TIME FOR READING,Y,4,-1,504,2,28,28,.423076923076923,ReadJoy_pplus
ASBR06D,READ\AGREE\MORE TIME FOR READING,Y,4,-1,504,3,126,126,.485042735042735,ReadJoy_pplus
ASBR06D,READ\AGREE\MORE TIME FOR READING,Y,4,-1,504,4,479,479,.636314655172414,ReadJoy_pplus
ASBR06D,READ\AGREE\MORE TIME FOR READING,Y,4,-1,504,5,1191,1191,.797515257192677,ReadJoy_pplus
ASBR06D,READ\AGREE\MORE TIME FOR READING,Y,4,-1,504,6,3455,3455,.960386544703452,ReadJoy_pplus
ASBR06D,READ\AGREE\MORE TIME FOR READING,Y,4,-1,512,1,47,47,.266304347826087,ReadJoy_pplus
ASBR06D,READ\AGREE\MORE TIME FOR READING,Y,4,-1,512,2,86,86,.355421686746988,ReadJoy_pplus
ASBR06D,READ\AGREE\MORE TIME FOR READING,Y,4,-1,512,3,255,255,.494747899159664,ReadJoy_pplus
ASBR06D,READ\AGREE\MORE TIME FOR READING,Y,4,-1,512,4,736,736,.601474719101124,ReadJoy_pplus
ASBR06D,READ\AGREE\MORE TIME FOR READING,Y,4,-1,512,5,1644,1644,.770807259073842,ReadJoy_pplus
ASBR06D,READ\AGREE\MORE TIME FOR READING,Y,4,-1,512,6,6197,6197,.949755700325733,ReadJoy_pplus
ASBR06D,READ\AGREE\MORE TIME FOR READING,Y,4,-1,554,1,90,90,.255555555555556,ReadJoy_pplus
ASBR06D,READ\AGREE\MORE TIME FOR READING,Y,4,-1,554,2,141,141,.310283687943262,ReadJoy_pplus
ASBR06D,READ\AGREE\MORE TIME FOR READING,Y,4,-1,554,3,336,336,.457831325301205,ReadJoy_pplus
ASBR06D,READ\AGREE\MORE TIME FOR READING,Y,4,-1,554,4,760,760,.573082010582011,ReadJoy_pplus
ASBR06D,READ\AGREE\MORE TIME FOR READING,Y,4,-1,554,5,1319,1319,.737375669472073,ReadJoy_pplus
ASBR06D,READ\AGREE\MORE TIME FOR READING,Y,4,-1,554,6,2684,2684,.915165165165165,ReadJoy_pplus
ASBR06E,READ\AGREE\ENJOY READING,Y,5,-1,208,1,98,98,.265463917525773,ReadJoy_pplus
ASBR06E,READ\AGREE\ENJOY READING,Y,5,-1,208,2,188,188,.325675675675676,ReadJoy_pplus
ASBR06E,READ\AGREE\ENJOY READING,Y,5,-1,208,3,423,423,.503640776699029,ReadJoy_pplus
ASBR06E,READ\AGREE\ENJOY READING,Y,5,-1,208,4,832,832,.673661800486618,ReadJoy_pplus
ASBR06E,READ\AGREE\ENJOY READING,Y,5,-1,208,5,964,964,.820789473684211,ReadJoy_pplus
ASBR06E,READ\AGREE\ENJOY READING,Y,5,-1,208,6,903,903,.970457079152731,ReadJoy_pplus
ASBR06E,READ\AGREE\ENJOY READING,Y,5,-1,276,1,146,146,.268965517241379,ReadJoy_pplus
ASBR06E,READ\AGREE\ENJOY READING,Y,5,-1,276,2,181,181,.371468926553672,ReadJoy_pplus
ASBR06E,READ\AGREE\ENJOY READING,Y,5,-1,276,3,380,380,.528225806451613,ReadJoy_pplus
ASBR06E,READ\AGREE\ENJOY READING,Y,5,-1,276,4,582,582,.719512195121951,ReadJoy_pplus
ASBR06E,READ\AGREE\ENJOY READING,Y,5,-1,276,5,950,950,.871343445287107,ReadJoy_pplus
ASBR06E,READ\AGREE\ENJOY READING,Y,5,-1,276,6,1187,1187,.978334749362787,ReadJoy_pplus
ASBR06E,READ\AGREE\ENJOY READING,Y,5,-1,504,1,12,12,.25,ReadJoy_pplus
ASBR06E,READ\AGREE\ENJOY READING,Y,5,-1,504,2,28,28,.34,ReadJoy_pplus
ASBR06E,READ\AGREE\ENJOY READING,Y,5,-1,504,3,126,126,.560416666666667,ReadJoy_pplus
ASBR06E,READ\AGREE\ENJOY READING,Y,5,-1,504,4,479,479,.706236323851203,ReadJoy_pplus
ASBR06E,READ\AGREE\ENJOY READING,Y,5,-1,504,5,1191,1191,.852185089974293,ReadJoy_pplus
ASBR06E,READ\AGREE\ENJOY READING,Y,5,-1,504,6,3455,3455,.974246414983904,ReadJoy_pplus
ASBR06E,READ\AGREE\ENJOY READING,Y,5,-1,512,1,47,47,.25,ReadJoy_pplus
ASBR06E,READ\AGREE\ENJOY READING,Y,5,-1,512,2,86,86,.313253012048193,ReadJoy_pplus
ASBR06E,READ\AGREE\ENJOY READING,Y,5,-1,512,3,255,255,.506329113924051,ReadJoy_pplus
ASBR06E,READ\AGREE\ENJOY READING,Y,5,-1,512,4,736,736,.652050919377652,ReadJoy_pplus
ASBR06E,READ\AGREE\ENJOY READING,Y,5,-1,512,5,1644,1644,.847591888466413,ReadJoy_pplus
ASBR06E,READ\AGREE\ENJOY READING,Y,5,-1,512,6,6197,6197,.982888961144529,ReadJoy_pplus
ASBR06E,READ\AGREE\ENJOY READING,Y,5,-1,554,1,90,90,.267045454545455,ReadJoy_pplus
ASBR06E,READ\AGREE\ENJOY READING,Y,5,-1,554,2,141,141,.381205673758865,ReadJoy_pplus
ASBR06E,READ\AGREE\ENJOY READING,Y,5,-1,554,3,336,336,.547727272727273,ReadJoy_pplus
ASBR06E,READ\AGREE\ENJOY READING,Y,5,-1,554,4,760,760,.7,ReadJoy_pplus
ASBR06E,READ\AGREE\ENJOY READING,Y,5,-1,554,5,1319,1319,.86264367816092,ReadJoy_pplus
ASBR06E,READ\AGREE\ENJOY READING,Y,5,-1,554,6,2684,2684,.986032995875516,ReadJoy_pplus
ASBR06F,READ\AGREE\LEARN A LOT FROM READING,Y,6,-1,208,1,98,98,.397368421052632,ReadJoy_pplus
ASBR06F,READ\AGREE\LEARN A LOT FROM READING,Y,6,-1,208,2,188,188,.586898395721925,ReadJoy_pplus
ASBR06F,READ\AGREE\LEARN A LOT FROM READING,Y,6,-1,208,3,423,423,.667682926829268,ReadJoy_pplus
ASBR06F,READ\AGREE\LEARN A LOT FROM READING,Y,6,-1,208,4,832,832,.747863247863248,ReadJoy_pplus
ASBR06F,READ\AGREE\LEARN A LOT FROM READING,Y,6,-1,208,5,964,964,.858913502109705,ReadJoy_pplus
ASBR06F,READ\AGREE\LEARN A LOT FROM READING,Y,6,-1,208,6,903,903,.947997775305895,ReadJoy_pplus
ASBR06F,READ\AGREE\LEARN A LOT FROM READING,Y,6,-1,276,1,146,146,.355902777777778,ReadJoy_pplus
ASBR06F,READ\AGREE\LEARN A LOT FROM READING,Y,6,-1,276,2,181,181,.523611111111111,ReadJoy_pplus
ASBR06F,READ\AGREE\LEARN A LOT FROM READING,Y,6,-1,276,3,380,380,.629054054054054,ReadJoy_pplus
ASBR06F,READ\AGREE\LEARN A LOT FROM READING,Y,6,-1,276,4,582,582,.731643356643357,ReadJoy_pplus
ASBR06F,READ\AGREE\LEARN A LOT FROM READING,Y,6,-1,276,5,950,950,.838046958377802,ReadJoy_pplus
ASBR06F,READ\AGREE\LEARN A LOT FROM READING,Y,6,-1,276,6,1187,1187,.943480101608806,ReadJoy_pplus
ASBR06F,READ\AGREE\LEARN A LOT FROM READING,Y,6,-1,504,1,12,12,.270833333333333,ReadJoy_pplus
ASBR06F,READ\AGREE\LEARN A LOT FROM READING,Y,6,-1,504,2,28,28,.37962962962963,ReadJoy_pplus
ASBR06F,READ\AGREE\LEARN A LOT FROM READING,Y,6,-1,504,3,126,126,.589285714285714,ReadJoy_pplus
ASBR06F,READ\AGREE\LEARN A LOT FROM READING,Y,6,-1,504,4,479,479,.744456762749446,ReadJoy_pplus
ASBR06F,READ\AGREE\LEARN A LOT FROM READING,Y,6,-1,504,5,1191,1191,.880131004366812,ReadJoy_pplus
ASBR06F,READ\AGREE\LEARN A LOT FROM READING,Y,6,-1,504,6,3455,3455,.981508658643968,ReadJoy_pplus
ASBR06F,READ\AGREE\LEARN A LOT FROM READING,Y,6,-1,512,1,47,47,.313829787234043,ReadJoy_pplus
ASBR06F,READ\AGREE\LEARN A LOT FROM READING,Y,6,-1,512,2,86,86,.478658536585366,ReadJoy_pplus
ASBR06F,READ\AGREE\LEARN A LOT FROM READING,Y,6,-1,512,3,255,255,.577160493827161,ReadJoy_pplus
ASBR06F,READ\AGREE\LEARN A LOT FROM READING,Y,6,-1,512,4,736,736,.736209335219236,ReadJoy_pplus
ASBR06F,READ\AGREE\LEARN A LOT FROM READING,Y,6,-1,512,5,1644,1644,.87650031585597,ReadJoy_pplus
ASBR06F,READ\AGREE\LEARN A LOT FROM READING,Y,6,-1,512,6,6197,6197,.984700520833333,ReadJoy_pplus
ASBR06F,READ\AGREE\LEARN A LOT FROM READING,Y,6,-1,554,1,90,90,.309659090909091,ReadJoy_pplus
ASBR06F,READ\AGREE\LEARN A LOT FROM READING,Y,6,-1,554,2,141,141,.516423357664234,ReadJoy_pplus
ASBR06F,READ\AGREE\LEARN A LOT FROM READING,Y,6,-1,554,3,336,336,.638629283489097,ReadJoy_pplus
ASBR06F,READ\AGREE\LEARN A LOT FROM READING,Y,6,-1,554,4,760,760,.731951871657754,ReadJoy_pplus
ASBR06F,READ\AGREE\LEARN A LOT FROM READING,Y,6,-1,554,5,1319,1319,.836021505376344,ReadJoy_pplus
ASBR06F,READ\AGREE\LEARN A LOT FROM READING,Y,6,-1,554,6,2684,2684,.956961077844311,ReadJoy_pplus
ASBR06G,READ\AGREE\LIKE READ THINGS MAKE THINK,Y,7,-1,208,1,98,98,.296875,ReadJoy_pplus
ASBR06G,READ\AGREE\LIKE READ THINGS MAKE THINK,Y,7,-1,208,2,188,188,.439839572192513,ReadJoy_pplus
ASBR06G,READ\AGREE\LIKE READ THINGS MAKE THINK,Y,7,-1,208,3,423,423,.626491646778043,ReadJoy_pplus
ASBR06G,READ\AGREE\LIKE READ THINGS MAKE THINK,Y,7,-1,208,4,832,832,.770205066344994,ReadJoy_pplus
ASBR06G,READ\AGREE\LIKE READ THINGS MAKE THINK,Y,7,-1,208,5,964,964,.872390396659708,ReadJoy_pplus
ASBR06G,READ\AGREE\LIKE READ THINGS MAKE THINK,Y,7,-1,208,6,903,903,.965871254162042,ReadJoy_pplus
ASBR06G,READ\AGREE\LIKE READ THINGS MAKE THINK,Y,7,-1,276,1,146,146,.26551724137931,ReadJoy_pplus
ASBR06G,READ\AGREE\LIKE READ THINGS MAKE THINK,Y,7,-1,276,2,181,181,.404166666666667,ReadJoy_pplus
ASBR06G,READ\AGREE\LIKE READ THINGS MAKE THINK,Y,7,-1,276,3,380,380,.537698412698413,ReadJoy_pplus
ASBR06G,READ\AGREE\LIKE READ THINGS MAKE THINK,Y,7,-1,276,4,582,582,.651384083044983,ReadJoy_pplus
ASBR06G,READ\AGREE\LIKE READ THINGS MAKE THINK,Y,7,-1,276,5,950,950,.765658174097665,ReadJoy_pplus
ASBR06G,READ\AGREE\LIKE READ THINGS MAKE THINK,Y,7,-1,276,6,1187,1187,.923986486486487,ReadJoy_pplus
ASBR06G,READ\AGREE\LIKE READ THINGS MAKE THINK,Y,7,-1,504,1,12,12,.25,ReadJoy_pplus
ASBR06G,READ\AGREE\LIKE READ THINGS MAKE THINK,Y,7,-1,504,2,28,28,.384615384615385,ReadJoy_pplus
ASBR06G,READ\AGREE\LIKE READ THINGS MAKE THINK,Y,7,-1,504,3,126,126,.584782608695652,ReadJoy_pplus
ASBR06G,READ\AGREE\LIKE READ THINGS MAKE THINK,Y,7,-1,504,4,479,479,.692857142857143,ReadJoy_pplus
ASBR06G,READ\AGREE\LIKE READ THINGS MAKE THINK,Y,7,-1,504,5,1191,1191,.835392762577229,ReadJoy_pplus
ASBR06G,READ\AGREE\LIKE READ THINGS MAKE THINK,Y,7,-1,504,6,3455,3455,.961532803765814,ReadJoy_pplus
ASBR06G,READ\AGREE\LIKE READ THINGS MAKE THINK,Y,7,-1,512,1,47,47,.25,ReadJoy_pplus
ASBR06G,READ\AGREE\LIKE READ THINGS MAKE THINK,Y,7,-1,512,2,86,86,.414634146341463,ReadJoy_pplus
ASBR06G,READ\AGREE\LIKE READ THINGS MAKE THINK,Y,7,-1,512,3,255,255,.61280487804878,ReadJoy_pplus
ASBR06G,READ\AGREE\LIKE READ THINGS MAKE THINK,Y,7,-1,512,4,736,736,.718137254901961,ReadJoy_pplus
ASBR06G,READ\AGREE\LIKE READ THINGS MAKE THINK,Y,7,-1,512,5,1644,1644,.857809583074051,ReadJoy_pplus
ASBR06G,READ\AGREE\LIKE READ THINGS MAKE THINK,Y,7,-1,512,6,6197,6197,.969964378238342,ReadJoy_pplus
ASBR06G,READ\AGREE\LIKE READ THINGS MAKE THINK,Y,7,-1,554,1,90,90,.292134831460674,ReadJoy_pplus
ASBR06G,READ\AGREE\LIKE READ THINGS MAKE THINK,Y,7,-1,554,2,141,141,.418439716312057,ReadJoy_pplus
ASBR06G,READ\AGREE\LIKE READ THINGS MAKE THINK,Y,7,-1,554,3,336,336,.559701492537313,ReadJoy_pplus
ASBR06G,READ\AGREE\LIKE READ THINGS MAKE THINK,Y,7,-1,554,4,760,760,.694223107569721,ReadJoy_pplus
ASBR06G,READ\AGREE\LIKE READ THINGS MAKE THINK,Y,7,-1,554,5,1319,1319,.817073170731707,ReadJoy_pplus
ASBR06G,READ\AGREE\LIKE READ THINGS MAKE THINK,Y,7,-1,554,6,2684,2684,.948787313432836,ReadJoy_pplus
ASBR06H,READ\AGREE\BOOK HELPS IMAGE OTHER WORLDS,Y,8,-1,208,1,98,98,.308673469387755,ReadJoy_pplus
ASBR06H,READ\AGREE\BOOK HELPS IMAGE OTHER WORLDS,Y,8,-1,208,2,188,188,.542780748663102,ReadJoy_pplus
ASBR06H,READ\AGREE\BOOK HELPS IMAGE OTHER WORLDS,Y,8,-1,208,3,423,423,.697966507177033,ReadJoy_pplus
ASBR06H,READ\AGREE\BOOK HELPS IMAGE OTHER WORLDS,Y,8,-1,208,4,832,832,.829408212560386,ReadJoy_pplus
ASBR06H,READ\AGREE\BOOK HELPS IMAGE OTHER WORLDS,Y,8,-1,208,5,964,964,.915364583333333,ReadJoy_pplus
ASBR06H,READ\AGREE\BOOK HELPS IMAGE OTHER WORLDS,Y,8,-1,208,6,903,903,.979767184035477,ReadJoy_pplus
ASBR06H,READ\AGREE\BOOK HELPS IMAGE OTHER WORLDS,Y,8,-1,276,1,146,146,.307291666666667,ReadJoy_pplus
ASBR06H,READ\AGREE\BOOK HELPS IMAGE OTHER WORLDS,Y,8,-1,276,2,181,181,.525,ReadJoy_pplus
ASBR06H,READ\AGREE\BOOK HELPS IMAGE OTHER WORLDS,Y,8,-1,276,3,380,380,.643236074270557,ReadJoy_pplus
ASBR06H,READ\AGREE\BOOK HELPS IMAGE OTHER WORLDS,Y,8,-1,276,4,582,582,.78682842287695,ReadJoy_pplus
ASBR06H,READ\AGREE\BOOK HELPS IMAGE OTHER WORLDS,Y,8,-1,276,5,950,950,.894556025369979,ReadJoy_pplus
ASBR06H,READ\AGREE\BOOK HELPS IMAGE OTHER WORLDS,Y,8,-1,276,6,1187,1187,.980980557903635,ReadJoy_pplus
ASBR06H,READ\AGREE\BOOK HELPS IMAGE OTHER WORLDS,Y,8,-1,504,1,12,12,.25,ReadJoy_pplus
ASBR06H,READ\AGREE\BOOK HELPS IMAGE OTHER WORLDS,Y,8,-1,504,2,28,28,.47,ReadJoy_pplus
ASBR06H,READ\AGREE\BOOK HELPS IMAGE OTHER WORLDS,Y,8,-1,504,3,126,126,.529411764705882,ReadJoy_pplus
ASBR06H,READ\AGREE\BOOK HELPS IMAGE OTHER WORLDS,Y,8,-1,504,4,479,479,.68082788671024,ReadJoy_pplus
ASBR06H,READ\AGREE\BOOK HELPS IMAGE OTHER WORLDS,Y,8,-1,504,5,1191,1191,.799913194444444,ReadJoy_pplus
ASBR06H,READ\AGREE\BOOK HELPS IMAGE OTHER WORLDS,Y,8,-1,504,6,3455,3455,.952973923234691,ReadJoy_pplus
ASBR06H,READ\AGREE\BOOK HELPS IMAGE OTHER WORLDS,Y,8,-1,512,1,47,47,.25531914893617,ReadJoy_pplus
ASBR06H,READ\AGREE\BOOK HELPS IMAGE OTHER WORLDS,Y,8,-1,512,2,86,86,.402439024390244,ReadJoy_pplus
ASBR06H,READ\AGREE\BOOK HELPS IMAGE OTHER WORLDS,Y,8,-1,512,3,255,255,.576388888888889,ReadJoy_pplus
ASBR06H,READ\AGREE\BOOK HELPS IMAGE OTHER WORLDS,Y,8,-1,512,4,736,736,.716712898751734,ReadJoy_pplus
ASBR06H,READ\AGREE\BOOK HELPS IMAGE OTHER WORLDS,Y,8,-1,512,5,1644,1644,.845761138613861,ReadJoy_pplus
ASBR06H,READ\AGREE\BOOK HELPS IMAGE OTHER WORLDS,Y,8,-1,512,6,6197,6197,.969448946515397,ReadJoy_pplus
ASBR06H,READ\AGREE\BOOK HELPS IMAGE OTHER WORLDS,Y,8,-1,554,1,90,90,.330555555555556,ReadJoy_pplus
ASBR06H,READ\AGREE\BOOK HELPS IMAGE OTHER WORLDS,Y,8,-1,554,2,141,141,.49468085106383,ReadJoy_pplus
ASBR06H,READ\AGREE\BOOK HELPS IMAGE OTHER WORLDS,Y,8,-1,554,3,336,336,.650900900900901,ReadJoy_pplus
ASBR06H,READ\AGREE\BOOK HELPS IMAGE OTHER WORLDS,Y,8,-1,554,4,760,760,.780013192612137,ReadJoy_pplus
ASBR06H,READ\AGREE\BOOK HELPS IMAGE OTHER WORLDS,Y,8,-1,554,5,1319,1319,.890091116173121,ReadJoy_pplus
ASBR06H,READ\AGREE\BOOK HELPS IMAGE OTHER WORLDS,Y,8,-1,554,6,2684,2684,.977069351230425,ReadJoy_pplus
