Item,Response,Val_Label,Var_Label,Reverse,ISeq,Key,NCases,SumWgt,p,q,rpb_ReadJoy_pplus,rbi_ReadJoy_pplus,IsKey,Criteria,CorrW_ReadJoy_pplus,SumWgts,ItemMean,ItemStDev,ValidCases,ItemMin,ItemMax,NSteps,PPlus,Scale,ScaleLbl,Weight,Date,Time,InDir,InFile,SelCrit
ASBR06A,1,Agree a lot,READ\AGREE\TALKING ABOUT WHAT I READ,Y,1,-1,12019,12019,.45507553670819,.54492446329181,.498361194178919,.626050472033051,1, ,.618613267960657,26225,3.10817921830315,1.00057365253104,26225,1,4,3,.777044804575787,ReadJoy,No label provided, ,06-OCT-21,15h 5m,C:\Users\egonzalez\OneDrive - Educational Testing Service\Temp\ItemAnalysis\VideoExample,PIRLS2016Subset, 
ASBR06A,2,Agree a little,READ\AGREE\TALKING ABOUT WHAT I READ,Y,1,-1,7704,7704,.291696641550869,.708303358449131,-.0253857402707358,-.0336177677744685,1, ,.618613267960657,26225,3.10817921830315,1.00057365253104,26225,1,4,3,.777044804575787,ReadJoy,No label provided, ,06-OCT-21,15h 5m,C:\Users\egonzalez\OneDrive - Educational Testing Service\Temp\ItemAnalysis\VideoExample,PIRLS2016Subset, 
ASBR06A,3,Disagree a little,READ\AGREE\TALKING ABOUT WHAT I READ,Y,1,-1,3822,3822,.144712430426716,.855287569573284,-.294335418159744,-.454930104319517,1, ,.618613267960657,26225,3.10817921830315,1.00057365253104,26225,1,4,3,.777044804575787,ReadJoy,No label provided, ,06-OCT-21,15h 5m,C:\Users\egonzalez\OneDrive - Educational Testing Service\Temp\ItemAnalysis\VideoExample,PIRLS2016Subset, 
ASBR06A,4,Disagree a lot,READ\AGREE\TALKING ABOUT WHAT I READ,Y,1,-1,2680,2680,.101472871152171,.898527128847829,-.435638309426068,-.741587902580929,1, ,.618613267960657,26225,3.10817921830315,1.00057365253104,26225,1,4,3,.777044804575787,ReadJoy,No label provided, ,06-OCT-21,15h 5m,C:\Users\egonzalez\OneDrive - Educational Testing Service\Temp\ItemAnalysis\VideoExample,PIRLS2016Subset, 
ASBR06A,9,Omitted or invalid,READ\AGREE\TALKING ABOUT WHAT I READ,Y,1,-1,186,186,.00704252016205369,.992957479837946, , ,1, ,.618613267960657,26225,3.10817921830315,1.00057365253104,26225,1,4,3,.777044804575787,ReadJoy,No label provided, ,06-OCT-21,15h 5m,C:\Users\egonzalez\OneDrive - Educational Testing Service\Temp\ItemAnalysis\VideoExample,PIRLS2016Subset, 
ASBR06B,1,Agree a lot,READ\AGREE\HAPPY ABOUT BOOK AS A PRESENT,Y,2,-1,16051,16051,.607762211283605,.392237788716395,.615020183830517,.781381157858408,1, ,.717324571764629,26034,3.3972497503265,.899592584646264,26034,1,4,3,.849312437581624,ReadJoy,No label provided, ,06-OCT-21,15h 5m,C:\Users\egonzalez\OneDrive - Educational Testing Service\Temp\ItemAnalysis\VideoExample,PIRLS2016Subset, 
ASBR06B,2,Agree a little,READ\AGREE\HAPPY ABOUT BOOK AS A PRESENT,Y,2,-1,5982,5982,.226505111700114,.773494888299886,-.192457643407763,-.26759033553623,1, ,.717324571764629,26034,3.3972497503265,.899592584646264,26034,1,4,3,.849312437581624,ReadJoy,No label provided, ,06-OCT-21,15h 5m,C:\Users\egonzalez\OneDrive - Educational Testing Service\Temp\ItemAnalysis\VideoExample,PIRLS2016Subset, 
ASBR06B,3,Disagree a little,READ\AGREE\HAPPY ABOUT BOOK AS A PRESENT,Y,2,-1,2293,2293,.086823173040515,.913176826959485,-.355504795679807,-.633153557411159,1, ,.717324571764629,26034,3.3972497503265,.899592584646264,26034,1,4,3,.849312437581624,ReadJoy,No label provided, ,06-OCT-21,15h 5m,C:\Users\egonzalez\OneDrive - Educational Testing Service\Temp\ItemAnalysis\VideoExample,PIRLS2016Subset, 
ASBR06B,4,Disagree a lot,READ\AGREE\HAPPY ABOUT BOOK AS A PRESENT,Y,2,-1,1708,1708,.0646724725482772,.935327527451723,-.480772233198951,-.936235941908631,1, ,.717324571764629,26034,3.3972497503265,.899592584646264,26034,1,4,3,.849312437581624,ReadJoy,No label provided, ,06-OCT-21,15h 5m,C:\Users\egonzalez\OneDrive - Educational Testing Service\Temp\ItemAnalysis\VideoExample,PIRLS2016Subset, 
ASBR06B,9,Omitted or invalid,READ\AGREE\HAPPY ABOUT BOOK AS A PRESENT,Y,2,-1,376,376,.0142370314274896,.98576296857251,-.0116502217228011,-.0381187440452867,1, ,.717324571764629,26034,3.3972497503265,.899592584646264,26034,1,4,3,.849312437581624,ReadJoy,No label provided, ,06-OCT-21,15h 5m,C:\Users\egonzalez\OneDrive - Educational Testing Service\Temp\ItemAnalysis\VideoExample,PIRLS2016Subset, 
ASBR06C,1,Agree a lot,READ\AGREE\READING IS BORING,N,3,-1,3284,3284,.124398651464071,.875601348535929,-.291887334759663,-.469549868875981,1, ,.536211736004119,25799,3.19965890150781,1.08493759291621,25799,1,4,3,.799914725376953,ReadJoy,No label provided, ,06-OCT-21,15h 5m,C:\Users\egonzalez\OneDrive - Educational Testing Service\Temp\ItemAnalysis\VideoExample,PIRLS2016Subset, 
ASBR06C,2,Agree a little,READ\AGREE\READING IS BORING,N,3,-1,3270,3270,.123868328345771,.876131671654229,-.29965320403712,-.482599928036152,1, ,.536211736004119,25799,3.19965890150781,1.08493759291621,25799,1,4,3,.799914725376953,ReadJoy,No label provided, ,06-OCT-21,15h 5m,C:\Users\egonzalez\OneDrive - Educational Testing Service\Temp\ItemAnalysis\VideoExample,PIRLS2016Subset, 
ASBR06C,3,Disagree a little,READ\AGREE\READING IS BORING,N,3,-1,4256,4256,.16121822796318,.83878177203682,-.220792057458891,-.332047577731073,1, ,.536211736004119,25799,3.19965890150781,1.08493759291621,25799,1,4,3,.799914725376953,ReadJoy,No label provided, ,06-OCT-21,15h 5m,C:\Users\egonzalez\OneDrive - Educational Testing Service\Temp\ItemAnalysis\VideoExample,PIRLS2016Subset, 
ASBR06C,4,Disagree a lot,READ\AGREE\READING IS BORING,N,3,-1,14989,14989,.567786658585552,.432213341414448,.559653907345673,.70515014981376,1, ,.536211736004119,25799,3.19965890150781,1.08493759291621,25799,1,4,3,.799914725376953,ReadJoy,No label provided, ,06-OCT-21,15h 5m,C:\Users\egonzalez\OneDrive - Educational Testing Service\Temp\ItemAnalysis\VideoExample,PIRLS2016Subset, 
ASBR06C,9,Omitted or invalid,READ\AGREE\READING IS BORING,N,3,-1,600,600,.0227281336414258,.977271866358574,-.00672767859960191,-.0185860799458132,1, ,.536211736004119,25799,3.19965890150781,1.08493759291621,25799,1,4,3,.799914725376953,ReadJoy,No label provided, ,06-OCT-21,15h 5m,C:\Users\egonzalez\OneDrive - Educational Testing Service\Temp\ItemAnalysis\VideoExample,PIRLS2016Subset, 
ASBR06D,1,Agree a lot,READ\AGREE\MORE TIME FOR READING,Y,4,-1,13114,13114,.496403966992202,.503596033007798,.608804630967114,.76303471492782,1, ,.752058949022633,26009,3.15221654042831,1.01750245183073,26009,1,4,3,.788054135107078,ReadJoy,No label provided, ,06-OCT-21,15h 5m,C:\Users\egonzalez\OneDrive - Educational Testing Service\Temp\ItemAnalysis\VideoExample,PIRLS2016Subset, 
ASBR06D,2,Agree a little,READ\AGREE\MORE TIME FOR READING,Y,4,-1,6370,6370,.241123476417594,.758876523582406,-.0378683301929362,-.0519749254894878,1, ,.752058949022633,26009,3.15221654042831,1.01750245183073,26009,1,4,3,.788054135107078,ReadJoy,No label provided, ,06-OCT-21,15h 5m,C:\Users\egonzalez\OneDrive - Educational Testing Service\Temp\ItemAnalysis\VideoExample,PIRLS2016Subset, 
ASBR06D,3,Disagree a little,READ\AGREE\MORE TIME FOR READING,Y,4,-1,3895,3895,.147437353319706,.852562646680294,-.341568447422429,-.525406160335242,1, ,.752058949022633,26009,3.15221654042831,1.01750245183073,26009,1,4,3,.788054135107078,ReadJoy,No label provided, ,06-OCT-21,15h 5m,C:\Users\egonzalez\OneDrive - Educational Testing Service\Temp\ItemAnalysis\VideoExample,PIRLS2016Subset, 
ASBR06D,4,Disagree a lot,READ\AGREE\MORE TIME FOR READING,Y,4,-1,2630,2630,.0995533348474525,.900446665152548,-.548899256728875,-.939500083047807,1, ,.752058949022633,26009,3.15221654042831,1.01750245183073,26009,1,4,3,.788054135107078,ReadJoy,No label provided, ,06-OCT-21,15h 5m,C:\Users\egonzalez\OneDrive - Educational Testing Service\Temp\ItemAnalysis\VideoExample,PIRLS2016Subset, 
ASBR06D,9,Omitted or invalid,READ\AGREE\MORE TIME FOR READING,Y,4,-1,409,409,.0154818684230449,.984518131576955,-.0223003192567498,-.0707520283255469,1, ,.752058949022633,26009,3.15221654042831,1.01750245183073,26009,1,4,3,.788054135107078,ReadJoy,No label provided, ,06-OCT-21,15h 5m,C:\Users\egonzalez\OneDrive - Educational Testing Service\Temp\ItemAnalysis\VideoExample,PIRLS2016Subset, 
ASBR06E,1,Agree a lot,READ\AGREE\ENJOY READING,Y,5,-1,16797,16797,.63620180289372,.36379819710628,.687371828922057,.88075652255441,1, ,.793891379191151,26008,3.44963088280529,.868657994342073,26008,1,4,3,.862407720701323,ReadJoy,No label provided, ,06-OCT-21,15h 5m,C:\Users\egonzalez\OneDrive - Educational Testing Service\Temp\ItemAnalysis\VideoExample,PIRLS2016Subset, 
ASBR06E,2,Agree a little,READ\AGREE\ENJOY READING,Y,5,-1,5599,5599,.21206726763124,.78793273236876,-.239627841041804,-.337931693113318,1, ,.793891379191151,26008,3.44963088280529,.868657994342073,26008,1,4,3,.862407720701323,ReadJoy,No label provided, ,06-OCT-21,15h 5m,C:\Users\egonzalez\OneDrive - Educational Testing Service\Temp\ItemAnalysis\VideoExample,PIRLS2016Subset, 
ASBR06E,3,Disagree a little,READ\AGREE\ENJOY READING,Y,5,-1,2121,2121,.0803348231194606,.919665176880539,-.372540778535007,-.678980411562509,1, ,.793891379191151,26008,3.44963088280529,.868657994342073,26008,1,4,3,.862407720701323,ReadJoy,No label provided, ,06-OCT-21,15h 5m,C:\Users\egonzalez\OneDrive - Educational Testing Service\Temp\ItemAnalysis\VideoExample,PIRLS2016Subset, 
ASBR06E,4,Disagree a lot,READ\AGREE\ENJOY READING,Y,5,-1,1491,1491,.0564729944701159,.943527005529884,-.541152837401889,-1.09974456154945,1, ,.793891379191151,26008,3.44963088280529,.868657994342073,26008,1,4,3,.862407720701323,ReadJoy,No label provided, ,06-OCT-21,15h 5m,C:\Users\egonzalez\OneDrive - Educational Testing Service\Temp\ItemAnalysis\VideoExample,PIRLS2016Subset, 
ASBR06E,9,Omitted or invalid,READ\AGREE\ENJOY READING,Y,5,-1,394,394,.0149231118854632,.985076888114537,-.0540977454646209,-.173965158224676,1, ,.793891379191151,26008,3.44963088280529,.868657994342073,26008,1,4,3,.862407720701323,ReadJoy,No label provided, ,06-OCT-21,15h 5m,C:\Users\egonzalez\OneDrive - Educational Testing Service\Temp\ItemAnalysis\VideoExample,PIRLS2016Subset, 
ASBR06F,1,Agree a lot,READ\AGREE\LEARN A LOT FROM READING,Y,6,-1,17051,17051,.645773367671565,.354226632328435,.616345205837256,.79242401496287,1, ,.703322738355139,25970,3.51355410088564,.774455694387316,25970,1,4,3,.878388525221409,ReadJoy,No label provided, ,06-OCT-21,15h 5m,C:\Users\egonzalez\OneDrive - Educational Testing Service\Temp\ItemAnalysis\VideoExample,PIRLS2016Subset, 
ASBR06F,2,Agree a little,READ\AGREE\LEARN A LOT FROM READING,Y,6,-1,6035,6035,.228563853961521,.771436146038479,-.275297254779718,-.382041264428937,1, ,.703322738355139,25970,3.51355410088564,.774455694387316,25970,1,4,3,.878388525221409,ReadJoy,No label provided, ,06-OCT-21,15h 5m,C:\Users\egonzalez\OneDrive - Educational Testing Service\Temp\ItemAnalysis\VideoExample,PIRLS2016Subset, 
ASBR06F,3,Disagree a little,READ\AGREE\LEARN A LOT FROM READING,Y,6,-1,2054,2054,.0777912437509468,.922208756249053,-.369880358988859,-.680675708205574,1, ,.703322738355139,25970,3.51355410088564,.774455694387316,25970,1,4,3,.878388525221409,ReadJoy,No label provided, ,06-OCT-21,15h 5m,C:\Users\egonzalez\OneDrive - Educational Testing Service\Temp\ItemAnalysis\VideoExample,PIRLS2016Subset, 
ASBR06F,4,Disagree a lot,READ\AGREE\LEARN A LOT FROM READING,Y,6,-1,830,830,.0314346311164975,.968565368883503,-.415188785369823,-1.02432946744934,1, ,.703322738355139,25970,3.51355410088564,.774455694387316,25970,1,4,3,.878388525221409,ReadJoy,No label provided, ,06-OCT-21,15h 5m,C:\Users\egonzalez\OneDrive - Educational Testing Service\Temp\ItemAnalysis\VideoExample,PIRLS2016Subset, 
ASBR06F,9,Omitted or invalid,READ\AGREE\LEARN A LOT FROM READING,Y,6,-1,434,434,.0164369034994698,.98356309650053,-.060318049965301,-.187230338343294,1, ,.703322738355139,25970,3.51355410088564,.774455694387316,25970,1,4,3,.878388525221409,ReadJoy,No label provided, ,06-OCT-21,15h 5m,C:\Users\egonzalez\OneDrive - Educational Testing Service\Temp\ItemAnalysis\VideoExample,PIRLS2016Subset, 
ASBR06G,1,Agree a lot,READ\AGREE\LIKE READ THINGS MAKE THINK,Y,7,-1,16158,16158,.611721057015219,.388278942984781,.59948386184116,.762441559707624,1, ,.706242563006955,26118,3.41867677463818,.867329124636529,26118,1,4,3,.854669193659545,ReadJoy,No label provided, ,06-OCT-21,15h 5m,C:\Users\egonzalez\OneDrive - Educational Testing Service\Temp\ItemAnalysis\VideoExample,PIRLS2016Subset, 
ASBR06G,2,Agree a little,READ\AGREE\LIKE READ THINGS MAKE THINK,Y,7,-1,6159,6159,.233171802831832,.766828197168168,-.188304545848927,-.260232695621645,1, ,.706242563006955,26118,3.41867677463818,.867329124636529,26118,1,4,3,.854669193659545,ReadJoy,No label provided, ,06-OCT-21,15h 5m,C:\Users\egonzalez\OneDrive - Educational Testing Service\Temp\ItemAnalysis\VideoExample,PIRLS2016Subset, 
ASBR06G,3,Disagree a little,READ\AGREE\LIKE READ THINGS MAKE THINK,Y,7,-1,2379,2379,.0900658741576437,.909934125842356,-.355882400185688,-.627039003814594,1, ,.706242563006955,26118,3.41867677463818,.867329124636529,26118,1,4,3,.854669193659545,ReadJoy,No label provided, ,06-OCT-21,15h 5m,C:\Users\egonzalez\OneDrive - Educational Testing Service\Temp\ItemAnalysis\VideoExample,PIRLS2016Subset, 
ASBR06G,4,Disagree a lot,READ\AGREE\LIKE READ THINGS MAKE THINK,Y,7,-1,1422,1422,.0538350874536231,.946164912546377,-.472173418169797,-.974325291806768,1, ,.706242563006955,26118,3.41867677463818,.867329124636529,26118,1,4,3,.854669193659545,ReadJoy,No label provided, ,06-OCT-21,15h 5m,C:\Users\egonzalez\OneDrive - Educational Testing Service\Temp\ItemAnalysis\VideoExample,PIRLS2016Subset, 
ASBR06G,9,Omitted or invalid,READ\AGREE\LIKE READ THINGS MAKE THINK,Y,7,-1,296,296,.0112061785416824,.988793821458318,-.0388784943396527,-.139051300109369,1, ,.706242563006955,26118,3.41867677463818,.867329124636529,26118,1,4,3,.854669193659545,ReadJoy,No label provided, ,06-OCT-21,15h 5m,C:\Users\egonzalez\OneDrive - Educational Testing Service\Temp\ItemAnalysis\VideoExample,PIRLS2016Subset, 
ASBR06H,1,Agree a lot,READ\AGREE\BOOK HELPS IMAGE OTHER WORLDS,Y,8,-1,18074,18074,.684232443687299,.315767556312701,.560545594725404,.732701403088,1, ,.640544540296901,26188,3.518290820223,.836325373577274,26188,1,4,3,.879572705055751,ReadJoy,No label provided, ,06-OCT-21,15h 5m,C:\Users\egonzalez\OneDrive - Educational Testing Service\Temp\ItemAnalysis\VideoExample,PIRLS2016Subset, 
ASBR06H,2,Agree a little,READ\AGREE\BOOK HELPS IMAGE OTHER WORLDS,Y,8,-1,5001,5001,.189324247586599,.810675752413402,-.210324301082211,-.304308236460896,1, ,.640544540296901,26188,3.518290820223,.836325373577274,26188,1,4,3,.879572705055751,ReadJoy,No label provided, ,06-OCT-21,15h 5m,C:\Users\egonzalez\OneDrive - Educational Testing Service\Temp\ItemAnalysis\VideoExample,PIRLS2016Subset, 
ASBR06H,3,Disagree a little,READ\AGREE\BOOK HELPS IMAGE OTHER WORLDS,Y,8,-1,1725,1725,.0653038046564452,.934696195343555,-.318198642383321,-.617777804427909,1, ,.640544540296901,26188,3.518290820223,.836325373577274,26188,1,4,3,.879572705055751,ReadJoy,No label provided, ,06-OCT-21,15h 5m,C:\Users\egonzalez\OneDrive - Educational Testing Service\Temp\ItemAnalysis\VideoExample,PIRLS2016Subset, 
ASBR06H,4,Disagree a lot,READ\AGREE\BOOK HELPS IMAGE OTHER WORLDS,Y,8,-1,1388,1388,.0525459019496498,.94745409805035,-.432588881672331,-.899612410129735,1, ,.640544540296901,26188,3.518290820223,.836325373577274,26188,1,4,3,.879572705055751,ReadJoy,No label provided, ,06-OCT-21,15h 5m,C:\Users\egonzalez\OneDrive - Educational Testing Service\Temp\ItemAnalysis\VideoExample,PIRLS2016Subset, 
ASBR06H,9,Omitted or invalid,READ\AGREE\BOOK HELPS IMAGE OTHER WORLDS,Y,8,-1,227,227,.00859360212000757,.991406397879992, , ,1, ,.640544540296901,26188,3.518290820223,.836325373577274,26188,1,4,3,.879572705055751,ReadJoy,No label provided, ,06-OCT-21,15h 5m,C:\Users\egonzalez\OneDrive - Educational Testing Service\Temp\ItemAnalysis\VideoExample,PIRLS2016Subset, 
