item,Var_Label,Reverse,ISeq,Key,CorrW_ReadJoy_pplus,SumWgts,ItemMean,ItemStDev,ValidCases,ItemMin,ItemMax,NSteps,PPlus,Scale,ScaleLbl,Weight,Date,Time,InDir,InFile,SelCrit
ASBR06A,READ\AGREE\TALKING ABOUT WHAT I READ,Y,1,-1,.618613267960657,26225,3.10817921830315,1.00057365253104,26225,1,4,3,.777044804575787,ReadJoy,No label provided, ,06-OCT-21,15h 5m,C:\Users\egonzalez\OneDrive - Educational Testing Service\Temp\ItemAnalysis\VideoExample,PIRLS2016Subset, 
ASBR06B,READ\AGREE\HAPPY ABOUT BOOK AS A PRESENT,Y,2,-1,.717324571764629,26034,3.3972497503265,.899592584646264,26034,1,4,3,.849312437581624,ReadJoy,No label provided, ,06-OCT-21,15h 5m,C:\Users\egonzalez\OneDrive - Educational Testing Service\Temp\ItemAnalysis\VideoExample,PIRLS2016Subset, 
ASBR06C,READ\AGREE\READING IS BORING,N,3,-1,.536211736004119,25799,3.19965890150781,1.08493759291621,25799,1,4,3,.799914725376953,ReadJoy,No label provided, ,06-OCT-21,15h 5m,C:\Users\egonzalez\OneDrive - Educational Testing Service\Temp\ItemAnalysis\VideoExample,PIRLS2016Subset, 
ASBR06D,READ\AGREE\MORE TIME FOR READING,Y,4,-1,.752058949022633,26009,3.15221654042831,1.01750245183073,26009,1,4,3,.788054135107078,ReadJoy,No label provided, ,06-OCT-21,15h 5m,C:\Users\egonzalez\OneDrive - Educational Testing Service\Temp\ItemAnalysis\VideoExample,PIRLS2016Subset, 
ASBR06E,READ\AGREE\ENJOY READING,Y,5,-1,.793891379191151,26008,3.44963088280529,.868657994342073,26008,1,4,3,.862407720701323,ReadJoy,No label provided, ,06-OCT-21,15h 5m,C:\Users\egonzalez\OneDrive - Educational Testing Service\Temp\ItemAnalysis\VideoExample,PIRLS2016Subset, 
ASBR06F,READ\AGREE\LEARN A LOT FROM READING,Y,6,-1,.703322738355139,25970,3.51355410088564,.774455694387316,25970,1,4,3,.878388525221409,ReadJoy,No label provided, ,06-OCT-21,15h 5m,C:\Users\egonzalez\OneDrive - Educational Testing Service\Temp\ItemAnalysis\VideoExample,PIRLS2016Subset, 
ASBR06G,READ\AGREE\LIKE READ THINGS MAKE THINK,Y,7,-1,.706242563006955,26118,3.41867677463818,.867329124636529,26118,1,4,3,.854669193659545,ReadJoy,No label provided, ,06-OCT-21,15h 5m,C:\Users\egonzalez\OneDrive - Educational Testing Service\Temp\ItemAnalysis\VideoExample,PIRLS2016Subset, 
ASBR06H,READ\AGREE\BOOK HELPS IMAGE OTHER WORLDS,Y,8,-1,.640544540296901,26188,3.518290820223,.836325373577274,26188,1,4,3,.879572705055751,ReadJoy,No label provided, ,06-OCT-21,15h 5m,C:\Users\egonzalez\OneDrive - Educational Testing Service\Temp\ItemAnalysis\VideoExample,PIRLS2016Subset, 
