ISeq,Item,Key,Reverse,Response,NCases,PPlus,ValidCases,SumWgts,Val_Label,Var_Label,stat,value,stat2
1,ASBR06A,-1,Y,1,12019,.777044804575787,26225,26225,Agree a lot,READ\AGREE\TALKING ABOUT WHAT I READ,P_Choosing,.45507553670819,Proportion choosing option
1,ASBR06A,-1,Y,1,12019,.777044804575787,26225,26225,Agree a lot,READ\AGREE\TALKING ABOUT WHAT I READ,rbi_ReadJoy_pplus,.626050472033051,R Biserial with ReadJoy_pplus
1,ASBR06A,-1,Y,1,12019,.777044804575787,26225,26225,Agree a lot,READ\AGREE\TALKING ABOUT WHAT I READ,CorrW_ReadJoy_pplus,.618613267960657,CORRW_READJOY_PPLUS
1,ASBR06A,-1,Y,2,7704,.777044804575787,26225,26225,Agree a little,READ\AGREE\TALKING ABOUT WHAT I READ,P_Choosing,.291696641550869,Proportion choosing option
1,ASBR06A,-1,Y,2,7704,.777044804575787,26225,26225,Agree a little,READ\AGREE\TALKING ABOUT WHAT I READ,rbi_ReadJoy_pplus,-.0336177677744685,R Biserial with ReadJoy_pplus
1,ASBR06A,-1,Y,2,7704,.777044804575787,26225,26225,Agree a little,READ\AGREE\TALKING ABOUT WHAT I READ,CorrW_ReadJoy_pplus,.618613267960657,CORRW_READJOY_PPLUS
1,ASBR06A,-1,Y,3,3822,.777044804575787,26225,26225,Disagree a little,READ\AGREE\TALKING ABOUT WHAT I READ,P_Choosing,.144712430426716,Proportion choosing option
1,ASBR06A,-1,Y,3,3822,.777044804575787,26225,26225,Disagree a little,READ\AGREE\TALKING ABOUT WHAT I READ,rbi_ReadJoy_pplus,-.454930104319517,R Biserial with ReadJoy_pplus
1,ASBR06A,-1,Y,3,3822,.777044804575787,26225,26225,Disagree a little,READ\AGREE\TALKING ABOUT WHAT I READ,CorrW_ReadJoy_pplus,.618613267960657,CORRW_READJOY_PPLUS
1,ASBR06A,-1,Y,4,2680,.777044804575787,26225,26225,Disagree a lot,READ\AGREE\TALKING ABOUT WHAT I READ,P_Choosing,.101472871152171,Proportion choosing option
1,ASBR06A,-1,Y,4,2680,.777044804575787,26225,26225,Disagree a lot,READ\AGREE\TALKING ABOUT WHAT I READ,rbi_ReadJoy_pplus,-.741587902580929,R Biserial with ReadJoy_pplus
1,ASBR06A,-1,Y,4,2680,.777044804575787,26225,26225,Disagree a lot,READ\AGREE\TALKING ABOUT WHAT I READ,CorrW_ReadJoy_pplus,.618613267960657,CORRW_READJOY_PPLUS
1,ASBR06A,-1,Y,9,186,.777044804575787,26225,26225,Omitted or invalid,READ\AGREE\TALKING ABOUT WHAT I READ,P_Choosing,.00704252016205369,Proportion choosing option
1,ASBR06A,-1,Y,9,186,.777044804575787,26225,26225,Omitted or invalid,READ\AGREE\TALKING ABOUT WHAT I READ,rbi_ReadJoy_pplus, ,R Biserial with ReadJoy_pplus
1,ASBR06A,-1,Y,9,186,.777044804575787,26225,26225,Omitted or invalid,READ\AGREE\TALKING ABOUT WHAT I READ,CorrW_ReadJoy_pplus,.618613267960657,CORRW_READJOY_PPLUS
2,ASBR06B,-1,Y,1,16051,.849312437581624,26034,26034,Agree a lot,READ\AGREE\HAPPY ABOUT BOOK AS A PRESENT,P_Choosing,.607762211283605,Proportion choosing option
2,ASBR06B,-1,Y,1,16051,.849312437581624,26034,26034,Agree a lot,READ\AGREE\HAPPY ABOUT BOOK AS A PRESENT,rbi_ReadJoy_pplus,.781381157858408,R Biserial with ReadJoy_pplus
2,ASBR06B,-1,Y,1,16051,.849312437581624,26034,26034,Agree a lot,READ\AGREE\HAPPY ABOUT BOOK AS A PRESENT,CorrW_ReadJoy_pplus,.717324571764629,CORRW_READJOY_PPLUS
2,ASBR06B,-1,Y,2,5982,.849312437581624,26034,26034,Agree a little,READ\AGREE\HAPPY ABOUT BOOK AS A PRESENT,P_Choosing,.226505111700114,Proportion choosing option
2,ASBR06B,-1,Y,2,5982,.849312437581624,26034,26034,Agree a little,READ\AGREE\HAPPY ABOUT BOOK AS A PRESENT,rbi_ReadJoy_pplus,-.26759033553623,R Biserial with ReadJoy_pplus
2,ASBR06B,-1,Y,2,5982,.849312437581624,26034,26034,Agree a little,READ\AGREE\HAPPY ABOUT BOOK AS A PRESENT,CorrW_ReadJoy_pplus,.717324571764629,CORRW_READJOY_PPLUS
2,ASBR06B,-1,Y,3,2293,.849312437581624,26034,26034,Disagree a little,READ\AGREE\HAPPY ABOUT BOOK AS A PRESENT,P_Choosing,.086823173040515,Proportion choosing option
2,ASBR06B,-1,Y,3,2293,.849312437581624,26034,26034,Disagree a little,READ\AGREE\HAPPY ABOUT BOOK AS A PRESENT,rbi_ReadJoy_pplus,-.633153557411159,R Biserial with ReadJoy_pplus
2,ASBR06B,-1,Y,3,2293,.849312437581624,26034,26034,Disagree a little,READ\AGREE\HAPPY ABOUT BOOK AS A PRESENT,CorrW_ReadJoy_pplus,.717324571764629,CORRW_READJOY_PPLUS
2,ASBR06B,-1,Y,4,1708,.849312437581624,26034,26034,Disagree a lot,READ\AGREE\HAPPY ABOUT BOOK AS A PRESENT,P_Choosing,.0646724725482772,Proportion choosing option
2,ASBR06B,-1,Y,4,1708,.849312437581624,26034,26034,Disagree a lot,READ\AGREE\HAPPY ABOUT BOOK AS A PRESENT,rbi_ReadJoy_pplus,-.936235941908631,R Biserial with ReadJoy_pplus
2,ASBR06B,-1,Y,4,1708,.849312437581624,26034,26034,Disagree a lot,READ\AGREE\HAPPY ABOUT BOOK AS A PRESENT,CorrW_ReadJoy_pplus,.717324571764629,CORRW_READJOY_PPLUS
2,ASBR06B,-1,Y,9,376,.849312437581624,26034,26034,Omitted or invalid,READ\AGREE\HAPPY ABOUT BOOK AS A PRESENT,P_Choosing,.0142370314274896,Proportion choosing option
2,ASBR06B,-1,Y,9,376,.849312437581624,26034,26034,Omitted or invalid,READ\AGREE\HAPPY ABOUT BOOK AS A PRESENT,rbi_ReadJoy_pplus,-.0381187440452867,R Biserial with ReadJoy_pplus
2,ASBR06B,-1,Y,9,376,.849312437581624,26034,26034,Omitted or invalid,READ\AGREE\HAPPY ABOUT BOOK AS A PRESENT,CorrW_ReadJoy_pplus,.717324571764629,CORRW_READJOY_PPLUS
3,ASBR06C,-1,N,1,3284,.799914725376953,25799,25799,Agree a lot,READ\AGREE\READING IS BORING,P_Choosing,.124398651464071,Proportion choosing option
3,ASBR06C,-1,N,1,3284,.799914725376953,25799,25799,Agree a lot,READ\AGREE\READING IS BORING,rbi_ReadJoy_pplus,-.469549868875981,R Biserial with ReadJoy_pplus
3,ASBR06C,-1,N,1,3284,.799914725376953,25799,25799,Agree a lot,READ\AGREE\READING IS BORING,CorrW_ReadJoy_pplus,.536211736004119,CORRW_READJOY_PPLUS
3,ASBR06C,-1,N,2,3270,.799914725376953,25799,25799,Agree a little,READ\AGREE\READING IS BORING,P_Choosing,.123868328345771,Proportion choosing option
3,ASBR06C,-1,N,2,3270,.799914725376953,25799,25799,Agree a little,READ\AGREE\READING IS BORING,rbi_ReadJoy_pplus,-.482599928036152,R Biserial with ReadJoy_pplus
3,ASBR06C,-1,N,2,3270,.799914725376953,25799,25799,Agree a little,READ\AGREE\READING IS BORING,CorrW_ReadJoy_pplus,.536211736004119,CORRW_READJOY_PPLUS
3,ASBR06C,-1,N,3,4256,.799914725376953,25799,25799,Disagree a little,READ\AGREE\READING IS BORING,P_Choosing,.16121822796318,Proportion choosing option
3,ASBR06C,-1,N,3,4256,.799914725376953,25799,25799,Disagree a little,READ\AGREE\READING IS BORING,rbi_ReadJoy_pplus,-.332047577731073,R Biserial with ReadJoy_pplus
3,ASBR06C,-1,N,3,4256,.799914725376953,25799,25799,Disagree a little,READ\AGREE\READING IS BORING,CorrW_ReadJoy_pplus,.536211736004119,CORRW_READJOY_PPLUS
3,ASBR06C,-1,N,4,14989,.799914725376953,25799,25799,Disagree a lot,READ\AGREE\READING IS BORING,P_Choosing,.567786658585552,Proportion choosing option
3,ASBR06C,-1,N,4,14989,.799914725376953,25799,25799,Disagree a lot,READ\AGREE\READING IS BORING,rbi_ReadJoy_pplus,.70515014981376,R Biserial with ReadJoy_pplus
3,ASBR06C,-1,N,4,14989,.799914725376953,25799,25799,Disagree a lot,READ\AGREE\READING IS BORING,CorrW_ReadJoy_pplus,.536211736004119,CORRW_READJOY_PPLUS
3,ASBR06C,-1,N,9,600,.799914725376953,25799,25799,Omitted or invalid,READ\AGREE\READING IS BORING,P_Choosing,.0227281336414258,Proportion choosing option
3,ASBR06C,-1,N,9,600,.799914725376953,25799,25799,Omitted or invalid,READ\AGREE\READING IS BORING,rbi_ReadJoy_pplus,-.0185860799458132,R Biserial with ReadJoy_pplus
3,ASBR06C,-1,N,9,600,.799914725376953,25799,25799,Omitted or invalid,READ\AGREE\READING IS BORING,CorrW_ReadJoy_pplus,.536211736004119,CORRW_READJOY_PPLUS
4,ASBR06D,-1,Y,1,13114,.788054135107078,26009,26009,Agree a lot,READ\AGREE\MORE TIME FOR READING,P_Choosing,.496403966992202,Proportion choosing option
4,ASBR06D,-1,Y,1,13114,.788054135107078,26009,26009,Agree a lot,READ\AGREE\MORE TIME FOR READING,rbi_ReadJoy_pplus,.76303471492782,R Biserial with ReadJoy_pplus
4,ASBR06D,-1,Y,1,13114,.788054135107078,26009,26009,Agree a lot,READ\AGREE\MORE TIME FOR READING,CorrW_ReadJoy_pplus,.752058949022633,CORRW_READJOY_PPLUS
4,ASBR06D,-1,Y,2,6370,.788054135107078,26009,26009,Agree a little,READ\AGREE\MORE TIME FOR READING,P_Choosing,.241123476417594,Proportion choosing option
4,ASBR06D,-1,Y,2,6370,.788054135107078,26009,26009,Agree a little,READ\AGREE\MORE TIME FOR READING,rbi_ReadJoy_pplus,-.0519749254894878,R Biserial with ReadJoy_pplus
4,ASBR06D,-1,Y,2,6370,.788054135107078,26009,26009,Agree a little,READ\AGREE\MORE TIME FOR READING,CorrW_ReadJoy_pplus,.752058949022633,CORRW_READJOY_PPLUS
4,ASBR06D,-1,Y,3,3895,.788054135107078,26009,26009,Disagree a little,READ\AGREE\MORE TIME FOR READING,P_Choosing,.147437353319706,Proportion choosing option
4,ASBR06D,-1,Y,3,3895,.788054135107078,26009,26009,Disagree a little,READ\AGREE\MORE TIME FOR READING,rbi_ReadJoy_pplus,-.525406160335242,R Biserial with ReadJoy_pplus
4,ASBR06D,-1,Y,3,3895,.788054135107078,26009,26009,Disagree a little,READ\AGREE\MORE TIME FOR READING,CorrW_ReadJoy_pplus,.752058949022633,CORRW_READJOY_PPLUS
4,ASBR06D,-1,Y,4,2630,.788054135107078,26009,26009,Disagree a lot,READ\AGREE\MORE TIME FOR READING,P_Choosing,.0995533348474525,Proportion choosing option
4,ASBR06D,-1,Y,4,2630,.788054135107078,26009,26009,Disagree a lot,READ\AGREE\MORE TIME FOR READING,rbi_ReadJoy_pplus,-.939500083047807,R Biserial with ReadJoy_pplus
4,ASBR06D,-1,Y,4,2630,.788054135107078,26009,26009,Disagree a lot,READ\AGREE\MORE TIME FOR READING,CorrW_ReadJoy_pplus,.752058949022633,CORRW_READJOY_PPLUS
4,ASBR06D,-1,Y,9,409,.788054135107078,26009,26009,Omitted or invalid,READ\AGREE\MORE TIME FOR READING,P_Choosing,.0154818684230449,Proportion choosing option
4,ASBR06D,-1,Y,9,409,.788054135107078,26009,26009,Omitted or invalid,READ\AGREE\MORE TIME FOR READING,rbi_ReadJoy_pplus,-.0707520283255469,R Biserial with ReadJoy_pplus
4,ASBR06D,-1,Y,9,409,.788054135107078,26009,26009,Omitted or invalid,READ\AGREE\MORE TIME FOR READING,CorrW_ReadJoy_pplus,.752058949022633,CORRW_READJOY_PPLUS
5,ASBR06E,-1,Y,1,16797,.862407720701323,26008,26008,Agree a lot,READ\AGREE\ENJOY READING,P_Choosing,.63620180289372,Proportion choosing option
5,ASBR06E,-1,Y,1,16797,.862407720701323,26008,26008,Agree a lot,READ\AGREE\ENJOY READING,rbi_ReadJoy_pplus,.88075652255441,R Biserial with ReadJoy_pplus
5,ASBR06E,-1,Y,1,16797,.862407720701323,26008,26008,Agree a lot,READ\AGREE\ENJOY READING,CorrW_ReadJoy_pplus,.793891379191151,CORRW_READJOY_PPLUS
5,ASBR06E,-1,Y,2,5599,.862407720701323,26008,26008,Agree a little,READ\AGREE\ENJOY READING,P_Choosing,.21206726763124,Proportion choosing option
5,ASBR06E,-1,Y,2,5599,.862407720701323,26008,26008,Agree a little,READ\AGREE\ENJOY READING,rbi_ReadJoy_pplus,-.337931693113318,R Biserial with ReadJoy_pplus
5,ASBR06E,-1,Y,2,5599,.862407720701323,26008,26008,Agree a little,READ\AGREE\ENJOY READING,CorrW_ReadJoy_pplus,.793891379191151,CORRW_READJOY_PPLUS
5,ASBR06E,-1,Y,3,2121,.862407720701323,26008,26008,Disagree a little,READ\AGREE\ENJOY READING,P_Choosing,.0803348231194606,Proportion choosing option
5,ASBR06E,-1,Y,3,2121,.862407720701323,26008,26008,Disagree a little,READ\AGREE\ENJOY READING,rbi_ReadJoy_pplus,-.678980411562509,R Biserial with ReadJoy_pplus
5,ASBR06E,-1,Y,3,2121,.862407720701323,26008,26008,Disagree a little,READ\AGREE\ENJOY READING,CorrW_ReadJoy_pplus,.793891379191151,CORRW_READJOY_PPLUS
5,ASBR06E,-1,Y,4,1491,.862407720701323,26008,26008,Disagree a lot,READ\AGREE\ENJOY READING,P_Choosing,.0564729944701159,Proportion choosing option
5,ASBR06E,-1,Y,4,1491,.862407720701323,26008,26008,Disagree a lot,READ\AGREE\ENJOY READING,rbi_ReadJoy_pplus,-1.09974456154945,R Biserial with ReadJoy_pplus
5,ASBR06E,-1,Y,4,1491,.862407720701323,26008,26008,Disagree a lot,READ\AGREE\ENJOY READING,CorrW_ReadJoy_pplus,.793891379191151,CORRW_READJOY_PPLUS
5,ASBR06E,-1,Y,9,394,.862407720701323,26008,26008,Omitted or invalid,READ\AGREE\ENJOY READING,P_Choosing,.0149231118854632,Proportion choosing option
5,ASBR06E,-1,Y,9,394,.862407720701323,26008,26008,Omitted or invalid,READ\AGREE\ENJOY READING,rbi_ReadJoy_pplus,-.173965158224676,R Biserial with ReadJoy_pplus
5,ASBR06E,-1,Y,9,394,.862407720701323,26008,26008,Omitted or invalid,READ\AGREE\ENJOY READING,CorrW_ReadJoy_pplus,.793891379191151,CORRW_READJOY_PPLUS
6,ASBR06F,-1,Y,1,17051,.878388525221409,25970,25970,Agree a lot,READ\AGREE\LEARN A LOT FROM READING,P_Choosing,.645773367671565,Proportion choosing option
6,ASBR06F,-1,Y,1,17051,.878388525221409,25970,25970,Agree a lot,READ\AGREE\LEARN A LOT FROM READING,rbi_ReadJoy_pplus,.79242401496287,R Biserial with ReadJoy_pplus
6,ASBR06F,-1,Y,1,17051,.878388525221409,25970,25970,Agree a lot,READ\AGREE\LEARN A LOT FROM READING,CorrW_ReadJoy_pplus,.703322738355139,CORRW_READJOY_PPLUS
6,ASBR06F,-1,Y,2,6035,.878388525221409,25970,25970,Agree a little,READ\AGREE\LEARN A LOT FROM READING,P_Choosing,.228563853961521,Proportion choosing option
6,ASBR06F,-1,Y,2,6035,.878388525221409,25970,25970,Agree a little,READ\AGREE\LEARN A LOT FROM READING,rbi_ReadJoy_pplus,-.382041264428937,R Biserial with ReadJoy_pplus
6,ASBR06F,-1,Y,2,6035,.878388525221409,25970,25970,Agree a little,READ\AGREE\LEARN A LOT FROM READING,CorrW_ReadJoy_pplus,.703322738355139,CORRW_READJOY_PPLUS
6,ASBR06F,-1,Y,3,2054,.878388525221409,25970,25970,Disagree a little,READ\AGREE\LEARN A LOT FROM READING,P_Choosing,.0777912437509468,Proportion choosing option
6,ASBR06F,-1,Y,3,2054,.878388525221409,25970,25970,Disagree a little,READ\AGREE\LEARN A LOT FROM READING,rbi_ReadJoy_pplus,-.680675708205574,R Biserial with ReadJoy_pplus
6,ASBR06F,-1,Y,3,2054,.878388525221409,25970,25970,Disagree a little,READ\AGREE\LEARN A LOT FROM READING,CorrW_ReadJoy_pplus,.703322738355139,CORRW_READJOY_PPLUS
6,ASBR06F,-1,Y,4,830,.878388525221409,25970,25970,Disagree a lot,READ\AGREE\LEARN A LOT FROM READING,P_Choosing,.0314346311164975,Proportion choosing option
6,ASBR06F,-1,Y,4,830,.878388525221409,25970,25970,Disagree a lot,READ\AGREE\LEARN A LOT FROM READING,rbi_ReadJoy_pplus,-1.02432946744934,R Biserial with ReadJoy_pplus
6,ASBR06F,-1,Y,4,830,.878388525221409,25970,25970,Disagree a lot,READ\AGREE\LEARN A LOT FROM READING,CorrW_ReadJoy_pplus,.703322738355139,CORRW_READJOY_PPLUS
6,ASBR06F,-1,Y,9,434,.878388525221409,25970,25970,Omitted or invalid,READ\AGREE\LEARN A LOT FROM READING,P_Choosing,.0164369034994698,Proportion choosing option
6,ASBR06F,-1,Y,9,434,.878388525221409,25970,25970,Omitted or invalid,READ\AGREE\LEARN A LOT FROM READING,rbi_ReadJoy_pplus,-.187230338343294,R Biserial with ReadJoy_pplus
6,ASBR06F,-1,Y,9,434,.878388525221409,25970,25970,Omitted or invalid,READ\AGREE\LEARN A LOT FROM READING,CorrW_ReadJoy_pplus,.703322738355139,CORRW_READJOY_PPLUS
7,ASBR06G,-1,Y,1,16158,.854669193659545,26118,26118,Agree a lot,READ\AGREE\LIKE READ THINGS MAKE THINK,P_Choosing,.611721057015219,Proportion choosing option
7,ASBR06G,-1,Y,1,16158,.854669193659545,26118,26118,Agree a lot,READ\AGREE\LIKE READ THINGS MAKE THINK,rbi_ReadJoy_pplus,.762441559707624,R Biserial with ReadJoy_pplus
7,ASBR06G,-1,Y,1,16158,.854669193659545,26118,26118,Agree a lot,READ\AGREE\LIKE READ THINGS MAKE THINK,CorrW_ReadJoy_pplus,.706242563006955,CORRW_READJOY_PPLUS
7,ASBR06G,-1,Y,2,6159,.854669193659545,26118,26118,Agree a little,READ\AGREE\LIKE READ THINGS MAKE THINK,P_Choosing,.233171802831832,Proportion choosing option
7,ASBR06G,-1,Y,2,6159,.854669193659545,26118,26118,Agree a little,READ\AGREE\LIKE READ THINGS MAKE THINK,rbi_ReadJoy_pplus,-.260232695621645,R Biserial with ReadJoy_pplus
7,ASBR06G,-1,Y,2,6159,.854669193659545,26118,26118,Agree a little,READ\AGREE\LIKE READ THINGS MAKE THINK,CorrW_ReadJoy_pplus,.706242563006955,CORRW_READJOY_PPLUS
7,ASBR06G,-1,Y,3,2379,.854669193659545,26118,26118,Disagree a little,READ\AGREE\LIKE READ THINGS MAKE THINK,P_Choosing,.0900658741576437,Proportion choosing option
7,ASBR06G,-1,Y,3,2379,.854669193659545,26118,26118,Disagree a little,READ\AGREE\LIKE READ THINGS MAKE THINK,rbi_ReadJoy_pplus,-.627039003814594,R Biserial with ReadJoy_pplus
7,ASBR06G,-1,Y,3,2379,.854669193659545,26118,26118,Disagree a little,READ\AGREE\LIKE READ THINGS MAKE THINK,CorrW_ReadJoy_pplus,.706242563006955,CORRW_READJOY_PPLUS
7,ASBR06G,-1,Y,4,1422,.854669193659545,26118,26118,Disagree a lot,READ\AGREE\LIKE READ THINGS MAKE THINK,P_Choosing,.0538350874536231,Proportion choosing option
7,ASBR06G,-1,Y,4,1422,.854669193659545,26118,26118,Disagree a lot,READ\AGREE\LIKE READ THINGS MAKE THINK,rbi_ReadJoy_pplus,-.974325291806768,R Biserial with ReadJoy_pplus
7,ASBR06G,-1,Y,4,1422,.854669193659545,26118,26118,Disagree a lot,READ\AGREE\LIKE READ THINGS MAKE THINK,CorrW_ReadJoy_pplus,.706242563006955,CORRW_READJOY_PPLUS
7,ASBR06G,-1,Y,9,296,.854669193659545,26118,26118,Omitted or invalid,READ\AGREE\LIKE READ THINGS MAKE THINK,P_Choosing,.0112061785416824,Proportion choosing option
7,ASBR06G,-1,Y,9,296,.854669193659545,26118,26118,Omitted or invalid,READ\AGREE\LIKE READ THINGS MAKE THINK,rbi_ReadJoy_pplus,-.139051300109369,R Biserial with ReadJoy_pplus
7,ASBR06G,-1,Y,9,296,.854669193659545,26118,26118,Omitted or invalid,READ\AGREE\LIKE READ THINGS MAKE THINK,CorrW_ReadJoy_pplus,.706242563006955,CORRW_READJOY_PPLUS
8,ASBR06H,-1,Y,1,18074,.879572705055751,26188,26188,Agree a lot,READ\AGREE\BOOK HELPS IMAGE OTHER WORLDS,P_Choosing,.684232443687299,Proportion choosing option
8,ASBR06H,-1,Y,1,18074,.879572705055751,26188,26188,Agree a lot,READ\AGREE\BOOK HELPS IMAGE OTHER WORLDS,rbi_ReadJoy_pplus,.732701403088,R Biserial with ReadJoy_pplus
8,ASBR06H,-1,Y,1,18074,.879572705055751,26188,26188,Agree a lot,READ\AGREE\BOOK HELPS IMAGE OTHER WORLDS,CorrW_ReadJoy_pplus,.640544540296901,CORRW_READJOY_PPLUS
8,ASBR06H,-1,Y,2,5001,.879572705055751,26188,26188,Agree a little,READ\AGREE\BOOK HELPS IMAGE OTHER WORLDS,P_Choosing,.189324247586599,Proportion choosing option
8,ASBR06H,-1,Y,2,5001,.879572705055751,26188,26188,Agree a little,READ\AGREE\BOOK HELPS IMAGE OTHER WORLDS,rbi_ReadJoy_pplus,-.304308236460896,R Biserial with ReadJoy_pplus
8,ASBR06H,-1,Y,2,5001,.879572705055751,26188,26188,Agree a little,READ\AGREE\BOOK HELPS IMAGE OTHER WORLDS,CorrW_ReadJoy_pplus,.640544540296901,CORRW_READJOY_PPLUS
8,ASBR06H,-1,Y,3,1725,.879572705055751,26188,26188,Disagree a little,READ\AGREE\BOOK HELPS IMAGE OTHER WORLDS,P_Choosing,.0653038046564452,Proportion choosing option
8,ASBR06H,-1,Y,3,1725,.879572705055751,26188,26188,Disagree a little,READ\AGREE\BOOK HELPS IMAGE OTHER WORLDS,rbi_ReadJoy_pplus,-.617777804427909,R Biserial with ReadJoy_pplus
8,ASBR06H,-1,Y,3,1725,.879572705055751,26188,26188,Disagree a little,READ\AGREE\BOOK HELPS IMAGE OTHER WORLDS,CorrW_ReadJoy_pplus,.640544540296901,CORRW_READJOY_PPLUS
8,ASBR06H,-1,Y,4,1388,.879572705055751,26188,26188,Disagree a lot,READ\AGREE\BOOK HELPS IMAGE OTHER WORLDS,P_Choosing,.0525459019496498,Proportion choosing option
8,ASBR06H,-1,Y,4,1388,.879572705055751,26188,26188,Disagree a lot,READ\AGREE\BOOK HELPS IMAGE OTHER WORLDS,rbi_ReadJoy_pplus,-.899612410129735,R Biserial with ReadJoy_pplus
8,ASBR06H,-1,Y,4,1388,.879572705055751,26188,26188,Disagree a lot,READ\AGREE\BOOK HELPS IMAGE OTHER WORLDS,CorrW_ReadJoy_pplus,.640544540296901,CORRW_READJOY_PPLUS
8,ASBR06H,-1,Y,9,227,.879572705055751,26188,26188,Omitted or invalid,READ\AGREE\BOOK HELPS IMAGE OTHER WORLDS,P_Choosing,.00859360212000757,Proportion choosing option
8,ASBR06H,-1,Y,9,227,.879572705055751,26188,26188,Omitted or invalid,READ\AGREE\BOOK HELPS IMAGE OTHER WORLDS,rbi_ReadJoy_pplus, ,R Biserial with ReadJoy_pplus
8,ASBR06H,-1,Y,9,227,.879572705055751,26188,26188,Omitted or invalid,READ\AGREE\BOOK HELPS IMAGE OTHER WORLDS,CorrW_ReadJoy_pplus,.640544540296901,CORRW_READJOY_PPLUS
