ITSEX,ISeq,Item,Key,Reverse,Response,NCases,PPlus,ValidCases,SumWgts,Val_Label,Var_Label,stat,value,stat2
1,1,ASBR06A,-1,Y,1,6239,.76748262521948,13108,1179.70569300001,Agree a lot,READ\AGREE\TALKING ABOUT WHAT I READ,P_Choosing,.41512180024849,Proportion choosing option
1,1,ASBR06A,-1,Y,1,6239,.76748262521948,13108,1179.70569300001,Agree a lot,READ\AGREE\TALKING ABOUT WHAT I READ,rbi_ReadJoy_pplus,.645374280905168,R Biserial with ReadJoy_pplus
1,1,ASBR06A,-1,Y,1,6239,.76748262521948,13108,1179.70569300001,Agree a lot,READ\AGREE\TALKING ABOUT WHAT I READ,CorrW_ReadJoy_pplus,.629503859852997,CORRW_READJOY_PPLUS
1,1,ASBR06A,-1,Y,1,6239,.76748262521948,13108,1179.70569300001,Agree a lot,READ\AGREE\TALKING ABOUT WHAT I READ,rbi_asrrea01,-.322878157415902,R Biserial with asrrea01
1,1,ASBR06A,-1,Y,1,6239,.76748262521948,13108,1179.70569300001,Agree a lot,READ\AGREE\TALKING ABOUT WHAT I READ,CorrW_asrrea01,-.191761540251364,CORRW_ASRREA01
1,1,ASBR06A,-1,Y,2,3960,.76748262521948,13108,1179.70569300001,Agree a little,READ\AGREE\TALKING ABOUT WHAT I READ,P_Choosing,.321322554152569,Proportion choosing option
1,1,ASBR06A,-1,Y,2,3960,.76748262521948,13108,1179.70569300001,Agree a little,READ\AGREE\TALKING ABOUT WHAT I READ,rbi_ReadJoy_pplus,-.0289155008747767,R Biserial with ReadJoy_pplus
1,1,ASBR06A,-1,Y,2,3960,.76748262521948,13108,1179.70569300001,Agree a little,READ\AGREE\TALKING ABOUT WHAT I READ,CorrW_ReadJoy_pplus,.629503859852997,CORRW_READJOY_PPLUS
1,1,ASBR06A,-1,Y,2,3960,.76748262521948,13108,1179.70569300001,Agree a little,READ\AGREE\TALKING ABOUT WHAT I READ,rbi_asrrea01,.22224478636435,R Biserial with asrrea01
1,1,ASBR06A,-1,Y,2,3960,.76748262521948,13108,1179.70569300001,Agree a little,READ\AGREE\TALKING ABOUT WHAT I READ,CorrW_asrrea01,-.191761540251364,CORRW_ASRREA01
1,1,ASBR06A,-1,Y,3,1865,.76748262521948,13108,1179.70569300001,Disagree a little,READ\AGREE\TALKING ABOUT WHAT I READ,P_Choosing,.169750750139085,Proportion choosing option
1,1,ASBR06A,-1,Y,3,1865,.76748262521948,13108,1179.70569300001,Disagree a little,READ\AGREE\TALKING ABOUT WHAT I READ,rbi_ReadJoy_pplus,-.495801262364751,R Biserial with ReadJoy_pplus
1,1,ASBR06A,-1,Y,3,1865,.76748262521948,13108,1179.70569300001,Disagree a little,READ\AGREE\TALKING ABOUT WHAT I READ,CorrW_ReadJoy_pplus,.629503859852997,CORRW_READJOY_PPLUS
1,1,ASBR06A,-1,Y,3,1865,.76748262521948,13108,1179.70569300001,Disagree a little,READ\AGREE\TALKING ABOUT WHAT I READ,rbi_asrrea01,.206317557840472,R Biserial with asrrea01
1,1,ASBR06A,-1,Y,3,1865,.76748262521948,13108,1179.70569300001,Disagree a little,READ\AGREE\TALKING ABOUT WHAT I READ,CorrW_asrrea01,-.191761540251364,CORRW_ASRREA01
1,1,ASBR06A,-1,Y,4,1044,.76748262521948,13108,1179.70569300001,Disagree a lot,READ\AGREE\TALKING ABOUT WHAT I READ,P_Choosing,.0879258373547433,Proportion choosing option
1,1,ASBR06A,-1,Y,4,1044,.76748262521948,13108,1179.70569300001,Disagree a lot,READ\AGREE\TALKING ABOUT WHAT I READ,rbi_ReadJoy_pplus,-.717016435949503,R Biserial with ReadJoy_pplus
1,1,ASBR06A,-1,Y,4,1044,.76748262521948,13108,1179.70569300001,Disagree a lot,READ\AGREE\TALKING ABOUT WHAT I READ,CorrW_ReadJoy_pplus,.629503859852997,CORRW_READJOY_PPLUS
1,1,ASBR06A,-1,Y,4,1044,.76748262521948,13108,1179.70569300001,Disagree a lot,READ\AGREE\TALKING ABOUT WHAT I READ,rbi_asrrea01,.0146425759943293,R Biserial with asrrea01
1,1,ASBR06A,-1,Y,4,1044,.76748262521948,13108,1179.70569300001,Disagree a lot,READ\AGREE\TALKING ABOUT WHAT I READ,CorrW_asrrea01,-.191761540251364,CORRW_ASRREA01
1,1,ASBR06A,-1,Y,9,82,.76748262521948,13108,1179.70569300001,Omitted or invalid,READ\AGREE\TALKING ABOUT WHAT I READ,P_Choosing,.00587905810511281,Proportion choosing option
1,1,ASBR06A,-1,Y,9,82,.76748262521948,13108,1179.70569300001,Omitted or invalid,READ\AGREE\TALKING ABOUT WHAT I READ,rbi_ReadJoy_pplus, ,R Biserial with ReadJoy_pplus
1,1,ASBR06A,-1,Y,9,82,.76748262521948,13108,1179.70569300001,Omitted or invalid,READ\AGREE\TALKING ABOUT WHAT I READ,CorrW_ReadJoy_pplus,.629503859852997,CORRW_READJOY_PPLUS
1,1,ASBR06A,-1,Y,9,82,.76748262521948,13108,1179.70569300001,Omitted or invalid,READ\AGREE\TALKING ABOUT WHAT I READ,rbi_asrrea01, ,R Biserial with asrrea01
1,1,ASBR06A,-1,Y,9,82,.76748262521948,13108,1179.70569300001,Omitted or invalid,READ\AGREE\TALKING ABOUT WHAT I READ,CorrW_asrrea01,-.191761540251364,CORRW_ASRREA01
2,1,ASBR06A,-1,Y,1,5780,.732438727650241,13117,1165.51320100001,Agree a lot,READ\AGREE\TALKING ABOUT WHAT I READ,P_Choosing,.374845128907047,Proportion choosing option
2,1,ASBR06A,-1,Y,1,5780,.732438727650241,13117,1165.51320100001,Agree a lot,READ\AGREE\TALKING ABOUT WHAT I READ,rbi_ReadJoy_pplus,.641552946619385,R Biserial with ReadJoy_pplus
2,1,ASBR06A,-1,Y,1,5780,.732438727650241,13117,1165.51320100001,Agree a lot,READ\AGREE\TALKING ABOUT WHAT I READ,CorrW_ReadJoy_pplus,.631330115152375,CORRW_READJOY_PPLUS
2,1,ASBR06A,-1,Y,1,5780,.732438727650241,13117,1165.51320100001,Agree a lot,READ\AGREE\TALKING ABOUT WHAT I READ,rbi_asrrea01,-.378880282850388,R Biserial with asrrea01
2,1,ASBR06A,-1,Y,1,5780,.732438727650241,13117,1165.51320100001,Agree a lot,READ\AGREE\TALKING ABOUT WHAT I READ,CorrW_asrrea01,-.228022382670643,CORRW_ASRREA01
2,1,ASBR06A,-1,Y,2,3744,.732438727650241,13117,1165.51320100001,Agree a little,READ\AGREE\TALKING ABOUT WHAT I READ,P_Choosing,.30781365485743,Proportion choosing option
2,1,ASBR06A,-1,Y,2,3744,.732438727650241,13117,1165.51320100001,Agree a little,READ\AGREE\TALKING ABOUT WHAT I READ,rbi_ReadJoy_pplus,.0338714244484411,R Biserial with ReadJoy_pplus
2,1,ASBR06A,-1,Y,2,3744,.732438727650241,13117,1165.51320100001,Agree a little,READ\AGREE\TALKING ABOUT WHAT I READ,CorrW_ReadJoy_pplus,.631330115152375,CORRW_READJOY_PPLUS
2,1,ASBR06A,-1,Y,2,3744,.732438727650241,13117,1165.51320100001,Agree a little,READ\AGREE\TALKING ABOUT WHAT I READ,rbi_asrrea01,.207727568488696,R Biserial with asrrea01
2,1,ASBR06A,-1,Y,2,3744,.732438727650241,13117,1165.51320100001,Agree a little,READ\AGREE\TALKING ABOUT WHAT I READ,CorrW_asrrea01,-.228022382670643,CORRW_ASRREA01
2,1,ASBR06A,-1,Y,3,1957,.732438727650241,13117,1165.51320100001,Disagree a little,READ\AGREE\TALKING ABOUT WHAT I READ,P_Choosing,.175758407861161,Proportion choosing option
2,1,ASBR06A,-1,Y,3,1957,.732438727650241,13117,1165.51320100001,Disagree a little,READ\AGREE\TALKING ABOUT WHAT I READ,rbi_ReadJoy_pplus,-.376661826570582,R Biserial with ReadJoy_pplus
2,1,ASBR06A,-1,Y,3,1957,.732438727650241,13117,1165.51320100001,Disagree a little,READ\AGREE\TALKING ABOUT WHAT I READ,CorrW_ReadJoy_pplus,.631330115152375,CORRW_READJOY_PPLUS
2,1,ASBR06A,-1,Y,3,1957,.732438727650241,13117,1165.51320100001,Disagree a little,READ\AGREE\TALKING ABOUT WHAT I READ,rbi_asrrea01,.240141207466411,R Biserial with asrrea01
2,1,ASBR06A,-1,Y,3,1957,.732438727650241,13117,1165.51320100001,Disagree a little,READ\AGREE\TALKING ABOUT WHAT I READ,CorrW_asrrea01,-.228022382670643,CORRW_ASRREA01
2,1,ASBR06A,-1,Y,4,1636,.732438727650241,13117,1165.51320100001,Disagree a lot,READ\AGREE\TALKING ABOUT WHAT I READ,P_Choosing,.13441412274086,Proportion choosing option
2,1,ASBR06A,-1,Y,4,1636,.732438727650241,13117,1165.51320100001,Disagree a lot,READ\AGREE\TALKING ABOUT WHAT I READ,rbi_ReadJoy_pplus,-.726857311196095,R Biserial with ReadJoy_pplus
2,1,ASBR06A,-1,Y,4,1636,.732438727650241,13117,1165.51320100001,Disagree a lot,READ\AGREE\TALKING ABOUT WHAT I READ,CorrW_ReadJoy_pplus,.631330115152375,CORRW_READJOY_PPLUS
2,1,ASBR06A,-1,Y,4,1636,.732438727650241,13117,1165.51320100001,Disagree a lot,READ\AGREE\TALKING ABOUT WHAT I READ,rbi_asrrea01,.069674350343311,R Biserial with asrrea01
2,1,ASBR06A,-1,Y,4,1636,.732438727650241,13117,1165.51320100001,Disagree a lot,READ\AGREE\TALKING ABOUT WHAT I READ,CorrW_asrrea01,-.228022382670643,CORRW_ASRREA01
2,1,ASBR06A,-1,Y,9,104,.732438727650241,13117,1165.51320100001,Omitted or invalid,READ\AGREE\TALKING ABOUT WHAT I READ,P_Choosing,.00716868563350182,Proportion choosing option
2,1,ASBR06A,-1,Y,9,104,.732438727650241,13117,1165.51320100001,Omitted or invalid,READ\AGREE\TALKING ABOUT WHAT I READ,rbi_ReadJoy_pplus, ,R Biserial with ReadJoy_pplus
2,1,ASBR06A,-1,Y,9,104,.732438727650241,13117,1165.51320100001,Omitted or invalid,READ\AGREE\TALKING ABOUT WHAT I READ,CorrW_ReadJoy_pplus,.631330115152375,CORRW_READJOY_PPLUS
2,1,ASBR06A,-1,Y,9,104,.732438727650241,13117,1165.51320100001,Omitted or invalid,READ\AGREE\TALKING ABOUT WHAT I READ,rbi_asrrea01, ,R Biserial with asrrea01
2,1,ASBR06A,-1,Y,9,104,.732438727650241,13117,1165.51320100001,Omitted or invalid,READ\AGREE\TALKING ABOUT WHAT I READ,CorrW_asrrea01,-.228022382670643,CORRW_ASRREA01
1,2,ASBR06B,-1,Y,1,8745,.856564779885561,13013,1172.74444600001,Agree a lot,READ\AGREE\HAPPY ABOUT BOOK AS A PRESENT,P_Choosing,.618680891312286,Proportion choosing option
1,2,ASBR06B,-1,Y,1,8745,.856564779885561,13013,1172.74444600001,Agree a lot,READ\AGREE\HAPPY ABOUT BOOK AS A PRESENT,rbi_ReadJoy_pplus,.784714675636339,R Biserial with ReadJoy_pplus
1,2,ASBR06B,-1,Y,1,8745,.856564779885561,13013,1172.74444600001,Agree a lot,READ\AGREE\HAPPY ABOUT BOOK AS A PRESENT,CorrW_ReadJoy_pplus,.716550884724826,CORRW_READJOY_PPLUS
1,2,ASBR06B,-1,Y,1,8745,.856564779885561,13013,1172.74444600001,Agree a lot,READ\AGREE\HAPPY ABOUT BOOK AS A PRESENT,rbi_asrrea01,-.133837764167008,R Biserial with asrrea01
1,2,ASBR06B,-1,Y,1,8745,.856564779885561,13013,1172.74444600001,Agree a lot,READ\AGREE\HAPPY ABOUT BOOK AS A PRESENT,CorrW_asrrea01,-.0819444665969983,CORRW_ASRREA01
1,2,ASBR06B,-1,Y,2,2720,.856564779885561,13013,1172.74444600001,Agree a little,READ\AGREE\HAPPY ABOUT BOOK AS A PRESENT,P_Choosing,.227487203602998,Proportion choosing option
1,2,ASBR06B,-1,Y,2,2720,.856564779885561,13013,1172.74444600001,Agree a little,READ\AGREE\HAPPY ABOUT BOOK AS A PRESENT,rbi_ReadJoy_pplus,-.289360393351726,R Biserial with ReadJoy_pplus
1,2,ASBR06B,-1,Y,2,2720,.856564779885561,13013,1172.74444600001,Agree a little,READ\AGREE\HAPPY ABOUT BOOK AS A PRESENT,CorrW_ReadJoy_pplus,.716550884724826,CORRW_READJOY_PPLUS
1,2,ASBR06B,-1,Y,2,2720,.856564779885561,13013,1172.74444600001,Agree a little,READ\AGREE\HAPPY ABOUT BOOK AS A PRESENT,rbi_asrrea01,.134278339026942,R Biserial with asrrea01
1,2,ASBR06B,-1,Y,2,2720,.856564779885561,13013,1172.74444600001,Agree a little,READ\AGREE\HAPPY ABOUT BOOK AS A PRESENT,CorrW_asrrea01,-.0819444665969983,CORRW_ASRREA01
1,2,ASBR06B,-1,Y,3,935,.856564779885561,13013,1172.74444600001,Disagree a little,READ\AGREE\HAPPY ABOUT BOOK AS A PRESENT,P_Choosing,.0868627654779845,Proportion choosing option
1,2,ASBR06B,-1,Y,3,935,.856564779885561,13013,1172.74444600001,Disagree a little,READ\AGREE\HAPPY ABOUT BOOK AS A PRESENT,rbi_ReadJoy_pplus,-.669973487248867,R Biserial with ReadJoy_pplus
1,2,ASBR06B,-1,Y,3,935,.856564779885561,13013,1172.74444600001,Disagree a little,READ\AGREE\HAPPY ABOUT BOOK AS A PRESENT,CorrW_ReadJoy_pplus,.716550884724826,CORRW_READJOY_PPLUS
1,2,ASBR06B,-1,Y,3,935,.856564779885561,13013,1172.74444600001,Disagree a little,READ\AGREE\HAPPY ABOUT BOOK AS A PRESENT,rbi_asrrea01,.143522317079277,R Biserial with asrrea01
1,2,ASBR06B,-1,Y,3,935,.856564779885561,13013,1172.74444600001,Disagree a little,READ\AGREE\HAPPY ABOUT BOOK AS A PRESENT,CorrW_asrrea01,-.0819444665969983,CORRW_ASRREA01
1,2,ASBR06B,-1,Y,4,613,.856564779885561,13013,1172.74444600001,Disagree a lot,READ\AGREE\HAPPY ABOUT BOOK AS A PRESENT,P_Choosing,.0552724198735378,Proportion choosing option
1,2,ASBR06B,-1,Y,4,613,.856564779885561,13013,1172.74444600001,Disagree a lot,READ\AGREE\HAPPY ABOUT BOOK AS A PRESENT,rbi_ReadJoy_pplus,-.944859535996622,R Biserial with ReadJoy_pplus
1,2,ASBR06B,-1,Y,4,613,.856564779885561,13013,1172.74444600001,Disagree a lot,READ\AGREE\HAPPY ABOUT BOOK AS A PRESENT,CorrW_ReadJoy_pplus,.716550884724826,CORRW_READJOY_PPLUS
1,2,ASBR06B,-1,Y,4,613,.856564779885561,13013,1172.74444600001,Disagree a lot,READ\AGREE\HAPPY ABOUT BOOK AS A PRESENT,rbi_asrrea01,-.0327143556317069,R Biserial with asrrea01
1,2,ASBR06B,-1,Y,4,613,.856564779885561,13013,1172.74444600001,Disagree a lot,READ\AGREE\HAPPY ABOUT BOOK AS A PRESENT,CorrW_asrrea01,-.0819444665969983,CORRW_ASRREA01
1,2,ASBR06B,-1,Y,9,175,.856564779885561,13013,1172.74444600001,Omitted or invalid,READ\AGREE\HAPPY ABOUT BOOK AS A PRESENT,P_Choosing,.011696719733193,Proportion choosing option
1,2,ASBR06B,-1,Y,9,175,.856564779885561,13013,1172.74444600001,Omitted or invalid,READ\AGREE\HAPPY ABOUT BOOK AS A PRESENT,rbi_ReadJoy_pplus,-.00974201116354255,R Biserial with ReadJoy_pplus
1,2,ASBR06B,-1,Y,9,175,.856564779885561,13013,1172.74444600001,Omitted or invalid,READ\AGREE\HAPPY ABOUT BOOK AS A PRESENT,CorrW_ReadJoy_pplus,.716550884724826,CORRW_READJOY_PPLUS
1,2,ASBR06B,-1,Y,9,175,.856564779885561,13013,1172.74444600001,Omitted or invalid,READ\AGREE\HAPPY ABOUT BOOK AS A PRESENT,rbi_asrrea01,-.280044522841867,R Biserial with asrrea01
1,2,ASBR06B,-1,Y,9,175,.856564779885561,13013,1172.74444600001,Omitted or invalid,READ\AGREE\HAPPY ABOUT BOOK AS A PRESENT,CorrW_asrrea01,-.0819444665969983,CORRW_ASRREA01
2,2,ASBR06B,-1,Y,1,7306,.799098636427474,13021,1159.93771200001,Agree a lot,READ\AGREE\HAPPY ABOUT BOOK AS A PRESENT,P_Choosing,.5089753929249,Proportion choosing option
2,2,ASBR06B,-1,Y,1,7306,.799098636427474,13021,1159.93771200001,Agree a lot,READ\AGREE\HAPPY ABOUT BOOK AS A PRESENT,rbi_ReadJoy_pplus,.76808555803995,R Biserial with ReadJoy_pplus
2,2,ASBR06B,-1,Y,1,7306,.799098636427474,13021,1159.93771200001,Agree a lot,READ\AGREE\HAPPY ABOUT BOOK AS A PRESENT,CorrW_ReadJoy_pplus,.734653604673465,CORRW_READJOY_PPLUS
2,2,ASBR06B,-1,Y,1,7306,.799098636427474,13021,1159.93771200001,Agree a lot,READ\AGREE\HAPPY ABOUT BOOK AS A PRESENT,rbi_asrrea01,-.212115279101324,R Biserial with asrrea01
2,2,ASBR06B,-1,Y,1,7306,.799098636427474,13021,1159.93771200001,Agree a lot,READ\AGREE\HAPPY ABOUT BOOK AS A PRESENT,CorrW_asrrea01,-.143823877193695,CORRW_ASRREA01
2,2,ASBR06B,-1,Y,2,3262,.799098636427474,13021,1159.93771200001,Agree a little,READ\AGREE\HAPPY ABOUT BOOK AS A PRESENT,P_Choosing,.258346082625088,Proportion choosing option
2,2,ASBR06B,-1,Y,2,3262,.799098636427474,13021,1159.93771200001,Agree a little,READ\AGREE\HAPPY ABOUT BOOK AS A PRESENT,rbi_ReadJoy_pplus,-.132579999115922,R Biserial with ReadJoy_pplus
2,2,ASBR06B,-1,Y,2,3262,.799098636427474,13021,1159.93771200001,Agree a little,READ\AGREE\HAPPY ABOUT BOOK AS A PRESENT,CorrW_ReadJoy_pplus,.734653604673465,CORRW_READJOY_PPLUS
2,2,ASBR06B,-1,Y,2,3262,.799098636427474,13021,1159.93771200001,Agree a little,READ\AGREE\HAPPY ABOUT BOOK AS A PRESENT,rbi_asrrea01,.141910488061982,R Biserial with asrrea01
2,2,ASBR06B,-1,Y,2,3262,.799098636427474,13021,1159.93771200001,Agree a little,READ\AGREE\HAPPY ABOUT BOOK AS A PRESENT,CorrW_asrrea01,-.143823877193695,CORRW_ASRREA01
2,2,ASBR06B,-1,Y,3,1358,.799098636427474,13021,1159.93771200001,Disagree a little,READ\AGREE\HAPPY ABOUT BOOK AS A PRESENT,P_Choosing,.126649085752751,Proportion choosing option
2,2,ASBR06B,-1,Y,3,1358,.799098636427474,13021,1159.93771200001,Disagree a little,READ\AGREE\HAPPY ABOUT BOOK AS A PRESENT,rbi_ReadJoy_pplus,-.538294168234976,R Biserial with ReadJoy_pplus
2,2,ASBR06B,-1,Y,3,1358,.799098636427474,13021,1159.93771200001,Disagree a little,READ\AGREE\HAPPY ABOUT BOOK AS A PRESENT,CorrW_ReadJoy_pplus,.734653604673465,CORRW_READJOY_PPLUS
2,2,ASBR06B,-1,Y,3,1358,.799098636427474,13021,1159.93771200001,Disagree a little,READ\AGREE\HAPPY ABOUT BOOK AS A PRESENT,rbi_asrrea01,.211235931416789,R Biserial with asrrea01
2,2,ASBR06B,-1,Y,3,1358,.799098636427474,13021,1159.93771200001,Disagree a little,READ\AGREE\HAPPY ABOUT BOOK AS A PRESENT,CorrW_asrrea01,-.143823877193695,CORRW_ASRREA01
2,2,ASBR06B,-1,Y,4,1095,.799098636427474,13021,1159.93771200001,Disagree a lot,READ\AGREE\HAPPY ABOUT BOOK AS A PRESENT,P_Choosing,.0941339821258132,Proportion choosing option
2,2,ASBR06B,-1,Y,4,1095,.799098636427474,13021,1159.93771200001,Disagree a lot,READ\AGREE\HAPPY ABOUT BOOK AS A PRESENT,rbi_ReadJoy_pplus,-.902969180291433,R Biserial with ReadJoy_pplus
2,2,ASBR06B,-1,Y,4,1095,.799098636427474,13021,1159.93771200001,Disagree a lot,READ\AGREE\HAPPY ABOUT BOOK AS A PRESENT,CorrW_ReadJoy_pplus,.734653604673465,CORRW_READJOY_PPLUS
2,2,ASBR06B,-1,Y,4,1095,.799098636427474,13021,1159.93771200001,Disagree a lot,READ\AGREE\HAPPY ABOUT BOOK AS A PRESENT,rbi_asrrea01,.0291945597180959,R Biserial with asrrea01
2,2,ASBR06B,-1,Y,4,1095,.799098636427474,13021,1159.93771200001,Disagree a lot,READ\AGREE\HAPPY ABOUT BOOK AS A PRESENT,CorrW_asrrea01,-.143823877193695,CORRW_ASRREA01
2,2,ASBR06B,-1,Y,9,201,.799098636427474,13021,1159.93771200001,Omitted or invalid,READ\AGREE\HAPPY ABOUT BOOK AS A PRESENT,P_Choosing,.0118954565714487,Proportion choosing option
2,2,ASBR06B,-1,Y,9,201,.799098636427474,13021,1159.93771200001,Omitted or invalid,READ\AGREE\HAPPY ABOUT BOOK AS A PRESENT,rbi_ReadJoy_pplus,-.00201880545443232,R Biserial with ReadJoy_pplus
2,2,ASBR06B,-1,Y,9,201,.799098636427474,13021,1159.93771200001,Omitted or invalid,READ\AGREE\HAPPY ABOUT BOOK AS A PRESENT,CorrW_ReadJoy_pplus,.734653604673465,CORRW_READJOY_PPLUS
2,2,ASBR06B,-1,Y,9,201,.799098636427474,13021,1159.93771200001,Omitted or invalid,READ\AGREE\HAPPY ABOUT BOOK AS A PRESENT,rbi_asrrea01,-.324640853277758,R Biserial with asrrea01
2,2,ASBR06B,-1,Y,9,201,.799098636427474,13021,1159.93771200001,Omitted or invalid,READ\AGREE\HAPPY ABOUT BOOK AS A PRESENT,CorrW_asrrea01,-.143823877193695,CORRW_ASRREA01
1,3,ASBR06C,-1,N,1,1197,.839363634818483,12901,1163.28498400001,Agree a lot,READ\AGREE\READING IS BORING,P_Choosing,.0801539384504178,Proportion choosing option
1,3,ASBR06C,-1,N,1,1197,.839363634818483,12901,1163.28498400001,Agree a lot,READ\AGREE\READING IS BORING,rbi_ReadJoy_pplus,-.514415193087663,R Biserial with ReadJoy_pplus
1,3,ASBR06C,-1,N,1,1197,.839363634818483,12901,1163.28498400001,Agree a lot,READ\AGREE\READING IS BORING,CorrW_ReadJoy_pplus,.569508066852658,CORRW_READJOY_PPLUS
1,3,ASBR06C,-1,N,1,1197,.839363634818483,12901,1163.28498400001,Agree a lot,READ\AGREE\READING IS BORING,rbi_asrrea01,-.371106719977233,R Biserial with asrrea01
1,3,ASBR06C,-1,N,1,1197,.839363634818483,12901,1163.28498400001,Agree a lot,READ\AGREE\READING IS BORING,CorrW_asrrea01,.195997806922876,CORRW_ASRREA01
1,3,ASBR06C,-1,N,2,1401,.839363634818483,12901,1163.28498400001,Agree a little,READ\AGREE\READING IS BORING,P_Choosing,.113313315604438,Proportion choosing option
1,3,ASBR06C,-1,N,2,1401,.839363634818483,12901,1163.28498400001,Agree a little,READ\AGREE\READING IS BORING,rbi_ReadJoy_pplus,-.563235305205263,R Biserial with ReadJoy_pplus
1,3,ASBR06C,-1,N,2,1401,.839363634818483,12901,1163.28498400001,Agree a little,READ\AGREE\READING IS BORING,CorrW_ReadJoy_pplus,.569508066852658,CORRW_READJOY_PPLUS
1,3,ASBR06C,-1,N,2,1401,.839363634818483,12901,1163.28498400001,Agree a little,READ\AGREE\READING IS BORING,rbi_asrrea01,-.116538925838865,R Biserial with asrrea01
1,3,ASBR06C,-1,N,2,1401,.839363634818483,12901,1163.28498400001,Agree a little,READ\AGREE\READING IS BORING,CorrW_asrrea01,.195997806922876,CORRW_ASRREA01
1,3,ASBR06C,-1,N,3,1879,.839363634818483,12901,1163.28498400001,Disagree a little,READ\AGREE\READING IS BORING,P_Choosing,.162908211251801,Proportion choosing option
1,3,ASBR06C,-1,N,3,1879,.839363634818483,12901,1163.28498400001,Disagree a little,READ\AGREE\READING IS BORING,rbi_ReadJoy_pplus,-.389592727569267,R Biserial with ReadJoy_pplus
1,3,ASBR06C,-1,N,3,1879,.839363634818483,12901,1163.28498400001,Disagree a little,READ\AGREE\READING IS BORING,CorrW_ReadJoy_pplus,.569508066852658,CORRW_READJOY_PPLUS
1,3,ASBR06C,-1,N,3,1879,.839363634818483,12901,1163.28498400001,Disagree a little,READ\AGREE\READING IS BORING,rbi_asrrea01,.132758149831555,R Biserial with asrrea01
1,3,ASBR06C,-1,N,3,1879,.839363634818483,12901,1163.28498400001,Disagree a little,READ\AGREE\READING IS BORING,CorrW_asrrea01,.195997806922876,CORRW_ASRREA01
1,3,ASBR06C,-1,N,4,8424,.839363634818483,12901,1163.28498400001,Disagree a lot,READ\AGREE\READING IS BORING,P_Choosing,.624094705784487,Proportion choosing option
1,3,ASBR06C,-1,N,4,8424,.839363634818483,12901,1163.28498400001,Disagree a lot,READ\AGREE\READING IS BORING,rbi_ReadJoy_pplus,.745828173692624,R Biserial with ReadJoy_pplus
1,3,ASBR06C,-1,N,4,8424,.839363634818483,12901,1163.28498400001,Disagree a lot,READ\AGREE\READING IS BORING,CorrW_ReadJoy_pplus,.569508066852658,CORRW_READJOY_PPLUS
1,3,ASBR06C,-1,N,4,8424,.839363634818483,12901,1163.28498400001,Disagree a lot,READ\AGREE\READING IS BORING,rbi_asrrea01,.151782636153006,R Biserial with asrrea01
1,3,ASBR06C,-1,N,4,8424,.839363634818483,12901,1163.28498400001,Disagree a lot,READ\AGREE\READING IS BORING,CorrW_asrrea01,.195997806922876,CORRW_ASRREA01
1,3,ASBR06C,-1,N,9,283,.839363634818483,12901,1163.28498400001,Omitted or invalid,READ\AGREE\READING IS BORING,P_Choosing,.0195298289088568,Proportion choosing option
1,3,ASBR06C,-1,N,9,283,.839363634818483,12901,1163.28498400001,Omitted or invalid,READ\AGREE\READING IS BORING,rbi_ReadJoy_pplus,-.0494855697224086,R Biserial with ReadJoy_pplus
1,3,ASBR06C,-1,N,9,283,.839363634818483,12901,1163.28498400001,Omitted or invalid,READ\AGREE\READING IS BORING,CorrW_ReadJoy_pplus,.569508066852658,CORRW_READJOY_PPLUS
1,3,ASBR06C,-1,N,9,283,.839363634818483,12901,1163.28498400001,Omitted or invalid,READ\AGREE\READING IS BORING,rbi_asrrea01,-.266535749113777,R Biserial with asrrea01
1,3,ASBR06C,-1,N,9,283,.839363634818483,12901,1163.28498400001,Omitted or invalid,READ\AGREE\READING IS BORING,CorrW_asrrea01,.195997806922876,CORRW_ASRREA01
2,3,ASBR06C,-1,N,1,2087,.759700566683156,12898,1151.01216400001,Agree a lot,READ\AGREE\READING IS BORING,P_Choosing,.147318229642028,Proportion choosing option
2,3,ASBR06C,-1,N,1,2087,.759700566683156,12898,1151.01216400001,Agree a lot,READ\AGREE\READING IS BORING,rbi_ReadJoy_pplus,-.49048829551175,R Biserial with ReadJoy_pplus
2,3,ASBR06C,-1,N,1,2087,.759700566683156,12898,1151.01216400001,Agree a lot,READ\AGREE\READING IS BORING,CorrW_ReadJoy_pplus,.549045164669942,CORRW_READJOY_PPLUS
2,3,ASBR06C,-1,N,1,2087,.759700566683156,12898,1151.01216400001,Agree a lot,READ\AGREE\READING IS BORING,rbi_asrrea01,-.349277071802533,R Biserial with asrrea01
2,3,ASBR06C,-1,N,1,2087,.759700566683156,12898,1151.01216400001,Agree a lot,READ\AGREE\READING IS BORING,CorrW_asrrea01,.184733231312322,CORRW_ASRREA01
2,3,ASBR06C,-1,N,2,1869,.759700566683156,12898,1151.01216400001,Agree a little,READ\AGREE\READING IS BORING,P_Choosing,.14961821712358,Proportion choosing option
2,3,ASBR06C,-1,N,2,1869,.759700566683156,12898,1151.01216400001,Agree a little,READ\AGREE\READING IS BORING,rbi_ReadJoy_pplus,-.425971867079817,R Biserial with ReadJoy_pplus
2,3,ASBR06C,-1,N,2,1869,.759700566683156,12898,1151.01216400001,Agree a little,READ\AGREE\READING IS BORING,CorrW_ReadJoy_pplus,.549045164669942,CORRW_READJOY_PPLUS
2,3,ASBR06C,-1,N,2,1869,.759700566683156,12898,1151.01216400001,Agree a little,READ\AGREE\READING IS BORING,rbi_asrrea01,-.00592354058891445,R Biserial with asrrea01
2,3,ASBR06C,-1,N,2,1869,.759700566683156,12898,1151.01216400001,Agree a little,READ\AGREE\READING IS BORING,CorrW_asrrea01,.184733231312322,CORRW_ASRREA01
2,3,ASBR06C,-1,N,3,2377,.759700566683156,12898,1151.01216400001,Disagree a little,READ\AGREE\READING IS BORING,P_Choosing,.201368977398828,Proportion choosing option
2,3,ASBR06C,-1,N,3,2377,.759700566683156,12898,1151.01216400001,Disagree a little,READ\AGREE\READING IS BORING,rbi_ReadJoy_pplus,-.237456442260994,R Biserial with ReadJoy_pplus
2,3,ASBR06C,-1,N,3,2377,.759700566683156,12898,1151.01216400001,Disagree a little,READ\AGREE\READING IS BORING,CorrW_ReadJoy_pplus,.549045164669942,CORRW_READJOY_PPLUS
2,3,ASBR06C,-1,N,3,2377,.759700566683156,12898,1151.01216400001,Disagree a little,READ\AGREE\READING IS BORING,rbi_asrrea01,.193225875342071,R Biserial with asrrea01
2,3,ASBR06C,-1,N,3,2377,.759700566683156,12898,1151.01216400001,Disagree a little,READ\AGREE\READING IS BORING,CorrW_asrrea01,.184733231312322,CORRW_ASRREA01
2,3,ASBR06C,-1,N,4,6565,.759700566683156,12898,1151.01216400001,Disagree a lot,READ\AGREE\READING IS BORING,P_Choosing,.482304566839215,Proportion choosing option
2,3,ASBR06C,-1,N,4,6565,.759700566683156,12898,1151.01216400001,Disagree a lot,READ\AGREE\READING IS BORING,rbi_ReadJoy_pplus,.693883966690703,R Biserial with ReadJoy_pplus
2,3,ASBR06C,-1,N,4,6565,.759700566683156,12898,1151.01216400001,Disagree a lot,READ\AGREE\READING IS BORING,CorrW_ReadJoy_pplus,.549045164669942,CORRW_READJOY_PPLUS
2,3,ASBR06C,-1,N,4,6565,.759700566683156,12898,1151.01216400001,Disagree a lot,READ\AGREE\READING IS BORING,rbi_asrrea01,.0983385567005523,R Biserial with asrrea01
2,3,ASBR06C,-1,N,4,6565,.759700566683156,12898,1151.01216400001,Disagree a lot,READ\AGREE\READING IS BORING,CorrW_asrrea01,.184733231312322,CORRW_ASRREA01
2,3,ASBR06C,-1,N,9,317,.759700566683156,12898,1151.01216400001,Omitted or invalid,READ\AGREE\READING IS BORING,P_Choosing,.0193900089963499,Proportion choosing option
2,3,ASBR06C,-1,N,9,317,.759700566683156,12898,1151.01216400001,Omitted or invalid,READ\AGREE\READING IS BORING,rbi_ReadJoy_pplus,.0497314287387479,R Biserial with ReadJoy_pplus
2,3,ASBR06C,-1,N,9,317,.759700566683156,12898,1151.01216400001,Omitted or invalid,READ\AGREE\READING IS BORING,CorrW_ReadJoy_pplus,.549045164669942,CORRW_READJOY_PPLUS
2,3,ASBR06C,-1,N,9,317,.759700566683156,12898,1151.01216400001,Omitted or invalid,READ\AGREE\READING IS BORING,rbi_asrrea01,-.247470952137111,R Biserial with asrrea01
2,3,ASBR06C,-1,N,9,317,.759700566683156,12898,1151.01216400001,Omitted or invalid,READ\AGREE\READING IS BORING,CorrW_asrrea01,.184733231312322,CORRW_ASRREA01
1,4,ASBR06D,-1,Y,1,7231,.79152672820657,13005,1172.15036200001,Agree a lot,READ\AGREE\MORE TIME FOR READING,P_Choosing,.493064397157,Proportion choosing option
1,4,ASBR06D,-1,Y,1,7231,.79152672820657,13005,1172.15036200001,Agree a lot,READ\AGREE\MORE TIME FOR READING,rbi_ReadJoy_pplus,.75947256360362,R Biserial with ReadJoy_pplus
1,4,ASBR06D,-1,Y,1,7231,.79152672820657,13005,1172.15036200001,Agree a lot,READ\AGREE\MORE TIME FOR READING,CorrW_ReadJoy_pplus,.74095012576224,CORRW_READJOY_PPLUS
1,4,ASBR06D,-1,Y,1,7231,.79152672820657,13005,1172.15036200001,Agree a lot,READ\AGREE\MORE TIME FOR READING,rbi_asrrea01,-.252395747051628,R Biserial with asrrea01
1,4,ASBR06D,-1,Y,1,7231,.79152672820657,13005,1172.15036200001,Agree a lot,READ\AGREE\MORE TIME FOR READING,CorrW_asrrea01,-.170408608989284,CORRW_ASRREA01
1,4,ASBR06D,-1,Y,2,3090,.79152672820657,13005,1172.15036200001,Agree a little,READ\AGREE\MORE TIME FOR READING,P_Choosing,.250419489900513,Proportion choosing option
1,4,ASBR06D,-1,Y,2,3090,.79152672820657,13005,1172.15036200001,Agree a little,READ\AGREE\MORE TIME FOR READING,rbi_ReadJoy_pplus,-.0733068207466134,R Biserial with ReadJoy_pplus
1,4,ASBR06D,-1,Y,2,3090,.79152672820657,13005,1172.15036200001,Agree a little,READ\AGREE\MORE TIME FOR READING,CorrW_ReadJoy_pplus,.74095012576224,CORRW_READJOY_PPLUS
1,4,ASBR06D,-1,Y,2,3090,.79152672820657,13005,1172.15036200001,Agree a little,READ\AGREE\MORE TIME FOR READING,rbi_asrrea01,.148703710103284,R Biserial with asrrea01
1,4,ASBR06D,-1,Y,2,3090,.79152672820657,13005,1172.15036200001,Agree a little,READ\AGREE\MORE TIME FOR READING,CorrW_asrrea01,-.170408608989284,CORRW_ASRREA01
1,4,ASBR06D,-1,Y,3,1737,.79152672820657,13005,1172.15036200001,Disagree a little,READ\AGREE\MORE TIME FOR READING,P_Choosing,.159523081715138,Proportion choosing option
1,4,ASBR06D,-1,Y,3,1737,.79152672820657,13005,1172.15036200001,Disagree a little,READ\AGREE\MORE TIME FOR READING,rbi_ReadJoy_pplus,-.551820231672598,R Biserial with ReadJoy_pplus
1,4,ASBR06D,-1,Y,3,1737,.79152672820657,13005,1172.15036200001,Disagree a little,READ\AGREE\MORE TIME FOR READING,CorrW_ReadJoy_pplus,.74095012576224,CORRW_READJOY_PPLUS
1,4,ASBR06D,-1,Y,3,1737,.79152672820657,13005,1172.15036200001,Disagree a little,READ\AGREE\MORE TIME FOR READING,rbi_asrrea01,.20157550138278,R Biserial with asrrea01
1,4,ASBR06D,-1,Y,3,1737,.79152672820657,13005,1172.15036200001,Disagree a little,READ\AGREE\MORE TIME FOR READING,CorrW_asrrea01,-.170408608989284,CORRW_ASRREA01
1,4,ASBR06D,-1,Y,4,947,.79152672820657,13005,1172.15036200001,Disagree a lot,READ\AGREE\MORE TIME FOR READING,P_Choosing,.0847352522221333,Proportion choosing option
1,4,ASBR06D,-1,Y,4,947,.79152672820657,13005,1172.15036200001,Disagree a lot,READ\AGREE\MORE TIME FOR READING,rbi_ReadJoy_pplus,-.921937613680498,R Biserial with ReadJoy_pplus
1,4,ASBR06D,-1,Y,4,947,.79152672820657,13005,1172.15036200001,Disagree a lot,READ\AGREE\MORE TIME FOR READING,CorrW_ReadJoy_pplus,.74095012576224,CORRW_READJOY_PPLUS
1,4,ASBR06D,-1,Y,4,947,.79152672820657,13005,1172.15036200001,Disagree a lot,READ\AGREE\MORE TIME FOR READING,rbi_asrrea01,.0510738383404084,R Biserial with asrrea01
1,4,ASBR06D,-1,Y,4,947,.79152672820657,13005,1172.15036200001,Disagree a lot,READ\AGREE\MORE TIME FOR READING,CorrW_asrrea01,-.170408608989284,CORRW_ASRREA01
1,4,ASBR06D,-1,Y,9,186,.79152672820657,13005,1172.15036200001,Omitted or invalid,READ\AGREE\MORE TIME FOR READING,P_Choosing,.0122577790052149,Proportion choosing option
1,4,ASBR06D,-1,Y,9,186,.79152672820657,13005,1172.15036200001,Omitted or invalid,READ\AGREE\MORE TIME FOR READING,rbi_ReadJoy_pplus,-.0784291149209035,R Biserial with ReadJoy_pplus
1,4,ASBR06D,-1,Y,9,186,.79152672820657,13005,1172.15036200001,Omitted or invalid,READ\AGREE\MORE TIME FOR READING,CorrW_ReadJoy_pplus,.74095012576224,CORRW_READJOY_PPLUS
1,4,ASBR06D,-1,Y,9,186,.79152672820657,13005,1172.15036200001,Omitted or invalid,READ\AGREE\MORE TIME FOR READING,rbi_asrrea01,-.10999462974136,R Biserial with asrrea01
1,4,ASBR06D,-1,Y,9,186,.79152672820657,13005,1172.15036200001,Omitted or invalid,READ\AGREE\MORE TIME FOR READING,CorrW_asrrea01,-.170408608989284,CORRW_ASRREA01
2,4,ASBR06D,-1,Y,1,5883,.724549144078458,13004,1157.67743100001,Agree a lot,READ\AGREE\MORE TIME FOR READING,P_Choosing,.388856274162704,Proportion choosing option
2,4,ASBR06D,-1,Y,1,5883,.724549144078458,13004,1157.67743100001,Agree a lot,READ\AGREE\MORE TIME FOR READING,rbi_ReadJoy_pplus,.751972888354744,R Biserial with ReadJoy_pplus
2,4,ASBR06D,-1,Y,1,5883,.724549144078458,13004,1157.67743100001,Agree a lot,READ\AGREE\MORE TIME FOR READING,CorrW_ReadJoy_pplus,.762437944443086,CORRW_READJOY_PPLUS
2,4,ASBR06D,-1,Y,1,5883,.724549144078458,13004,1157.67743100001,Agree a lot,READ\AGREE\MORE TIME FOR READING,rbi_asrrea01,-.318068071398236,R Biserial with asrrea01
2,4,ASBR06D,-1,Y,1,5883,.724549144078458,13004,1157.67743100001,Agree a lot,READ\AGREE\MORE TIME FOR READING,CorrW_asrrea01,-.230065577050806,CORRW_ASRREA01
2,4,ASBR06D,-1,Y,2,3280,.724549144078458,13004,1157.67743100001,Agree a little,READ\AGREE\MORE TIME FOR READING,P_Choosing,.25364648584896,Proportion choosing option
2,4,ASBR06D,-1,Y,2,3280,.724549144078458,13004,1157.67743100001,Agree a little,READ\AGREE\MORE TIME FOR READING,rbi_ReadJoy_pplus,.103329602600041,R Biserial with ReadJoy_pplus
2,4,ASBR06D,-1,Y,2,3280,.724549144078458,13004,1157.67743100001,Agree a little,READ\AGREE\MORE TIME FOR READING,CorrW_ReadJoy_pplus,.762437944443086,CORRW_READJOY_PPLUS
2,4,ASBR06D,-1,Y,2,3280,.724549144078458,13004,1157.67743100001,Agree a little,READ\AGREE\MORE TIME FOR READING,rbi_asrrea01,.102868391665662,R Biserial with asrrea01
2,4,ASBR06D,-1,Y,2,3280,.724549144078458,13004,1157.67743100001,Agree a little,READ\AGREE\MORE TIME FOR READING,CorrW_asrrea01,-.230065577050806,CORRW_ASRREA01
2,4,ASBR06D,-1,Y,3,2158,.724549144078458,13004,1157.67743100001,Disagree a little,READ\AGREE\MORE TIME FOR READING,P_Choosing,.197632230352319,Proportion choosing option
2,4,ASBR06D,-1,Y,3,2158,.724549144078458,13004,1157.67743100001,Disagree a little,READ\AGREE\MORE TIME FOR READING,rbi_ReadJoy_pplus,-.408477389188862,R Biserial with ReadJoy_pplus
2,4,ASBR06D,-1,Y,3,2158,.724549144078458,13004,1157.67743100001,Disagree a little,READ\AGREE\MORE TIME FOR READING,CorrW_ReadJoy_pplus,.762437944443086,CORRW_READJOY_PPLUS
2,4,ASBR06D,-1,Y,3,2158,.724549144078458,13004,1157.67743100001,Disagree a little,READ\AGREE\MORE TIME FOR READING,rbi_asrrea01,.250405575727072,R Biserial with asrrea01
2,4,ASBR06D,-1,Y,3,2158,.724549144078458,13004,1157.67743100001,Disagree a little,READ\AGREE\MORE TIME FOR READING,CorrW_asrrea01,-.230065577050806,CORRW_ASRREA01
2,4,ASBR06D,-1,Y,4,1683,.724549144078458,13004,1157.67743100001,Disagree a lot,READ\AGREE\MORE TIME FOR READING,P_Choosing,.145797682727578,Proportion choosing option
2,4,ASBR06D,-1,Y,4,1683,.724549144078458,13004,1157.67743100001,Disagree a lot,READ\AGREE\MORE TIME FOR READING,rbi_ReadJoy_pplus,-.90568060882582,R Biserial with ReadJoy_pplus
2,4,ASBR06D,-1,Y,4,1683,.724549144078458,13004,1157.67743100001,Disagree a lot,READ\AGREE\MORE TIME FOR READING,CorrW_ReadJoy_pplus,.762437944443086,CORRW_READJOY_PPLUS
2,4,ASBR06D,-1,Y,4,1683,.724549144078458,13004,1157.67743100001,Disagree a lot,READ\AGREE\MORE TIME FOR READING,rbi_asrrea01,.117985999072373,R Biserial with asrrea01
2,4,ASBR06D,-1,Y,4,1683,.724549144078458,13004,1157.67743100001,Disagree a lot,READ\AGREE\MORE TIME FOR READING,CorrW_asrrea01,-.230065577050806,CORRW_ASRREA01
2,4,ASBR06D,-1,Y,9,223,.724549144078458,13004,1157.67743100001,Omitted or invalid,READ\AGREE\MORE TIME FOR READING,P_Choosing,.0140673269084398,Proportion choosing option
2,4,ASBR06D,-1,Y,9,223,.724549144078458,13004,1157.67743100001,Omitted or invalid,READ\AGREE\MORE TIME FOR READING,rbi_ReadJoy_pplus,-.0177037937032936,R Biserial with ReadJoy_pplus
2,4,ASBR06D,-1,Y,9,223,.724549144078458,13004,1157.67743100001,Omitted or invalid,READ\AGREE\MORE TIME FOR READING,CorrW_ReadJoy_pplus,.762437944443086,CORRW_READJOY_PPLUS
2,4,ASBR06D,-1,Y,9,223,.724549144078458,13004,1157.67743100001,Omitted or invalid,READ\AGREE\MORE TIME FOR READING,rbi_asrrea01,-.212074478292887,R Biserial with asrrea01
2,4,ASBR06D,-1,Y,9,223,.724549144078458,13004,1157.67743100001,Omitted or invalid,READ\AGREE\MORE TIME FOR READING,CorrW_asrrea01,-.230065577050806,CORRW_ASRREA01
1,5,ASBR06E,-1,Y,1,9296,.876530219255229,13029,1172.51873800001,Agree a lot,READ\AGREE\ENJOY READING,P_Choosing,.658194645683964,Proportion choosing option
1,5,ASBR06E,-1,Y,1,9296,.876530219255229,13029,1172.51873800001,Agree a lot,READ\AGREE\ENJOY READING,rbi_ReadJoy_pplus,.89136087650926,R Biserial with ReadJoy_pplus
1,5,ASBR06E,-1,Y,1,9296,.876530219255229,13029,1172.51873800001,Agree a lot,READ\AGREE\ENJOY READING,CorrW_ReadJoy_pplus,.793785796674067,CORRW_READJOY_PPLUS
1,5,ASBR06E,-1,Y,1,9296,.876530219255229,13029,1172.51873800001,Agree a lot,READ\AGREE\ENJOY READING,rbi_asrrea01,-.018261550472753,R Biserial with asrrea01
1,5,ASBR06E,-1,Y,1,9296,.876530219255229,13029,1172.51873800001,Agree a lot,READ\AGREE\ENJOY READING,CorrW_asrrea01,-.0069202452232003,CORRW_ASRREA01
1,5,ASBR06E,-1,Y,2,2421,.876530219255229,13029,1172.51873800001,Agree a little,READ\AGREE\ENJOY READING,P_Choosing,.211399628187589,Proportion choosing option
1,5,ASBR06E,-1,Y,2,2421,.876530219255229,13029,1172.51873800001,Agree a little,READ\AGREE\ENJOY READING,rbi_ReadJoy_pplus,-.38331912599643,R Biserial with ReadJoy_pplus
1,5,ASBR06E,-1,Y,2,2421,.876530219255229,13029,1172.51873800001,Agree a little,READ\AGREE\ENJOY READING,CorrW_ReadJoy_pplus,.793785796674067,CORRW_READJOY_PPLUS
1,5,ASBR06E,-1,Y,2,2421,.876530219255229,13029,1172.51873800001,Agree a little,READ\AGREE\ENJOY READING,rbi_asrrea01,.0354367041669377,R Biserial with asrrea01
1,5,ASBR06E,-1,Y,2,2421,.876530219255229,13029,1172.51873800001,Agree a little,READ\AGREE\ENJOY READING,CorrW_asrrea01,-.0069202452232003,CORRW_ASRREA01
1,5,ASBR06E,-1,Y,3,864,.876530219255229,13029,1172.51873800001,Disagree a little,READ\AGREE\ENJOY READING,P_Choosing,.0792684126637246,Proportion choosing option
1,5,ASBR06E,-1,Y,3,864,.876530219255229,13029,1172.51873800001,Disagree a little,READ\AGREE\ENJOY READING,rbi_ReadJoy_pplus,-.773545269247271,R Biserial with ReadJoy_pplus
1,5,ASBR06E,-1,Y,3,864,.876530219255229,13029,1172.51873800001,Disagree a little,READ\AGREE\ENJOY READING,CorrW_ReadJoy_pplus,.793785796674067,CORRW_READJOY_PPLUS
1,5,ASBR06E,-1,Y,3,864,.876530219255229,13029,1172.51873800001,Disagree a little,READ\AGREE\ENJOY READING,rbi_asrrea01,.0416831047721557,R Biserial with asrrea01
1,5,ASBR06E,-1,Y,3,864,.876530219255229,13029,1172.51873800001,Disagree a little,READ\AGREE\ENJOY READING,CorrW_asrrea01,-.0069202452232003,CORRW_ASRREA01
1,5,ASBR06E,-1,Y,4,448,.876530219255229,13029,1172.51873800001,Disagree a lot,READ\AGREE\ENJOY READING,P_Choosing,.0393783950500858,Proportion choosing option
1,5,ASBR06E,-1,Y,4,448,.876530219255229,13029,1172.51873800001,Disagree a lot,READ\AGREE\ENJOY READING,rbi_ReadJoy_pplus,-1.13630746052398,R Biserial with ReadJoy_pplus
1,5,ASBR06E,-1,Y,4,448,.876530219255229,13029,1172.51873800001,Disagree a lot,READ\AGREE\ENJOY READING,CorrW_ReadJoy_pplus,.793785796674067,CORRW_READJOY_PPLUS
1,5,ASBR06E,-1,Y,4,448,.876530219255229,13029,1172.51873800001,Disagree a lot,READ\AGREE\ENJOY READING,rbi_asrrea01,-.0575901506532193,R Biserial with asrrea01
1,5,ASBR06E,-1,Y,4,448,.876530219255229,13029,1172.51873800001,Disagree a lot,READ\AGREE\ENJOY READING,CorrW_asrrea01,-.0069202452232003,CORRW_ASRREA01
1,5,ASBR06E,-1,Y,9,155,.876530219255229,13029,1172.51873800001,Omitted or invalid,READ\AGREE\ENJOY READING,P_Choosing,.0117589184146369,Proportion choosing option
1,5,ASBR06E,-1,Y,9,155,.876530219255229,13029,1172.51873800001,Omitted or invalid,READ\AGREE\ENJOY READING,rbi_ReadJoy_pplus,-.178401937964202,R Biserial with ReadJoy_pplus
1,5,ASBR06E,-1,Y,9,155,.876530219255229,13029,1172.51873800001,Omitted or invalid,READ\AGREE\ENJOY READING,CorrW_ReadJoy_pplus,.793785796674067,CORRW_READJOY_PPLUS
1,5,ASBR06E,-1,Y,9,155,.876530219255229,13029,1172.51873800001,Omitted or invalid,READ\AGREE\ENJOY READING,rbi_asrrea01,-.15647551071178,R Biserial with asrrea01
1,5,ASBR06E,-1,Y,9,155,.876530219255229,13029,1172.51873800001,Omitted or invalid,READ\AGREE\ENJOY READING,CorrW_asrrea01,-.0069202452232003,CORRW_ASRREA01
2,5,ASBR06E,-1,Y,1,7501,.81114652020107,12979,1154.87482800001,Agree a lot,READ\AGREE\ENJOY READING,P_Choosing,.522156266617538,Proportion choosing option
2,5,ASBR06E,-1,Y,1,7501,.81114652020107,12979,1154.87482800001,Agree a lot,READ\AGREE\ENJOY READING,rbi_ReadJoy_pplus,.846317755639424,R Biserial with ReadJoy_pplus
2,5,ASBR06E,-1,Y,1,7501,.81114652020107,12979,1154.87482800001,Agree a lot,READ\AGREE\ENJOY READING,CorrW_ReadJoy_pplus,.812903430030545,CORRW_READJOY_PPLUS
2,5,ASBR06E,-1,Y,1,7501,.81114652020107,12979,1154.87482800001,Agree a lot,READ\AGREE\ENJOY READING,rbi_asrrea01,-.127128900844122,R Biserial with asrrea01
2,5,ASBR06E,-1,Y,1,7501,.81114652020107,12979,1154.87482800001,Agree a lot,READ\AGREE\ENJOY READING,CorrW_asrrea01,-.0709124510109724,CORRW_ASRREA01
2,5,ASBR06E,-1,Y,2,3178,.81114652020107,12979,1154.87482800001,Agree a little,READ\AGREE\ENJOY READING,P_Choosing,.265772115652805,Proportion choosing option
2,5,ASBR06E,-1,Y,2,3178,.81114652020107,12979,1154.87482800001,Agree a little,READ\AGREE\ENJOY READING,rbi_ReadJoy_pplus,-.189154226964792,R Biserial with ReadJoy_pplus
2,5,ASBR06E,-1,Y,2,3178,.81114652020107,12979,1154.87482800001,Agree a little,READ\AGREE\ENJOY READING,CorrW_ReadJoy_pplus,.812903430030545,CORRW_READJOY_PPLUS
2,5,ASBR06E,-1,Y,2,3178,.81114652020107,12979,1154.87482800001,Agree a little,READ\AGREE\ENJOY READING,rbi_asrrea01,.117027113061365,R Biserial with asrrea01
2,5,ASBR06E,-1,Y,2,3178,.81114652020107,12979,1154.87482800001,Agree a little,READ\AGREE\ENJOY READING,CorrW_asrrea01,-.0709124510109724,CORRW_ASRREA01
2,5,ASBR06E,-1,Y,3,1257,.81114652020107,12979,1154.87482800001,Disagree a little,READ\AGREE\ENJOY READING,P_Choosing,.110360141446377,Proportion choosing option
2,5,ASBR06E,-1,Y,3,1257,.81114652020107,12979,1154.87482800001,Disagree a little,READ\AGREE\ENJOY READING,rbi_ReadJoy_pplus,-.563505331716314,R Biserial with ReadJoy_pplus
2,5,ASBR06E,-1,Y,3,1257,.81114652020107,12979,1154.87482800001,Disagree a little,READ\AGREE\ENJOY READING,CorrW_ReadJoy_pplus,.812903430030545,CORRW_READJOY_PPLUS
2,5,ASBR06E,-1,Y,3,1257,.81114652020107,12979,1154.87482800001,Disagree a little,READ\AGREE\ENJOY READING,rbi_asrrea01,.0918336969959962,R Biserial with asrrea01
2,5,ASBR06E,-1,Y,3,1257,.81114652020107,12979,1154.87482800001,Disagree a little,READ\AGREE\ENJOY READING,CorrW_asrrea01,-.0709124510109724,CORRW_ASRREA01
2,5,ASBR06E,-1,Y,4,1043,.81114652020107,12979,1154.87482800001,Disagree a lot,READ\AGREE\ENJOY READING,P_Choosing,.0855780303400222,Proportion choosing option
2,5,ASBR06E,-1,Y,4,1043,.81114652020107,12979,1154.87482800001,Disagree a lot,READ\AGREE\ENJOY READING,rbi_ReadJoy_pplus,-1.05319203329624,R Biserial with ReadJoy_pplus
2,5,ASBR06E,-1,Y,4,1043,.81114652020107,12979,1154.87482800001,Disagree a lot,READ\AGREE\ENJOY READING,CorrW_ReadJoy_pplus,.812903430030545,CORRW_READJOY_PPLUS
2,5,ASBR06E,-1,Y,4,1043,.81114652020107,12979,1154.87482800001,Disagree a lot,READ\AGREE\ENJOY READING,rbi_asrrea01,-.00613111410187504,R Biserial with asrrea01
2,5,ASBR06E,-1,Y,4,1043,.81114652020107,12979,1154.87482800001,Disagree a lot,READ\AGREE\ENJOY READING,CorrW_asrrea01,-.0709124510109724,CORRW_ASRREA01
2,5,ASBR06E,-1,Y,9,239,.81114652020107,12979,1154.87482800001,Omitted or invalid,READ\AGREE\ENJOY READING,P_Choosing,.0161334459432578,Proportion choosing option
2,5,ASBR06E,-1,Y,9,239,.81114652020107,12979,1154.87482800001,Omitted or invalid,READ\AGREE\ENJOY READING,rbi_ReadJoy_pplus,-.102580332960835,R Biserial with ReadJoy_pplus
2,5,ASBR06E,-1,Y,9,239,.81114652020107,12979,1154.87482800001,Omitted or invalid,READ\AGREE\ENJOY READING,CorrW_ReadJoy_pplus,.812903430030545,CORRW_READJOY_PPLUS
2,5,ASBR06E,-1,Y,9,239,.81114652020107,12979,1154.87482800001,Omitted or invalid,READ\AGREE\ENJOY READING,rbi_asrrea01,-.101675087470768,R Biserial with asrrea01
2,5,ASBR06E,-1,Y,9,239,.81114652020107,12979,1154.87482800001,Omitted or invalid,READ\AGREE\ENJOY READING,CorrW_asrrea01,-.0709124510109724,CORRW_ASRREA01
1,6,ASBR06F,-1,Y,1,9079,.883362735835745,12991,1171.68598500001,Agree a lot,READ\AGREE\LEARN A LOT FROM READING,P_Choosing,.650375032008545,Proportion choosing option
1,6,ASBR06F,-1,Y,1,9079,.883362735835745,12991,1171.68598500001,Agree a lot,READ\AGREE\LEARN A LOT FROM READING,rbi_ReadJoy_pplus,.775583383318176,R Biserial with ReadJoy_pplus
1,6,ASBR06F,-1,Y,1,9079,.883362735835745,12991,1171.68598500001,Agree a lot,READ\AGREE\LEARN A LOT FROM READING,CorrW_ReadJoy_pplus,.686458804567864,CORRW_READJOY_PPLUS
1,6,ASBR06F,-1,Y,1,9079,.883362735835745,12991,1171.68598500001,Agree a lot,READ\AGREE\LEARN A LOT FROM READING,rbi_asrrea01,-.20033525584506,R Biserial with asrrea01
1,6,ASBR06F,-1,Y,1,9079,.883362735835745,12991,1171.68598500001,Agree a lot,READ\AGREE\LEARN A LOT FROM READING,CorrW_asrrea01,-.136958451483756,CORRW_ASRREA01
1,6,ASBR06F,-1,Y,2,2773,.883362735835745,12991,1171.68598500001,Agree a little,READ\AGREE\LEARN A LOT FROM READING,P_Choosing,.236191243702823,Proportion choosing option
1,6,ASBR06F,-1,Y,2,2773,.883362735835745,12991,1171.68598500001,Agree a little,READ\AGREE\LEARN A LOT FROM READING,rbi_ReadJoy_pplus,-.391897100832912,R Biserial with ReadJoy_pplus
1,6,ASBR06F,-1,Y,2,2773,.883362735835745,12991,1171.68598500001,Agree a little,READ\AGREE\LEARN A LOT FROM READING,CorrW_ReadJoy_pplus,.686458804567864,CORRW_READJOY_PPLUS
1,6,ASBR06F,-1,Y,2,2773,.883362735835745,12991,1171.68598500001,Agree a little,READ\AGREE\LEARN A LOT FROM READING,rbi_asrrea01,.181291331337263,R Biserial with asrrea01
1,6,ASBR06F,-1,Y,2,2773,.883362735835745,12991,1171.68598500001,Agree a little,READ\AGREE\LEARN A LOT FROM READING,CorrW_asrrea01,-.136958451483756,CORRW_ASRREA01
1,6,ASBR06F,-1,Y,3,863,.883362735835745,12991,1171.68598500001,Disagree a little,READ\AGREE\LEARN A LOT FROM READING,P_Choosing,.0783540694312216,Proportion choosing option
1,6,ASBR06F,-1,Y,3,863,.883362735835745,12991,1171.68598500001,Disagree a little,READ\AGREE\LEARN A LOT FROM READING,rbi_ReadJoy_pplus,-.699019632978481,R Biserial with ReadJoy_pplus
1,6,ASBR06F,-1,Y,3,863,.883362735835745,12991,1171.68598500001,Disagree a little,READ\AGREE\LEARN A LOT FROM READING,CorrW_ReadJoy_pplus,.686458804567864,CORRW_READJOY_PPLUS
1,6,ASBR06F,-1,Y,3,863,.883362735835745,12991,1171.68598500001,Disagree a little,READ\AGREE\LEARN A LOT FROM READING,rbi_asrrea01,.17870140466278,R Biserial with asrrea01
1,6,ASBR06F,-1,Y,3,863,.883362735835745,12991,1171.68598500001,Disagree a little,READ\AGREE\LEARN A LOT FROM READING,CorrW_asrrea01,-.136958451483756,CORRW_ASRREA01
1,6,ASBR06F,-1,Y,4,276,.883362735835745,12991,1171.68598500001,Disagree a lot,READ\AGREE\LEARN A LOT FROM READING,P_Choosing,.0226107769565044,Proportion choosing option
1,6,ASBR06F,-1,Y,4,276,.883362735835745,12991,1171.68598500001,Disagree a lot,READ\AGREE\LEARN A LOT FROM READING,rbi_ReadJoy_pplus,-1.05725537420736,R Biserial with ReadJoy_pplus
1,6,ASBR06F,-1,Y,4,276,.883362735835745,12991,1171.68598500001,Disagree a lot,READ\AGREE\LEARN A LOT FROM READING,CorrW_ReadJoy_pplus,.686458804567864,CORRW_READJOY_PPLUS
1,6,ASBR06F,-1,Y,4,276,.883362735835745,12991,1171.68598500001,Disagree a lot,READ\AGREE\LEARN A LOT FROM READING,rbi_asrrea01,-.0379306132050674,R Biserial with asrrea01
1,6,ASBR06F,-1,Y,4,276,.883362735835745,12991,1171.68598500001,Disagree a lot,READ\AGREE\LEARN A LOT FROM READING,CorrW_asrrea01,-.136958451483756,CORRW_ASRREA01
1,6,ASBR06F,-1,Y,9,194,.883362735835745,12991,1171.68598500001,Omitted or invalid,READ\AGREE\LEARN A LOT FROM READING,P_Choosing,.0124688779009063,Proportion choosing option
1,6,ASBR06F,-1,Y,9,194,.883362735835745,12991,1171.68598500001,Omitted or invalid,READ\AGREE\LEARN A LOT FROM READING,rbi_ReadJoy_pplus,-.226432942518137,R Biserial with ReadJoy_pplus
1,6,ASBR06F,-1,Y,9,194,.883362735835745,12991,1171.68598500001,Omitted or invalid,READ\AGREE\LEARN A LOT FROM READING,CorrW_ReadJoy_pplus,.686458804567864,CORRW_READJOY_PPLUS
1,6,ASBR06F,-1,Y,9,194,.883362735835745,12991,1171.68598500001,Omitted or invalid,READ\AGREE\LEARN A LOT FROM READING,rbi_asrrea01,-.179825058638372,R Biserial with asrrea01
1,6,ASBR06F,-1,Y,9,194,.883362735835745,12991,1171.68598500001,Omitted or invalid,READ\AGREE\LEARN A LOT FROM READING,CorrW_asrrea01,-.136958451483756,CORRW_ASRREA01
2,6,ASBR06F,-1,Y,1,7972,.844968139924795,12979,1154.94203200001,Agree a lot,READ\AGREE\LEARN A LOT FROM READING,P_Choosing,.564507321395526,Proportion choosing option
2,6,ASBR06F,-1,Y,1,7972,.844968139924795,12979,1154.94203200001,Agree a lot,READ\AGREE\LEARN A LOT FROM READING,rbi_ReadJoy_pplus,.760418574021228,R Biserial with ReadJoy_pplus
2,6,ASBR06F,-1,Y,1,7972,.844968139924795,12979,1154.94203200001,Agree a lot,READ\AGREE\LEARN A LOT FROM READING,CorrW_ReadJoy_pplus,.702033212077919,CORRW_READJOY_PPLUS
2,6,ASBR06F,-1,Y,1,7972,.844968139924795,12979,1154.94203200001,Agree a lot,READ\AGREE\LEARN A LOT FROM READING,rbi_asrrea01,-.19210045846616,R Biserial with asrrea01
2,6,ASBR06F,-1,Y,1,7972,.844968139924795,12979,1154.94203200001,Agree a lot,READ\AGREE\LEARN A LOT FROM READING,CorrW_asrrea01,-.112068238432034,CORRW_ASRREA01
2,6,ASBR06F,-1,Y,2,3262,.844968139924795,12979,1154.94203200001,Agree a little,READ\AGREE\LEARN A LOT FROM READING,P_Choosing,.273085984842328,Proportion choosing option
2,6,ASBR06F,-1,Y,2,3262,.844968139924795,12979,1154.94203200001,Agree a little,READ\AGREE\LEARN A LOT FROM READING,rbi_ReadJoy_pplus,-.294512560372839,R Biserial with ReadJoy_pplus
2,6,ASBR06F,-1,Y,2,3262,.844968139924795,12979,1154.94203200001,Agree a little,READ\AGREE\LEARN A LOT FROM READING,CorrW_ReadJoy_pplus,.702033212077919,CORRW_READJOY_PPLUS
2,6,ASBR06F,-1,Y,2,3262,.844968139924795,12979,1154.94203200001,Agree a little,READ\AGREE\LEARN A LOT FROM READING,rbi_asrrea01,.18677340562549,R Biserial with asrrea01
2,6,ASBR06F,-1,Y,2,3262,.844968139924795,12979,1154.94203200001,Agree a little,READ\AGREE\LEARN A LOT FROM READING,CorrW_asrrea01,-.112068238432034,CORRW_ASRREA01
2,6,ASBR06F,-1,Y,3,1191,.844968139924795,12979,1154.94203200001,Disagree a little,READ\AGREE\LEARN A LOT FROM READING,P_Choosing,.101907850340286,Proportion choosing option
2,6,ASBR06F,-1,Y,3,1191,.844968139924795,12979,1154.94203200001,Disagree a little,READ\AGREE\LEARN A LOT FROM READING,rbi_ReadJoy_pplus,-.594631467334209,R Biserial with ReadJoy_pplus
2,6,ASBR06F,-1,Y,3,1191,.844968139924795,12979,1154.94203200001,Disagree a little,READ\AGREE\LEARN A LOT FROM READING,CorrW_ReadJoy_pplus,.702033212077919,CORRW_READJOY_PPLUS
2,6,ASBR06F,-1,Y,3,1191,.844968139924795,12979,1154.94203200001,Disagree a little,READ\AGREE\LEARN A LOT FROM READING,rbi_asrrea01,.115913543152273,R Biserial with asrrea01
2,6,ASBR06F,-1,Y,3,1191,.844968139924795,12979,1154.94203200001,Disagree a little,READ\AGREE\LEARN A LOT FROM READING,CorrW_asrrea01,-.112068238432034,CORRW_ASRREA01
2,6,ASBR06F,-1,Y,4,554,.844968139924795,12979,1154.94203200001,Disagree a lot,READ\AGREE\LEARN A LOT FROM READING,P_Choosing,.0444178245741583,Proportion choosing option
2,6,ASBR06F,-1,Y,4,554,.844968139924795,12979,1154.94203200001,Disagree a lot,READ\AGREE\LEARN A LOT FROM READING,rbi_ReadJoy_pplus,-.961067952887759,R Biserial with ReadJoy_pplus
2,6,ASBR06F,-1,Y,4,554,.844968139924795,12979,1154.94203200001,Disagree a lot,READ\AGREE\LEARN A LOT FROM READING,CorrW_ReadJoy_pplus,.702033212077919,CORRW_READJOY_PPLUS
2,6,ASBR06F,-1,Y,4,554,.844968139924795,12979,1154.94203200001,Disagree a lot,READ\AGREE\LEARN A LOT FROM READING,rbi_asrrea01,-.0277981385957714,R Biserial with asrrea01
2,6,ASBR06F,-1,Y,4,554,.844968139924795,12979,1154.94203200001,Disagree a lot,READ\AGREE\LEARN A LOT FROM READING,CorrW_asrrea01,-.112068238432034,CORRW_ASRREA01
2,6,ASBR06F,-1,Y,9,240,.844968139924795,12979,1154.94203200001,Omitted or invalid,READ\AGREE\LEARN A LOT FROM READING,P_Choosing,.016081018847701,Proportion choosing option
2,6,ASBR06F,-1,Y,9,240,.844968139924795,12979,1154.94203200001,Omitted or invalid,READ\AGREE\LEARN A LOT FROM READING,rbi_ReadJoy_pplus,-.136957020057901,R Biserial with ReadJoy_pplus
2,6,ASBR06F,-1,Y,9,240,.844968139924795,12979,1154.94203200001,Omitted or invalid,READ\AGREE\LEARN A LOT FROM READING,CorrW_ReadJoy_pplus,.702033212077919,CORRW_READJOY_PPLUS
2,6,ASBR06F,-1,Y,9,240,.844968139924795,12979,1154.94203200001,Omitted or invalid,READ\AGREE\LEARN A LOT FROM READING,rbi_asrrea01,-.111708439737348,R Biserial with asrrea01
2,6,ASBR06F,-1,Y,9,240,.844968139924795,12979,1154.94203200001,Omitted or invalid,READ\AGREE\LEARN A LOT FROM READING,CorrW_asrrea01,-.112068238432034,CORRW_ASRREA01
1,7,ASBR06G,-1,Y,1,8443,.854174521915663,13057,1176.03422600001,Agree a lot,READ\AGREE\LIKE READ THINGS MAKE THINK,P_Choosing,.598976532862672,Proportion choosing option
1,7,ASBR06G,-1,Y,1,8443,.854174521915663,13057,1176.03422600001,Agree a lot,READ\AGREE\LIKE READ THINGS MAKE THINK,rbi_ReadJoy_pplus,.748944416531128,R Biserial with ReadJoy_pplus
1,7,ASBR06G,-1,Y,1,8443,.854174521915663,13057,1176.03422600001,Agree a lot,READ\AGREE\LIKE READ THINGS MAKE THINK,CorrW_ReadJoy_pplus,.696871147214069,CORRW_READJOY_PPLUS
1,7,ASBR06G,-1,Y,1,8443,.854174521915663,13057,1176.03422600001,Agree a lot,READ\AGREE\LIKE READ THINGS MAKE THINK,rbi_asrrea01,-.1411168822686,R Biserial with asrrea01
1,7,ASBR06G,-1,Y,1,8443,.854174521915663,13057,1176.03422600001,Agree a lot,READ\AGREE\LIKE READ THINGS MAKE THINK,CorrW_asrrea01,-.102497086063378,CORRW_ASRREA01
1,7,ASBR06G,-1,Y,2,2987,.854174521915663,13057,1176.03422600001,Agree a little,READ\AGREE\LIKE READ THINGS MAKE THINK,P_Choosing,.252794894938809,Proportion choosing option
1,7,ASBR06G,-1,Y,2,2987,.854174521915663,13057,1176.03422600001,Agree a little,READ\AGREE\LIKE READ THINGS MAKE THINK,rbi_ReadJoy_pplus,-.26810535497908,R Biserial with ReadJoy_pplus
1,7,ASBR06G,-1,Y,2,2987,.854174521915663,13057,1176.03422600001,Agree a little,READ\AGREE\LIKE READ THINGS MAKE THINK,CorrW_ReadJoy_pplus,.696871147214069,CORRW_READJOY_PPLUS
1,7,ASBR06G,-1,Y,2,2987,.854174521915663,13057,1176.03422600001,Agree a little,READ\AGREE\LIKE READ THINGS MAKE THINK,rbi_asrrea01,.112385115289923,R Biserial with asrrea01
1,7,ASBR06G,-1,Y,2,2987,.854174521915663,13057,1176.03422600001,Agree a little,READ\AGREE\LIKE READ THINGS MAKE THINK,CorrW_asrrea01,-.102497086063378,CORRW_ASRREA01
1,7,ASBR06G,-1,Y,3,1084,.854174521915663,13057,1176.03422600001,Disagree a little,READ\AGREE\LIKE READ THINGS MAKE THINK,P_Choosing,.0927117148799056,Proportion choosing option
1,7,ASBR06G,-1,Y,3,1084,.854174521915663,13057,1176.03422600001,Disagree a little,READ\AGREE\LIKE READ THINGS MAKE THINK,rbi_ReadJoy_pplus,-.637821407976207,R Biserial with ReadJoy_pplus
1,7,ASBR06G,-1,Y,3,1084,.854174521915663,13057,1176.03422600001,Disagree a little,READ\AGREE\LIKE READ THINGS MAKE THINK,CorrW_ReadJoy_pplus,.696871147214069,CORRW_READJOY_PPLUS
1,7,ASBR06G,-1,Y,3,1084,.854174521915663,13057,1176.03422600001,Disagree a little,READ\AGREE\LIKE READ THINGS MAKE THINK,rbi_asrrea01,.12446365725481,R Biserial with asrrea01
1,7,ASBR06G,-1,Y,3,1084,.854174521915663,13057,1176.03422600001,Disagree a little,READ\AGREE\LIKE READ THINGS MAKE THINK,CorrW_asrrea01,-.102497086063378,CORRW_ASRREA01
1,7,ASBR06G,-1,Y,4,543,.854174521915663,13057,1176.03422600001,Disagree a lot,READ\AGREE\LIKE READ THINGS MAKE THINK,P_Choosing,.0466340827483524,Proportion choosing option
1,7,ASBR06G,-1,Y,4,543,.854174521915663,13057,1176.03422600001,Disagree a lot,READ\AGREE\LIKE READ THINGS MAKE THINK,rbi_ReadJoy_pplus,-.965607397967041,R Biserial with ReadJoy_pplus
1,7,ASBR06G,-1,Y,4,543,.854174521915663,13057,1176.03422600001,Disagree a lot,READ\AGREE\LIKE READ THINGS MAKE THINK,CorrW_ReadJoy_pplus,.696871147214069,CORRW_READJOY_PPLUS
1,7,ASBR06G,-1,Y,4,543,.854174521915663,13057,1176.03422600001,Disagree a lot,READ\AGREE\LIKE READ THINGS MAKE THINK,rbi_asrrea01,.0389545094665394,R Biserial with asrrea01
1,7,ASBR06G,-1,Y,4,543,.854174521915663,13057,1176.03422600001,Disagree a lot,READ\AGREE\LIKE READ THINGS MAKE THINK,CorrW_asrrea01,-.102497086063378,CORRW_ASRREA01
1,7,ASBR06G,-1,Y,9,131,.854174521915663,13057,1176.03422600001,Omitted or invalid,READ\AGREE\LIKE READ THINGS MAKE THINK,P_Choosing,.00888277457026127,Proportion choosing option
1,7,ASBR06G,-1,Y,9,131,.854174521915663,13057,1176.03422600001,Omitted or invalid,READ\AGREE\LIKE READ THINGS MAKE THINK,rbi_ReadJoy_pplus, ,R Biserial with ReadJoy_pplus
1,7,ASBR06G,-1,Y,9,131,.854174521915663,13057,1176.03422600001,Omitted or invalid,READ\AGREE\LIKE READ THINGS MAKE THINK,CorrW_ReadJoy_pplus,.696871147214069,CORRW_READJOY_PPLUS
1,7,ASBR06G,-1,Y,9,131,.854174521915663,13057,1176.03422600001,Omitted or invalid,READ\AGREE\LIKE READ THINGS MAKE THINK,rbi_asrrea01, ,R Biserial with asrrea01
1,7,ASBR06G,-1,Y,9,131,.854174521915663,13057,1176.03422600001,Omitted or invalid,READ\AGREE\LIKE READ THINGS MAKE THINK,CorrW_asrrea01,-.102497086063378,CORRW_ASRREA01
2,7,ASBR06G,-1,Y,1,7715,.824389289409823,13061,1162.49605200001,Agree a lot,READ\AGREE\LIKE READ THINGS MAKE THINK,P_Choosing,.549708782726515,Proportion choosing option
2,7,ASBR06G,-1,Y,1,7715,.824389289409823,13061,1162.49605200001,Agree a lot,READ\AGREE\LIKE READ THINGS MAKE THINK,rbi_ReadJoy_pplus,.767164850670073,R Biserial with ReadJoy_pplus
2,7,ASBR06G,-1,Y,1,7715,.824389289409823,13061,1162.49605200001,Agree a lot,READ\AGREE\LIKE READ THINGS MAKE THINK,CorrW_ReadJoy_pplus,.728526424389037,CORRW_READJOY_PPLUS
2,7,ASBR06G,-1,Y,1,7715,.824389289409823,13061,1162.49605200001,Agree a lot,READ\AGREE\LIKE READ THINGS MAKE THINK,rbi_asrrea01,-.150768307891119,R Biserial with asrrea01
2,7,ASBR06G,-1,Y,1,7715,.824389289409823,13061,1162.49605200001,Agree a lot,READ\AGREE\LIKE READ THINGS MAKE THINK,CorrW_asrrea01,-.104852693425075,CORRW_ASRREA01
2,7,ASBR06G,-1,Y,2,3172,.824389289409823,13061,1162.49605200001,Agree a little,READ\AGREE\LIKE READ THINGS MAKE THINK,P_Choosing,.258041512561529,Proportion choosing option
2,7,ASBR06G,-1,Y,2,3172,.824389289409823,13061,1162.49605200001,Agree a little,READ\AGREE\LIKE READ THINGS MAKE THINK,rbi_ReadJoy_pplus,-.200553513055102,R Biserial with ReadJoy_pplus
2,7,ASBR06G,-1,Y,2,3172,.824389289409823,13061,1162.49605200001,Agree a little,READ\AGREE\LIKE READ THINGS MAKE THINK,CorrW_ReadJoy_pplus,.728526424389037,CORRW_READJOY_PPLUS
2,7,ASBR06G,-1,Y,2,3172,.824389289409823,13061,1162.49605200001,Agree a little,READ\AGREE\LIKE READ THINGS MAKE THINK,rbi_asrrea01,.125477982747133,R Biserial with asrrea01
2,7,ASBR06G,-1,Y,2,3172,.824389289409823,13061,1162.49605200001,Agree a little,READ\AGREE\LIKE READ THINGS MAKE THINK,CorrW_asrrea01,-.104852693425075,CORRW_ASRREA01
2,7,ASBR06G,-1,Y,3,1295,.824389289409823,13061,1162.49605200001,Disagree a little,READ\AGREE\LIKE READ THINGS MAKE THINK,P_Choosing,.109589182080917,Proportion choosing option
2,7,ASBR06G,-1,Y,3,1295,.824389289409823,13061,1162.49605200001,Disagree a little,READ\AGREE\LIKE READ THINGS MAKE THINK,rbi_ReadJoy_pplus,-.557924412505616,R Biserial with ReadJoy_pplus
2,7,ASBR06G,-1,Y,3,1295,.824389289409823,13061,1162.49605200001,Disagree a little,READ\AGREE\LIKE READ THINGS MAKE THINK,CorrW_ReadJoy_pplus,.728526424389037,CORRW_READJOY_PPLUS
2,7,ASBR06G,-1,Y,3,1295,.824389289409823,13061,1162.49605200001,Disagree a little,READ\AGREE\LIKE READ THINGS MAKE THINK,rbi_asrrea01,.105403232910378,R Biserial with asrrea01
2,7,ASBR06G,-1,Y,3,1295,.824389289409823,13061,1162.49605200001,Disagree a little,READ\AGREE\LIKE READ THINGS MAKE THINK,CorrW_asrrea01,-.104852693425075,CORRW_ASRREA01
2,7,ASBR06G,-1,Y,4,879,.824389289409823,13061,1162.49605200001,Disagree a lot,READ\AGREE\LIKE READ THINGS MAKE THINK,P_Choosing,.0727549574179679,Proportion choosing option
2,7,ASBR06G,-1,Y,4,879,.824389289409823,13061,1162.49605200001,Disagree a lot,READ\AGREE\LIKE READ THINGS MAKE THINK,rbi_ReadJoy_pplus,-.960675230057754,R Biserial with ReadJoy_pplus
2,7,ASBR06G,-1,Y,4,879,.824389289409823,13061,1162.49605200001,Disagree a lot,READ\AGREE\LIKE READ THINGS MAKE THINK,CorrW_ReadJoy_pplus,.728526424389037,CORRW_READJOY_PPLUS
2,7,ASBR06G,-1,Y,4,879,.824389289409823,13061,1162.49605200001,Disagree a lot,READ\AGREE\LIKE READ THINGS MAKE THINK,rbi_asrrea01,.0531258671470645,R Biserial with asrrea01
2,7,ASBR06G,-1,Y,4,879,.824389289409823,13061,1162.49605200001,Disagree a lot,READ\AGREE\LIKE READ THINGS MAKE THINK,CorrW_asrrea01,-.104852693425075,CORRW_ASRREA01
2,7,ASBR06G,-1,Y,9,165,.824389289409823,13061,1162.49605200001,Omitted or invalid,READ\AGREE\LIKE READ THINGS MAKE THINK,P_Choosing,.00990556521307123,Proportion choosing option
2,7,ASBR06G,-1,Y,9,165,.824389289409823,13061,1162.49605200001,Omitted or invalid,READ\AGREE\LIKE READ THINGS MAKE THINK,rbi_ReadJoy_pplus, ,R Biserial with ReadJoy_pplus
2,7,ASBR06G,-1,Y,9,165,.824389289409823,13061,1162.49605200001,Omitted or invalid,READ\AGREE\LIKE READ THINGS MAKE THINK,CorrW_ReadJoy_pplus,.728526424389037,CORRW_READJOY_PPLUS
2,7,ASBR06G,-1,Y,9,165,.824389289409823,13061,1162.49605200001,Omitted or invalid,READ\AGREE\LIKE READ THINGS MAKE THINK,rbi_asrrea01, ,R Biserial with asrrea01
2,7,ASBR06G,-1,Y,9,165,.824389289409823,13061,1162.49605200001,Omitted or invalid,READ\AGREE\LIKE READ THINGS MAKE THINK,CorrW_asrrea01,-.104852693425075,CORRW_ASRREA01
1,8,ASBR06H,-1,Y,1,9564,.892185682484094,13098,1179.70683700001,Agree a lot,READ\AGREE\BOOK HELPS IMAGE OTHER WORLDS,P_Choosing,.707892082370212,Proportion choosing option
1,8,ASBR06H,-1,Y,1,9564,.892185682484094,13098,1179.70683700001,Agree a lot,READ\AGREE\BOOK HELPS IMAGE OTHER WORLDS,rbi_ReadJoy_pplus,.724085245692523,R Biserial with ReadJoy_pplus
1,8,ASBR06H,-1,Y,1,9564,.892185682484094,13098,1179.70683700001,Agree a lot,READ\AGREE\BOOK HELPS IMAGE OTHER WORLDS,CorrW_ReadJoy_pplus,.613329366174748,CORRW_READJOY_PPLUS
1,8,ASBR06H,-1,Y,1,9564,.892185682484094,13098,1179.70683700001,Agree a lot,READ\AGREE\BOOK HELPS IMAGE OTHER WORLDS,rbi_asrrea01,.106991733271756,R Biserial with asrrea01
1,8,ASBR06H,-1,Y,1,9564,.892185682484094,13098,1179.70683700001,Agree a lot,READ\AGREE\BOOK HELPS IMAGE OTHER WORLDS,CorrW_asrrea01,.0925684370525295,CORRW_ASRREA01
1,8,ASBR06H,-1,Y,2,2319,.892185682484094,13098,1179.70683700001,Agree a little,READ\AGREE\BOOK HELPS IMAGE OTHER WORLDS,P_Choosing,.183663137616323,Proportion choosing option
1,8,ASBR06H,-1,Y,2,2319,.892185682484094,13098,1179.70683700001,Agree a little,READ\AGREE\BOOK HELPS IMAGE OTHER WORLDS,rbi_ReadJoy_pplus,-.350281520656389,R Biserial with ReadJoy_pplus
1,8,ASBR06H,-1,Y,2,2319,.892185682484094,13098,1179.70683700001,Agree a little,READ\AGREE\BOOK HELPS IMAGE OTHER WORLDS,CorrW_ReadJoy_pplus,.613329366174748,CORRW_READJOY_PPLUS
1,8,ASBR06H,-1,Y,2,2319,.892185682484094,13098,1179.70683700001,Agree a little,READ\AGREE\BOOK HELPS IMAGE OTHER WORLDS,rbi_asrrea01,-.0319686825723543,R Biserial with asrrea01
1,8,ASBR06H,-1,Y,2,2319,.892185682484094,13098,1179.70683700001,Agree a little,READ\AGREE\BOOK HELPS IMAGE OTHER WORLDS,CorrW_asrrea01,.0925684370525295,CORRW_ASRREA01
1,8,ASBR06H,-1,Y,3,727,.892185682484094,13098,1179.70683700001,Disagree a little,READ\AGREE\BOOK HELPS IMAGE OTHER WORLDS,P_Choosing,.0628320503345036,Proportion choosing option
1,8,ASBR06H,-1,Y,3,727,.892185682484094,13098,1179.70683700001,Disagree a little,READ\AGREE\BOOK HELPS IMAGE OTHER WORLDS,rbi_ReadJoy_pplus,-.634014494208982,R Biserial with ReadJoy_pplus
1,8,ASBR06H,-1,Y,3,727,.892185682484094,13098,1179.70683700001,Disagree a little,READ\AGREE\BOOK HELPS IMAGE OTHER WORLDS,CorrW_ReadJoy_pplus,.613329366174748,CORRW_READJOY_PPLUS
1,8,ASBR06H,-1,Y,3,727,.892185682484094,13098,1179.70683700001,Disagree a little,READ\AGREE\BOOK HELPS IMAGE OTHER WORLDS,rbi_asrrea01,-.0728590978369873,R Biserial with asrrea01
1,8,ASBR06H,-1,Y,3,727,.892185682484094,13098,1179.70683700001,Disagree a little,READ\AGREE\BOOK HELPS IMAGE OTHER WORLDS,CorrW_asrrea01,.0925684370525295,CORRW_ASRREA01
1,8,ASBR06H,-1,Y,4,488,.892185682484094,13098,1179.70683700001,Disagree a lot,READ\AGREE\BOOK HELPS IMAGE OTHER WORLDS,P_Choosing,.0398090510602888,Proportion choosing option
1,8,ASBR06H,-1,Y,4,488,.892185682484094,13098,1179.70683700001,Disagree a lot,READ\AGREE\BOOK HELPS IMAGE OTHER WORLDS,rbi_ReadJoy_pplus,-.875981069152073,R Biserial with ReadJoy_pplus
1,8,ASBR06H,-1,Y,4,488,.892185682484094,13098,1179.70683700001,Disagree a lot,READ\AGREE\BOOK HELPS IMAGE OTHER WORLDS,CorrW_ReadJoy_pplus,.613329366174748,CORRW_READJOY_PPLUS
1,8,ASBR06H,-1,Y,4,488,.892185682484094,13098,1179.70683700001,Disagree a lot,READ\AGREE\BOOK HELPS IMAGE OTHER WORLDS,rbi_asrrea01,-.167384283235453,R Biserial with asrrea01
1,8,ASBR06H,-1,Y,4,488,.892185682484094,13098,1179.70683700001,Disagree a lot,READ\AGREE\BOOK HELPS IMAGE OTHER WORLDS,CorrW_asrrea01,.0925684370525295,CORRW_ASRREA01
1,8,ASBR06H,-1,Y,9,91,.892185682484094,13098,1179.70683700001,Omitted or invalid,READ\AGREE\BOOK HELPS IMAGE OTHER WORLDS,P_Choosing,.00580367861867268,Proportion choosing option
1,8,ASBR06H,-1,Y,9,91,.892185682484094,13098,1179.70683700001,Omitted or invalid,READ\AGREE\BOOK HELPS IMAGE OTHER WORLDS,rbi_ReadJoy_pplus, ,R Biserial with ReadJoy_pplus
1,8,ASBR06H,-1,Y,9,91,.892185682484094,13098,1179.70683700001,Omitted or invalid,READ\AGREE\BOOK HELPS IMAGE OTHER WORLDS,CorrW_ReadJoy_pplus,.613329366174748,CORRW_READJOY_PPLUS
1,8,ASBR06H,-1,Y,9,91,.892185682484094,13098,1179.70683700001,Omitted or invalid,READ\AGREE\BOOK HELPS IMAGE OTHER WORLDS,rbi_asrrea01, ,R Biserial with asrrea01
1,8,ASBR06H,-1,Y,9,91,.892185682484094,13098,1179.70683700001,Omitted or invalid,READ\AGREE\BOOK HELPS IMAGE OTHER WORLDS,CorrW_asrrea01,.0925684370525295,CORRW_ASRREA01
2,8,ASBR06H,-1,Y,1,8510,.851927289483736,13090,1164.90219500001,Agree a lot,READ\AGREE\BOOK HELPS IMAGE OTHER WORLDS,P_Choosing,.626276995824417,Proportion choosing option
2,8,ASBR06H,-1,Y,1,8510,.851927289483736,13090,1164.90219500001,Agree a lot,READ\AGREE\BOOK HELPS IMAGE OTHER WORLDS,rbi_ReadJoy_pplus,.726755301850665,R Biserial with ReadJoy_pplus
2,8,ASBR06H,-1,Y,1,8510,.851927289483736,13090,1164.90219500001,Agree a lot,READ\AGREE\BOOK HELPS IMAGE OTHER WORLDS,CorrW_ReadJoy_pplus,.663415055548473,CORRW_READJOY_PPLUS
2,8,ASBR06H,-1,Y,1,8510,.851927289483736,13090,1164.90219500001,Agree a lot,READ\AGREE\BOOK HELPS IMAGE OTHER WORLDS,rbi_asrrea01,.00995461371798831,R Biserial with asrrea01
2,8,ASBR06H,-1,Y,1,8510,.851927289483736,13090,1164.90219500001,Agree a lot,READ\AGREE\BOOK HELPS IMAGE OTHER WORLDS,CorrW_asrrea01,.0211173146880875,CORRW_ASRREA01
2,8,ASBR06H,-1,Y,2,2682,.851927289483736,13090,1164.90219500001,Agree a little,READ\AGREE\BOOK HELPS IMAGE OTHER WORLDS,P_Choosing,.213460043117232,Proportion choosing option
2,8,ASBR06H,-1,Y,2,2682,.851927289483736,13090,1164.90219500001,Agree a little,READ\AGREE\BOOK HELPS IMAGE OTHER WORLDS,rbi_ReadJoy_pplus,-.239260911484773,R Biserial with ReadJoy_pplus
2,8,ASBR06H,-1,Y,2,2682,.851927289483736,13090,1164.90219500001,Agree a little,READ\AGREE\BOOK HELPS IMAGE OTHER WORLDS,CorrW_ReadJoy_pplus,.663415055548473,CORRW_READJOY_PPLUS
2,8,ASBR06H,-1,Y,2,2682,.851927289483736,13090,1164.90219500001,Agree a little,READ\AGREE\BOOK HELPS IMAGE OTHER WORLDS,rbi_asrrea01,.0422833688167873,R Biserial with asrrea01
2,8,ASBR06H,-1,Y,2,2682,.851927289483736,13090,1164.90219500001,Agree a little,READ\AGREE\BOOK HELPS IMAGE OTHER WORLDS,CorrW_asrrea01,.0211173146880875,CORRW_ASRREA01
2,8,ASBR06H,-1,Y,3,998,.851927289483736,13090,1164.90219500001,Disagree a little,READ\AGREE\BOOK HELPS IMAGE OTHER WORLDS,P_Choosing,.0832521137721499,Proportion choosing option
2,8,ASBR06H,-1,Y,3,998,.851927289483736,13090,1164.90219500001,Disagree a little,READ\AGREE\BOOK HELPS IMAGE OTHER WORLDS,rbi_ReadJoy_pplus,-.555100309435203,R Biserial with ReadJoy_pplus
2,8,ASBR06H,-1,Y,3,998,.851927289483736,13090,1164.90219500001,Disagree a little,READ\AGREE\BOOK HELPS IMAGE OTHER WORLDS,CorrW_ReadJoy_pplus,.663415055548473,CORRW_READJOY_PPLUS
2,8,ASBR06H,-1,Y,3,998,.851927289483736,13090,1164.90219500001,Disagree a little,READ\AGREE\BOOK HELPS IMAGE OTHER WORLDS,rbi_asrrea01,.0207937695502382,R Biserial with asrrea01
2,8,ASBR06H,-1,Y,3,998,.851927289483736,13090,1164.90219500001,Disagree a little,READ\AGREE\BOOK HELPS IMAGE OTHER WORLDS,CorrW_asrrea01,.0211173146880875,CORRW_ASRREA01
2,8,ASBR06H,-1,Y,4,900,.851927289483736,13090,1164.90219500001,Disagree a lot,READ\AGREE\BOOK HELPS IMAGE OTHER WORLDS,P_Choosing,.0692416487543039,Proportion choosing option
2,8,ASBR06H,-1,Y,4,900,.851927289483736,13090,1164.90219500001,Disagree a lot,READ\AGREE\BOOK HELPS IMAGE OTHER WORLDS,rbi_ReadJoy_pplus,-.899314611675263,R Biserial with ReadJoy_pplus
2,8,ASBR06H,-1,Y,4,900,.851927289483736,13090,1164.90219500001,Disagree a lot,READ\AGREE\BOOK HELPS IMAGE OTHER WORLDS,CorrW_ReadJoy_pplus,.663415055548473,CORRW_READJOY_PPLUS
2,8,ASBR06H,-1,Y,4,900,.851927289483736,13090,1164.90219500001,Disagree a lot,READ\AGREE\BOOK HELPS IMAGE OTHER WORLDS,rbi_asrrea01,-.0818647910741543,R Biserial with asrrea01
2,8,ASBR06H,-1,Y,4,900,.851927289483736,13090,1164.90219500001,Disagree a lot,READ\AGREE\BOOK HELPS IMAGE OTHER WORLDS,CorrW_asrrea01,.0211173146880875,CORRW_ASRREA01
2,8,ASBR06H,-1,Y,9,136,.851927289483736,13090,1164.90219500001,Omitted or invalid,READ\AGREE\BOOK HELPS IMAGE OTHER WORLDS,P_Choosing,.00776919853189709,Proportion choosing option
2,8,ASBR06H,-1,Y,9,136,.851927289483736,13090,1164.90219500001,Omitted or invalid,READ\AGREE\BOOK HELPS IMAGE OTHER WORLDS,rbi_ReadJoy_pplus, ,R Biserial with ReadJoy_pplus
2,8,ASBR06H,-1,Y,9,136,.851927289483736,13090,1164.90219500001,Omitted or invalid,READ\AGREE\BOOK HELPS IMAGE OTHER WORLDS,CorrW_ReadJoy_pplus,.663415055548473,CORRW_READJOY_PPLUS
2,8,ASBR06H,-1,Y,9,136,.851927289483736,13090,1164.90219500001,Omitted or invalid,READ\AGREE\BOOK HELPS IMAGE OTHER WORLDS,rbi_asrrea01, ,R Biserial with asrrea01
2,8,ASBR06H,-1,Y,9,136,.851927289483736,13090,1164.90219500001,Omitted or invalid,READ\AGREE\BOOK HELPS IMAGE OTHER WORLDS,CorrW_asrrea01,.0211173146880875,CORRW_ASRREA01
