Item,Response,Val_Label,Var_Label,Reverse,ISeq,Key,NCases,SumWgt,p,q,rpb_ReadJoy_pplus,rbi_ReadJoy_pplus,rpb_asrrea01,rbi_asrrea01,IsKey,Criteria,ITSEX,CorrW_ReadJoy_pplus,CorrW_asrrea01,SumWgts,ItemMean,ItemStDev,ValidCases,ItemMin,ItemMax,NSteps,PPlus,Scale,ScaleLbl,Weight,Date,Time,InDir,InFile,SelCrit
ASBR06A,1,Agree a lot,READ\AGREE\TALKING ABOUT WHAT I READ,Y,1,-1,6239,492.617679,.41512180024849,.58487819975151,.510646732455922,.645374280905168,-.255474506722784,-.322878157415902,1,asrrea01,1,.629503859852997,-.191761540251364,1179.70569300001,3.06993050087792,.968514068921524,13108,1,4,3,.76748262521948,ReadJoy,No label provided,senwgt,06-OCT-21,15h11m,C:\Users\egonzalez\OneDrive - Educational Testing Service\Temp\ItemAnalysis\VideoExample,PIRLS2016Subset, 
ASBR06A,2,Agree a little,READ\AGREE\TALKING ABOUT WHAT I READ,Y,1,-1,3960,381.307777,.321322554152569,.678677445847431,-.0221812898974918,-.0289155008747767,.170485583352077,.22224478636435,1,asrrea01,1,.629503859852997,-.191761540251364,1179.70569300001,3.06993050087792,.968514068921524,13108,1,4,3,.76748262521948,ReadJoy,No label provided,senwgt,06-OCT-21,15h11m,C:\Users\egonzalez\OneDrive - Educational Testing Service\Temp\ItemAnalysis\VideoExample,PIRLS2016Subset, 
ASBR06A,3,Disagree a little,READ\AGREE\TALKING ABOUT WHAT I READ,Y,1,-1,1865,201.440205,.169750750139085,.830249249860915,-.333888439962891,-.495801262364751,.138940847378541,.206317557840472,1,asrrea01,1,.629503859852997,-.191761540251364,1179.70569300001,3.06993050087792,.968514068921524,13108,1,4,3,.76748262521948,ReadJoy,No label provided,senwgt,06-OCT-21,15h11m,C:\Users\egonzalez\OneDrive - Educational Testing Service\Temp\ItemAnalysis\VideoExample,PIRLS2016Subset, 
ASBR06A,4,Disagree a lot,READ\AGREE\TALKING ABOUT WHAT I READ,Y,1,-1,1044,104.340032,.0879258373547433,.912074162645257,-.404090613983807,-.717016435949503,.00825215047688219,.0146425759943293,1,asrrea01,1,.629503859852997,-.191761540251364,1179.70569300001,3.06993050087792,.968514068921524,13108,1,4,3,.76748262521948,ReadJoy,No label provided,senwgt,06-OCT-21,15h11m,C:\Users\egonzalez\OneDrive - Educational Testing Service\Temp\ItemAnalysis\VideoExample,PIRLS2016Subset, 
ASBR06A,9,Omitted or invalid,READ\AGREE\TALKING ABOUT WHAT I READ,Y,1,-1,82,6.976574,.00587905810511281,.994120941894887, , , , ,1,asrrea01,1,.629503859852997,-.191761540251364,1179.70569300001,3.06993050087792,.968514068921524,13108,1,4,3,.76748262521948,ReadJoy,No label provided,senwgt,06-OCT-21,15h11m,C:\Users\egonzalez\OneDrive - Educational Testing Service\Temp\ItemAnalysis\VideoExample,PIRLS2016Subset, 
ASBR06A,1,Agree a lot,READ\AGREE\TALKING ABOUT WHAT I READ,Y,1,-1,5780,440.041465000001,.374845128907047,.625154871092953,.502480346565885,.641552946619385,-.296748533128615,-.378880282850388,1,asrrea01,2,.631330115152375,-.228022382670643,1165.51320100001,2.92975491060097,1.04504564893481,13117,1,4,3,.732438727650241,ReadJoy,No label provided,senwgt,06-OCT-21,15h11m,C:\Users\egonzalez\OneDrive - Educational Testing Service\Temp\ItemAnalysis\VideoExample,PIRLS2016Subset, 
ASBR06A,2,Agree a little,READ\AGREE\TALKING ABOUT WHAT I READ,Y,1,-1,3744,361.351292,.30781365485743,.69218634514257,.0258079575381691,.0338714244484411,.158275725168391,.207727568488696,1,asrrea01,2,.631330115152375,-.228022382670643,1165.51320100001,2.92975491060097,1.04504564893481,13117,1,4,3,.732438727650241,ReadJoy,No label provided,senwgt,06-OCT-21,15h11m,C:\Users\egonzalez\OneDrive - Educational Testing Service\Temp\ItemAnalysis\VideoExample,PIRLS2016Subset, 
ASBR06A,3,Disagree a little,READ\AGREE\TALKING ABOUT WHAT I READ,Y,1,-1,1957,206.327844,.175758407861161,.824241592138839,-.255798626137731,-.376661826570582,.163084726446131,.240141207466411,1,asrrea01,2,.631330115152375,-.228022382670643,1165.51320100001,2.92975491060097,1.04504564893481,13117,1,4,3,.732438727650241,ReadJoy,No label provided,senwgt,06-OCT-21,15h11m,C:\Users\egonzalez\OneDrive - Educational Testing Service\Temp\ItemAnalysis\VideoExample,PIRLS2016Subset, 
ASBR06A,4,Disagree a lot,READ\AGREE\TALKING ABOUT WHAT I READ,Y,1,-1,1636,157.7926,.13441412274086,.86558587725914,-.461288085945902,-.726857311196095,.0442176851141547,.069674350343311,1,asrrea01,2,.631330115152375,-.228022382670643,1165.51320100001,2.92975491060097,1.04504564893481,13117,1,4,3,.732438727650241,ReadJoy,No label provided,senwgt,06-OCT-21,15h11m,C:\Users\egonzalez\OneDrive - Educational Testing Service\Temp\ItemAnalysis\VideoExample,PIRLS2016Subset, 
ASBR06A,9,Omitted or invalid,READ\AGREE\TALKING ABOUT WHAT I READ,Y,1,-1,104,8.415526,.00716868563350182,.992831314366498, , , , ,1,asrrea01,2,.631330115152375,-.228022382670643,1165.51320100001,2.92975491060097,1.04504564893481,13117,1,4,3,.732438727650241,ReadJoy,No label provided,senwgt,06-OCT-21,15h11m,C:\Users\egonzalez\OneDrive - Educational Testing Service\Temp\ItemAnalysis\VideoExample,PIRLS2016Subset, 
ASBR06B,1,Agree a lot,READ\AGREE\HAPPY ABOUT BOOK AS A PRESENT,Y,2,-1,8745,734.141628,.618680891312286,.381319108687714,.615796371887803,.784714675636339,-.105027740852158,-.133837764167008,1,asrrea01,1,.716550884724826,-.0819444665969983,1172.74444600001,3.42625911954224,.869797939318609,13013,1,4,3,.856564779885561,ReadJoy,No label provided,senwgt,06-OCT-21,15h11m,C:\Users\egonzalez\OneDrive - Educational Testing Service\Temp\ItemAnalysis\VideoExample,PIRLS2016Subset, 
ASBR06B,2,Agree a little,READ\AGREE\HAPPY ABOUT BOOK AS A PRESENT,Y,2,-1,2720,269.941788000001,.227487203602998,.772512796397002,-.208305044646541,-.289360393351726,.0966644228053395,.134278339026942,1,asrrea01,1,.716550884724826,-.0819444665969983,1172.74444600001,3.42625911954224,.869797939318609,13013,1,4,3,.856564779885561,ReadJoy,No label provided,senwgt,06-OCT-21,15h11m,C:\Users\egonzalez\OneDrive - Educational Testing Service\Temp\ItemAnalysis\VideoExample,PIRLS2016Subset, 
ASBR06B,3,Disagree a little,READ\AGREE\HAPPY ABOUT BOOK AS A PRESENT,Y,2,-1,935,103.073447,.0868627654779845,.913137234522015,-.376229097937605,-.669973487248867,.0805961324087346,.143522317079277,1,asrrea01,1,.716550884724826,-.0819444665969983,1172.74444600001,3.42625911954224,.869797939318609,13013,1,4,3,.856564779885561,ReadJoy,No label provided,senwgt,06-OCT-21,15h11m,C:\Users\egonzalez\OneDrive - Educational Testing Service\Temp\ItemAnalysis\VideoExample,PIRLS2016Subset, 
ASBR06B,4,Disagree a lot,READ\AGREE\HAPPY ABOUT BOOK AS A PRESENT,Y,2,-1,613,65.587583,.0552724198735378,.944727580126462,-.461766905068644,-.944859535996622,-.0159879920515744,-.0327143556317069,1,asrrea01,1,.716550884724826,-.0819444665969983,1172.74444600001,3.42625911954224,.869797939318609,13013,1,4,3,.856564779885561,ReadJoy,No label provided,senwgt,06-OCT-21,15h11m,C:\Users\egonzalez\OneDrive - Educational Testing Service\Temp\ItemAnalysis\VideoExample,PIRLS2016Subset, 
ASBR06B,9,Omitted or invalid,READ\AGREE\HAPPY ABOUT BOOK AS A PRESENT,Y,2,-1,175,13.879609,.011696719733193,.988303280266807,-.00276790317223711,-.00974201116354255,-.0795663349311709,-.280044522841867,1,asrrea01,1,.716550884724826,-.0819444665969983,1172.74444600001,3.42625911954224,.869797939318609,13013,1,4,3,.856564779885561,ReadJoy,No label provided,senwgt,06-OCT-21,15h11m,C:\Users\egonzalez\OneDrive - Educational Testing Service\Temp\ItemAnalysis\VideoExample,PIRLS2016Subset, 
ASBR06B,1,Agree a lot,READ\AGREE\HAPPY ABOUT BOOK AS A PRESENT,Y,2,-1,7306,597.487135000001,.5089753929249,.4910246070751,.612787241233695,.76808555803995,-.169227939965062,-.212115279101324,1,asrrea01,2,.734653604673465,-.143823877193695,1159.93771200001,3.1963945457099,.993290104272332,13021,1,4,3,.799098636427474,ReadJoy,No label provided,senwgt,06-OCT-21,15h11m,C:\Users\egonzalez\OneDrive - Educational Testing Service\Temp\ItemAnalysis\VideoExample,PIRLS2016Subset, 
ASBR06B,2,Agree a little,READ\AGREE\HAPPY ABOUT BOOK AS A PRESENT,Y,2,-1,3262,303.272934,.258346082625088,.741653917374912,-.0979214955367311,-.132579999115922,.104812847458436,.141910488061982,1,asrrea01,2,.734653604673465,-.143823877193695,1159.93771200001,3.1963945457099,.993290104272332,13021,1,4,3,.799098636427474,ReadJoy,No label provided,senwgt,06-OCT-21,15h11m,C:\Users\egonzalez\OneDrive - Educational Testing Service\Temp\ItemAnalysis\VideoExample,PIRLS2016Subset, 
ASBR06B,3,Disagree a little,READ\AGREE\HAPPY ABOUT BOOK AS A PRESENT,Y,2,-1,1358,148.673591,.126649085752751,.873350914247249,-.33624255886483,-.538294168234976,.131947389169508,.211235931416789,1,asrrea01,2,.734653604673465,-.143823877193695,1159.93771200001,3.1963945457099,.993290104272332,13021,1,4,3,.799098636427474,ReadJoy,No label provided,senwgt,06-OCT-21,15h11m,C:\Users\egonzalez\OneDrive - Educational Testing Service\Temp\ItemAnalysis\VideoExample,PIRLS2016Subset, 
ASBR06B,4,Disagree a lot,READ\AGREE\HAPPY ABOUT BOOK AS A PRESENT,Y,2,-1,1095,110.504052,.0941339821258132,.905866017874187,-.519122588490238,-.902969180291433,.0167841336575843,.0291945597180959,1,asrrea01,2,.734653604673465,-.143823877193695,1159.93771200001,3.1963945457099,.993290104272332,13021,1,4,3,.799098636427474,ReadJoy,No label provided,senwgt,06-OCT-21,15h11m,C:\Users\egonzalez\OneDrive - Educational Testing Service\Temp\ItemAnalysis\VideoExample,PIRLS2016Subset, 
ASBR06B,9,Omitted or invalid,READ\AGREE\HAPPY ABOUT BOOK AS A PRESENT,Y,2,-1,201,13.964098,.0118954565714487,.988104543428551,-.000577206470200945,-.00201880545443232,-.0928196427209323,-.324640853277758,1,asrrea01,2,.734653604673465,-.143823877193695,1159.93771200001,3.1963945457099,.993290104272332,13021,1,4,3,.799098636427474,ReadJoy,No label provided,senwgt,06-OCT-21,15h11m,C:\Users\egonzalez\OneDrive - Educational Testing Service\Temp\ItemAnalysis\VideoExample,PIRLS2016Subset, 
ASBR06C,1,Agree a lot,READ\AGREE\READING IS BORING,N,3,-1,1197,95.0991430000001,.0801539384504178,.919846061549582,-.282057244075696,-.514415193087663,-.203480262832968,-.371106719977233,1,asrrea01,1,.569508066852658,.195997806922876,1163.28498400001,3.35745453927393,.975778217362421,12901,1,4,3,.839363634818483,ReadJoy,No label provided,senwgt,06-OCT-21,15h11m,C:\Users\egonzalez\OneDrive - Educational Testing Service\Temp\ItemAnalysis\VideoExample,PIRLS2016Subset, 
ASBR06C,2,Agree a little,READ\AGREE\READING IS BORING,N,3,-1,1401,134.441294,.113313315604438,.886686684395562,-.341291030127191,-.563235305205263,-.0706164718047418,-.116538925838865,1,asrrea01,1,.569508066852658,.195997806922876,1163.28498400001,3.35745453927393,.975778217362421,12901,1,4,3,.839363634818483,ReadJoy,No label provided,senwgt,06-OCT-21,15h11m,C:\Users\egonzalez\OneDrive - Educational Testing Service\Temp\ItemAnalysis\VideoExample,PIRLS2016Subset, 
ASBR06C,3,Disagree a little,READ\AGREE\READING IS BORING,N,3,-1,1879,193.283469,.162908211251801,.837091788748199,-.259726992447036,-.389592727569267,.0885049246009152,.132758149831555,1,asrrea01,1,.569508066852658,.195997806922876,1163.28498400001,3.35745453927393,.975778217362421,12901,1,4,3,.839363634818483,ReadJoy,No label provided,senwgt,06-OCT-21,15h11m,C:\Users\egonzalez\OneDrive - Educational Testing Service\Temp\ItemAnalysis\VideoExample,PIRLS2016Subset, 
ASBR06C,4,Disagree a lot,READ\AGREE\READING IS BORING,N,3,-1,8424,740.461077999999,.624094705784487,.375905294215513,.584340798868427,.745828173692624,.118918525730775,.151782636153006,1,asrrea01,1,.569508066852658,.195997806922876,1163.28498400001,3.35745453927393,.975778217362421,12901,1,4,3,.839363634818483,ReadJoy,No label provided,senwgt,06-OCT-21,15h11m,C:\Users\egonzalez\OneDrive - Educational Testing Service\Temp\ItemAnalysis\VideoExample,PIRLS2016Subset, 
ASBR06C,9,Omitted or invalid,READ\AGREE\READING IS BORING,N,3,-1,283,23.171288,.0195298289088568,.980470171091143,-.016968772719653,-.0494855697224086,-.0913960286553205,-.266535749113777,1,asrrea01,1,.569508066852658,.195997806922876,1163.28498400001,3.35745453927393,.975778217362421,12901,1,4,3,.839363634818483,ReadJoy,No label provided,senwgt,06-OCT-21,15h11m,C:\Users\egonzalez\OneDrive - Educational Testing Service\Temp\ItemAnalysis\VideoExample,PIRLS2016Subset, 
ASBR06C,1,Agree a lot,READ\AGREE\READING IS BORING,N,3,-1,2087,172.917955,.147318229642028,.852681770357972,-.318802100940627,-.49048829551175,-.227019207838305,-.349277071802533,1,asrrea01,2,.549045164669942,.184733231312322,1151.01216400001,3.03880226673263,1.11575933028562,12898,1,4,3,.759700566683156,ReadJoy,No label provided,senwgt,06-OCT-21,15h11m,C:\Users\egonzalez\OneDrive - Educational Testing Service\Temp\ItemAnalysis\VideoExample,PIRLS2016Subset, 
ASBR06C,2,Agree a little,READ\AGREE\READING IS BORING,N,3,-1,1869,175.617615,.14961821712358,.85038178287642,-.277968269198063,-.425971867079817,-.00386541096319983,-.00592354058891445,1,asrrea01,2,.549045164669942,.184733231312322,1151.01216400001,3.03880226673263,1.11575933028562,12898,1,4,3,.759700566683156,ReadJoy,No label provided,senwgt,06-OCT-21,15h11m,C:\Users\egonzalez\OneDrive - Educational Testing Service\Temp\ItemAnalysis\VideoExample,PIRLS2016Subset, 
ASBR06C,3,Disagree a little,READ\AGREE\READING IS BORING,N,3,-1,2377,236.361188,.201368977398828,.798631022601172,-.166453151551378,-.237456442260994,.135448234656065,.193225875342071,1,asrrea01,2,.549045164669942,.184733231312322,1151.01216400001,3.03880226673263,1.11575933028562,12898,1,4,3,.759700566683156,ReadJoy,No label provided,senwgt,06-OCT-21,15h11m,C:\Users\egonzalez\OneDrive - Educational Testing Service\Temp\ItemAnalysis\VideoExample,PIRLS2016Subset, 
ASBR06C,4,Disagree a lot,READ\AGREE\READING IS BORING,N,3,-1,6565,566.115405999998,.482304566839215,.517695433160785,.553441292893847,.693883966690703,.0784347536105098,.0983385567005523,1,asrrea01,2,.549045164669942,.184733231312322,1151.01216400001,3.03880226673263,1.11575933028562,12898,1,4,3,.759700566683156,ReadJoy,No label provided,senwgt,06-OCT-21,15h11m,C:\Users\egonzalez\OneDrive - Educational Testing Service\Temp\ItemAnalysis\VideoExample,PIRLS2016Subset, 
ASBR06C,9,Omitted or invalid,READ\AGREE\READING IS BORING,N,3,-1,317,22.759442,.0193900089963499,.98060999100365,.0170090988529283,.0497314287387479,-.0846397940875725,-.247470952137111,1,asrrea01,2,.549045164669942,.184733231312322,1151.01216400001,3.03880226673263,1.11575933028562,12898,1,4,3,.759700566683156,ReadJoy,No label provided,senwgt,06-OCT-21,15h11m,C:\Users\egonzalez\OneDrive - Educational Testing Service\Temp\ItemAnalysis\VideoExample,PIRLS2016Subset, 
ASBR06D,1,Agree a lot,READ\AGREE\MORE TIME FOR READING,Y,4,-1,7231,585.117857000001,.493064397157,.506935602843,.60593815444665,.75947256360362,-.201371610362039,-.252395747051628,1,asrrea01,1,.74095012576224,-.170408608989284,1172.15036200001,3.16610691282628,.988471204704046,13005,1,4,3,.79152672820657,ReadJoy,No label provided,senwgt,06-OCT-21,15h11m,C:\Users\egonzalez\OneDrive - Educational Testing Service\Temp\ItemAnalysis\VideoExample,PIRLS2016Subset, 
ASBR06D,2,Agree a little,READ\AGREE\MORE TIME FOR READING,Y,4,-1,3090,297.171963999999,.250419489900513,.749580510099487,-.0538157246307559,-.0733068207466134,.109165802485846,.148703710103284,1,asrrea01,1,.74095012576224,-.170408608989284,1172.15036200001,3.16610691282628,.988471204704046,13005,1,4,3,.79152672820657,ReadJoy,No label provided,senwgt,06-OCT-21,15h11m,C:\Users\egonzalez\OneDrive - Educational Testing Service\Temp\ItemAnalysis\VideoExample,PIRLS2016Subset, 
ASBR06D,3,Disagree a little,READ\AGREE\MORE TIME FOR READING,Y,4,-1,1737,189.305503,.159523081715138,.840476918284862,-.36596353479774,-.551820231672598,.133683541814098,.20157550138278,1,asrrea01,1,.74095012576224,-.170408608989284,1172.15036200001,3.16610691282628,.988471204704046,13005,1,4,3,.79152672820657,ReadJoy,No label provided,senwgt,06-OCT-21,15h11m,C:\Users\egonzalez\OneDrive - Educational Testing Service\Temp\ItemAnalysis\VideoExample,PIRLS2016Subset, 
ASBR06D,4,Disagree a lot,READ\AGREE\MORE TIME FOR READING,Y,4,-1,947,100.555038,.0847352522221333,.915264747777867,-.513942458879752,-.921937613680498,.0284715729910475,.0510738383404084,1,asrrea01,1,.74095012576224,-.170408608989284,1172.15036200001,3.16610691282628,.988471204704046,13005,1,4,3,.79152672820657,ReadJoy,No label provided,senwgt,06-OCT-21,15h11m,C:\Users\egonzalez\OneDrive - Educational Testing Service\Temp\ItemAnalysis\VideoExample,PIRLS2016Subset, 
ASBR06D,9,Omitted or invalid,READ\AGREE\MORE TIME FOR READING,Y,4,-1,186,14.546265,.0122577790052149,.987742220994785,-.0226764840775712,-.0784291149209035,-.0318031316873051,-.10999462974136,1,asrrea01,1,.74095012576224,-.170408608989284,1172.15036200001,3.16610691282628,.988471204704046,13005,1,4,3,.79152672820657,ReadJoy,No label provided,senwgt,06-OCT-21,15h11m,C:\Users\egonzalez\OneDrive - Educational Testing Service\Temp\ItemAnalysis\VideoExample,PIRLS2016Subset, 
ASBR06D,1,Agree a lot,READ\AGREE\MORE TIME FOR READING,Y,4,-1,5883,456.593177999999,.388856274162704,.611143725837296,.59134467021189,.751972888354744,-.250125851209134,-.318068071398236,1,asrrea01,2,.762437944443086,-.230065577050806,1157.67743100001,2.89819657631383,1.08490600401863,13004,1,4,3,.724549144078458,ReadJoy,No label provided,senwgt,06-OCT-21,15h11m,C:\Users\egonzalez\OneDrive - Educational Testing Service\Temp\ItemAnalysis\VideoExample,PIRLS2016Subset, 
ASBR06D,2,Agree a little,READ\AGREE\MORE TIME FOR READING,Y,4,-1,3280,297.830490999999,.25364648584896,.74635351415104,.0760466375682431,.103329602600041,.0757072039510925,.102868391665662,1,asrrea01,2,.762437944443086,-.230065577050806,1157.67743100001,2.89819657631383,1.08490600401863,13004,1,4,3,.724549144078458,ReadJoy,No label provided,senwgt,06-OCT-21,15h11m,C:\Users\egonzalez\OneDrive - Educational Testing Service\Temp\ItemAnalysis\VideoExample,PIRLS2016Subset, 
ASBR06D,3,Disagree a little,READ\AGREE\MORE TIME FOR READING,Y,4,-1,2158,232.05882,.197632230352319,.802367769647681,-.285123704034085,-.408477389188862,.174787068150496,.250405575727072,1,asrrea01,2,.762437944443086,-.230065577050806,1157.67743100001,2.89819657631383,1.08490600401863,13004,1,4,3,.724549144078458,ReadJoy,No label provided,senwgt,06-OCT-21,15h11m,C:\Users\egonzalez\OneDrive - Educational Testing Service\Temp\ItemAnalysis\VideoExample,PIRLS2016Subset, 
ASBR06D,4,Disagree a lot,READ\AGREE\MORE TIME FOR READING,Y,4,-1,1683,171.194942,.145797682727578,.854202317272422,-.587096416992582,-.90568060882582,.0764829859838614,.117985999072373,1,asrrea01,2,.762437944443086,-.230065577050806,1157.67743100001,2.89819657631383,1.08490600401863,13004,1,4,3,.724549144078458,ReadJoy,No label provided,senwgt,06-OCT-21,15h11m,C:\Users\egonzalez\OneDrive - Educational Testing Service\Temp\ItemAnalysis\VideoExample,PIRLS2016Subset, 
ASBR06D,9,Omitted or invalid,READ\AGREE\MORE TIME FOR READING,Y,4,-1,223,16.517788,.0140673269084398,.98593267309156,-.00538692963870522,-.0177037937032936,-.0645302533386593,-.212074478292887,1,asrrea01,2,.762437944443086,-.230065577050806,1157.67743100001,2.89819657631383,1.08490600401863,13004,1,4,3,.724549144078458,ReadJoy,No label provided,senwgt,06-OCT-21,15h11m,C:\Users\egonzalez\OneDrive - Educational Testing Service\Temp\ItemAnalysis\VideoExample,PIRLS2016Subset, 
ASBR06E,1,Agree a lot,READ\AGREE\ENJOY READING,Y,5,-1,9296,780.928428999999,.658194645683964,.341805354316036,.689971453963399,.89136087650926,-.0141356311044918,-.018261550472753,1,asrrea01,1,.793785796674067,-.0069202452232003,1172.51873800001,3.50612087702092,.806239330032669,13029,1,4,3,.876530219255229,ReadJoy,No label provided,senwgt,06-OCT-21,15h11m,C:\Users\egonzalez\OneDrive - Educational Testing Service\Temp\ItemAnalysis\VideoExample,PIRLS2016Subset, 
ASBR06E,2,Agree a little,READ\AGREE\ENJOY READING,Y,5,-1,2421,250.81939,.211399628187589,.788600371812411,-.271624050557919,-.38331912599643,.025110829258063,.0354367041669377,1,asrrea01,1,.793785796674067,-.0069202452232003,1172.51873800001,3.50612087702092,.806239330032669,13029,1,4,3,.876530219255229,ReadJoy,No label provided,senwgt,06-OCT-21,15h11m,C:\Users\egonzalez\OneDrive - Educational Testing Service\Temp\ItemAnalysis\VideoExample,PIRLS2016Subset, 
ASBR06E,3,Disagree a little,READ\AGREE\ENJOY READING,Y,5,-1,864,94.049621,.0792684126637246,.920731587336275,-.422729778891614,-.773545269247271,.0227791318289567,.0416831047721557,1,asrrea01,1,.793785796674067,-.0069202452232003,1172.51873800001,3.50612087702092,.806239330032669,13029,1,4,3,.876530219255229,ReadJoy,No label provided,senwgt,06-OCT-21,15h11m,C:\Users\egonzalez\OneDrive - Educational Testing Service\Temp\ItemAnalysis\VideoExample,PIRLS2016Subset, 
ASBR06E,4,Disagree a lot,READ\AGREE\ENJOY READING,Y,5,-1,448,46.7212979999999,.0393783950500858,.960621604949914,-.497089900335807,-1.13630746052398,-.0251934298093335,-.0575901506532193,1,asrrea01,1,.793785796674067,-.0069202452232003,1172.51873800001,3.50612087702092,.806239330032669,13029,1,4,3,.876530219255229,ReadJoy,No label provided,senwgt,06-OCT-21,15h11m,C:\Users\egonzalez\OneDrive - Educational Testing Service\Temp\ItemAnalysis\VideoExample,PIRLS2016Subset, 
ASBR06E,9,Omitted or invalid,READ\AGREE\ENJOY READING,Y,5,-1,155,13.951608,.0117589184146369,.988241081585363,-.0507882150937575,-.178401937964202,-.04454610743371,-.15647551071178,1,asrrea01,1,.793785796674067,-.0069202452232003,1172.51873800001,3.50612087702092,.806239330032669,13029,1,4,3,.876530219255229,ReadJoy,No label provided,senwgt,06-OCT-21,15h11m,C:\Users\egonzalez\OneDrive - Educational Testing Service\Temp\ItemAnalysis\VideoExample,PIRLS2016Subset, 
ASBR06E,1,Agree a lot,READ\AGREE\ENJOY READING,Y,5,-1,7501,612.913535999996,.522156266617538,.477843733382462,.674885133743419,.846317755639424,-.101377295557289,-.127128900844122,1,asrrea01,2,.812903430030545,-.0709124510109724,1154.87482800001,3.24458608080428,.965296979211595,12979,1,4,3,.81114652020107,ReadJoy,No label provided,senwgt,06-OCT-21,15h11m,C:\Users\egonzalez\OneDrive - Educational Testing Service\Temp\ItemAnalysis\VideoExample,PIRLS2016Subset, 
ASBR06E,2,Agree a little,READ\AGREE\ENJOY READING,Y,5,-1,3178,311.966623,.265772115652805,.734227884347195,-.140461137829047,-.189154226964792,.0869013699625519,.117027113061365,1,asrrea01,2,.812903430030545,-.0709124510109724,1154.87482800001,3.24458608080428,.965296979211595,12979,1,4,3,.81114652020107,ReadJoy,No label provided,senwgt,06-OCT-21,15h11m,C:\Users\egonzalez\OneDrive - Educational Testing Service\Temp\ItemAnalysis\VideoExample,PIRLS2016Subset, 
ASBR06E,3,Disagree a little,READ\AGREE\ENJOY READING,Y,5,-1,1257,129.54211,.110360141446377,.889639858553623,-.338955765480416,-.563505331716314,.0552391597917392,.0918336969959962,1,asrrea01,2,.812903430030545,-.0709124510109724,1154.87482800001,3.24458608080428,.965296979211595,12979,1,4,3,.81114652020107,ReadJoy,No label provided,senwgt,06-OCT-21,15h11m,C:\Users\egonzalez\OneDrive - Educational Testing Service\Temp\ItemAnalysis\VideoExample,PIRLS2016Subset, 
ASBR06E,4,Disagree a lot,READ\AGREE\ENJOY READING,Y,5,-1,1043,100.452559,.0855780303400222,.914421969659978,-.58883325021347,-1.05319203329624,-.0034278685461925,-.00613111410187504,1,asrrea01,2,.812903430030545,-.0709124510109724,1154.87482800001,3.24458608080428,.965296979211595,12979,1,4,3,.81114652020107,ReadJoy,No label provided,senwgt,06-OCT-21,15h11m,C:\Users\egonzalez\OneDrive - Educational Testing Service\Temp\ItemAnalysis\VideoExample,PIRLS2016Subset, 
ASBR06E,9,Omitted or invalid,READ\AGREE\ENJOY READING,Y,5,-1,239,18.93764,.0161334459432578,.983866554056742,-.032823356077683,-.102580332960835,-.032533698263163,-.101675087470768,1,asrrea01,2,.812903430030545,-.0709124510109724,1154.87482800001,3.24458608080428,.965296979211595,12979,1,4,3,.81114652020107,ReadJoy,No label provided,senwgt,06-OCT-21,15h11m,C:\Users\egonzalez\OneDrive - Educational Testing Service\Temp\ItemAnalysis\VideoExample,PIRLS2016Subset, 
ASBR06F,1,Agree a lot,READ\AGREE\LEARN A LOT FROM READING,Y,6,-1,9079,771.657007,.650375032008545,.349624967991455,.602206536762337,.775583383318176,-.155551554105895,-.20033525584506,1,asrrea01,1,.686458804567864,-.136958451483756,1171.68598500001,3.53345094334298,.738519409450311,12991,1,4,3,.883362735835745,ReadJoy,No label provided,senwgt,06-OCT-21,15h11m,C:\Users\egonzalez\OneDrive - Educational Testing Service\Temp\ItemAnalysis\VideoExample,PIRLS2016Subset, 
ASBR06F,2,Agree a little,READ\AGREE\LEARN A LOT FROM READING,Y,6,-1,2773,280.236201,.236191243702823,.763808756297177,-.284330614067468,-.391897100832912,.131531147984201,.181291331337263,1,asrrea01,1,.686458804567864,-.136958451483756,1171.68598500001,3.53345094334298,.738519409450311,12991,1,4,3,.883362735835745,ReadJoy,No label provided,senwgt,06-OCT-21,15h11m,C:\Users\egonzalez\OneDrive - Educational Testing Service\Temp\ItemAnalysis\VideoExample,PIRLS2016Subset, 
ASBR06F,3,Disagree a little,READ\AGREE\LEARN A LOT FROM READING,Y,6,-1,863,92.965541,.0783540694312216,.921645930568778,-.38067354755822,-.699019632978481,.0973175780153112,.17870140466278,1,asrrea01,1,.686458804567864,-.136958451483756,1171.68598500001,3.53345094334298,.738519409450311,12991,1,4,3,.883362735835745,ReadJoy,No label provided,senwgt,06-OCT-21,15h11m,C:\Users\egonzalez\OneDrive - Educational Testing Service\Temp\ItemAnalysis\VideoExample,PIRLS2016Subset, 
ASBR06F,4,Disagree a lot,READ\AGREE\LEARN A LOT FROM READING,Y,6,-1,276,26.827236,.0226107769565044,.977389223043496,-.381997329764777,-1.05725537420736,-.0137047238672484,-.0379306132050674,1,asrrea01,1,.686458804567864,-.136958451483756,1171.68598500001,3.53345094334298,.738519409450311,12991,1,4,3,.883362735835745,ReadJoy,No label provided,senwgt,06-OCT-21,15h11m,C:\Users\egonzalez\OneDrive - Educational Testing Service\Temp\ItemAnalysis\VideoExample,PIRLS2016Subset, 
ASBR06F,9,Omitted or invalid,READ\AGREE\LEARN A LOT FROM READING,Y,6,-1,194,14.794075,.0124688779009063,.987531122099094,-.0658870587254999,-.226432942518137,-.0523251787794697,-.179825058638372,1,asrrea01,1,.686458804567864,-.136958451483756,1171.68598500001,3.53345094334298,.738519409450311,12991,1,4,3,.883362735835745,ReadJoy,No label provided,senwgt,06-OCT-21,15h11m,C:\Users\egonzalez\OneDrive - Educational Testing Service\Temp\ItemAnalysis\VideoExample,PIRLS2016Subset, 
ASBR06F,1,Agree a lot,READ\AGREE\LEARN A LOT FROM READING,Y,6,-1,7972,662.628982000003,.564507321395526,.435492678604474,.603823596927814,.760418574021228,-.152540710820775,-.19210045846616,1,asrrea01,2,.702033212077919,-.112068238432034,1154.94203200001,3.37987255969918,.845101952507865,12979,1,4,3,.844968139924795,ReadJoy,No label provided,senwgt,06-OCT-21,15h11m,C:\Users\egonzalez\OneDrive - Educational Testing Service\Temp\ItemAnalysis\VideoExample,PIRLS2016Subset, 
ASBR06F,2,Agree a little,READ\AGREE\LEARN A LOT FROM READING,Y,6,-1,3262,320.553305999999,.273085984842328,.726914015157672,-.219802861043397,-.294512560372839,.139394153075611,.18677340562549,1,asrrea01,2,.702033212077919,-.112068238432034,1154.94203200001,3.37987255969918,.845101952507865,12979,1,4,3,.844968139924795,ReadJoy,No label provided,senwgt,06-OCT-21,15h11m,C:\Users\egonzalez\OneDrive - Educational Testing Service\Temp\ItemAnalysis\VideoExample,PIRLS2016Subset, 
ASBR06F,3,Disagree a little,READ\AGREE\LEARN A LOT FROM READING,Y,6,-1,1191,119.621292,.101907850340286,.898092149659714,-.349735858624431,-.594631467334209,.0681752055980171,.115913543152273,1,asrrea01,2,.702033212077919,-.112068238432034,1154.94203200001,3.37987255969918,.845101952507865,12979,1,4,3,.844968139924795,ReadJoy,No label provided,senwgt,06-OCT-21,15h11m,C:\Users\egonzalez\OneDrive - Educational Testing Service\Temp\ItemAnalysis\VideoExample,PIRLS2016Subset, 
ASBR06F,4,Disagree a lot,READ\AGREE\LEARN A LOT FROM READING,Y,6,-1,554,52.138452,.0444178245741583,.955582175425842,-.437557269007116,-.961067952887759,-.01265600166034,-.0277981385957714,1,asrrea01,2,.702033212077919,-.112068238432034,1154.94203200001,3.37987255969918,.845101952507865,12979,1,4,3,.844968139924795,ReadJoy,No label provided,senwgt,06-OCT-21,15h11m,C:\Users\egonzalez\OneDrive - Educational Testing Service\Temp\ItemAnalysis\VideoExample,PIRLS2016Subset, 
ASBR06F,9,Omitted or invalid,READ\AGREE\LEARN A LOT FROM READING,Y,6,-1,240,18.876193,.016081018847701,.983918981152299,-.0437710603692048,-.136957020057901,-.0357016884379199,-.111708439737348,1,asrrea01,2,.702033212077919,-.112068238432034,1154.94203200001,3.37987255969918,.845101952507865,12979,1,4,3,.844968139924795,ReadJoy,No label provided,senwgt,06-OCT-21,15h11m,C:\Users\egonzalez\OneDrive - Educational Testing Service\Temp\ItemAnalysis\VideoExample,PIRLS2016Subset, 
ASBR06G,1,Agree a lot,READ\AGREE\LIKE READ THINGS MAKE THINK,Y,7,-1,8443,710.730158999998,.598976532862672,.401023467137328,.59077508106711,.748944416531128,-.111314452343881,-.1411168822686,1,asrrea01,1,.696871147214069,-.102497086063378,1176.03422600001,3.41669808766265,.844431524420936,13057,1,4,3,.854174521915663,ReadJoy,No label provided,senwgt,06-OCT-21,15h11m,C:\Users\egonzalez\OneDrive - Educational Testing Service\Temp\ItemAnalysis\VideoExample,PIRLS2016Subset, 
ASBR06G,2,Agree a little,READ\AGREE\LIKE READ THINGS MAKE THINK,Y,7,-1,2987,299.959925,.252794894938809,.747205105061191,-.197185675988469,-.26810535497908,.0826568157551897,.112385115289923,1,asrrea01,1,.696871147214069,-.102497086063378,1176.03422600001,3.41669808766265,.844431524420936,13057,1,4,3,.854174521915663,ReadJoy,No label provided,senwgt,06-OCT-21,15h11m,C:\Users\egonzalez\OneDrive - Educational Testing Service\Temp\ItemAnalysis\VideoExample,PIRLS2016Subset, 
ASBR06G,3,Disagree a little,READ\AGREE\LIKE READ THINGS MAKE THINK,Y,7,-1,1084,110.009338,.0927117148799056,.907288285120094,-.365071072105647,-.637821407976207,.0712395040743104,.12446365725481,1,asrrea01,1,.696871147214069,-.102497086063378,1176.03422600001,3.41669808766265,.844431524420936,13057,1,4,3,.854174521915663,ReadJoy,No label provided,senwgt,06-OCT-21,15h11m,C:\Users\egonzalez\OneDrive - Educational Testing Service\Temp\ItemAnalysis\VideoExample,PIRLS2016Subset, 
ASBR06G,4,Disagree a lot,READ\AGREE\LIKE READ THINGS MAKE THINK,Y,7,-1,543,55.334804,.0466340827483524,.953365917251648,-.446700374199313,-.965607397967041,.018020775308981,.0389545094665394,1,asrrea01,1,.696871147214069,-.102497086063378,1176.03422600001,3.41669808766265,.844431524420936,13057,1,4,3,.854174521915663,ReadJoy,No label provided,senwgt,06-OCT-21,15h11m,C:\Users\egonzalez\OneDrive - Educational Testing Service\Temp\ItemAnalysis\VideoExample,PIRLS2016Subset, 
ASBR06G,9,Omitted or invalid,READ\AGREE\LIKE READ THINGS MAKE THINK,Y,7,-1,131,10.540072,.00888277457026127,.991117225429739, , , , ,1,asrrea01,1,.696871147214069,-.102497086063378,1176.03422600001,3.41669808766265,.844431524420936,13057,1,4,3,.854174521915663,ReadJoy,No label provided,senwgt,06-OCT-21,15h11m,C:\Users\egonzalez\OneDrive - Educational Testing Service\Temp\ItemAnalysis\VideoExample,PIRLS2016Subset, 
ASBR06G,1,Agree a lot,READ\AGREE\LIKE READ THINGS MAKE THINK,Y,7,-1,7715,645.427614999997,.549708782726515,.450291217273485,.61037508453814,.767164850670073,-.119954946572872,-.150768307891119,1,asrrea01,2,.728526424389037,-.104852693425075,1162.49605200001,3.29755715763929,.933828295787592,13061,1,4,3,.824389289409823,ReadJoy,No label provided,senwgt,06-OCT-21,15h11m,C:\Users\egonzalez\OneDrive - Educational Testing Service\Temp\ItemAnalysis\VideoExample,PIRLS2016Subset, 
ASBR06G,2,Agree a little,READ\AGREE\LIKE READ THINGS MAKE THINK,Y,7,-1,3172,302.973362,.258041512561529,.741958487438471,-.148092039386631,-.200553513055102,.0926550229914839,.125477982747133,1,asrrea01,2,.728526424389037,-.104852693425075,1162.49605200001,3.29755715763929,.933828295787592,13061,1,4,3,.824389289409823,ReadJoy,No label provided,senwgt,06-OCT-21,15h11m,C:\Users\egonzalez\OneDrive - Educational Testing Service\Temp\ItemAnalysis\VideoExample,PIRLS2016Subset, 
ASBR06G,3,Disagree a little,READ\AGREE\LIKE READ THINGS MAKE THINK,Y,7,-1,1295,128.671556,.109589182080917,.890410817919083,-.334942246806226,-.557924412505616,.0632773810579345,.105403232910378,1,asrrea01,2,.728526424389037,-.104852693425075,1162.49605200001,3.29755715763929,.933828295787592,13061,1,4,3,.824389289409823,ReadJoy,No label provided,senwgt,06-OCT-21,15h11m,C:\Users\egonzalez\OneDrive - Educational Testing Service\Temp\ItemAnalysis\VideoExample,PIRLS2016Subset, 
ASBR06G,4,Disagree a lot,READ\AGREE\LIKE READ THINGS MAKE THINK,Y,7,-1,879,85.423519,.0727549574179679,.927245042582032,-.511549931117528,-.960675230057754,.0282889917730116,.0531258671470645,1,asrrea01,2,.728526424389037,-.104852693425075,1162.49605200001,3.29755715763929,.933828295787592,13061,1,4,3,.824389289409823,ReadJoy,No label provided,senwgt,06-OCT-21,15h11m,C:\Users\egonzalez\OneDrive - Educational Testing Service\Temp\ItemAnalysis\VideoExample,PIRLS2016Subset, 
ASBR06G,9,Omitted or invalid,READ\AGREE\LIKE READ THINGS MAKE THINK,Y,7,-1,165,11.630386,.00990556521307123,.990094434786929, , , , ,1,asrrea01,2,.728526424389037,-.104852693425075,1162.49605200001,3.29755715763929,.933828295787592,13061,1,4,3,.824389289409823,ReadJoy,No label provided,senwgt,06-OCT-21,15h11m,C:\Users\egonzalez\OneDrive - Educational Testing Service\Temp\ItemAnalysis\VideoExample,PIRLS2016Subset, 
ASBR06H,1,Agree a lot,READ\AGREE\BOOK HELPS IMAGE OTHER WORLDS,Y,8,-1,9564,839.980104000003,.707892082370212,.292107917629788,.546909945126888,.724085245692523,.080812091284532,.106991733271756,1,asrrea01,1,.613329366174748,.0925684370525295,1179.70683700001,3.56874272993638,.782585386562166,13098,1,4,3,.892185682484094,ReadJoy,No label provided,senwgt,06-OCT-21,15h11m,C:\Users\egonzalez\OneDrive - Educational Testing Service\Temp\ItemAnalysis\VideoExample,PIRLS2016Subset, 
ASBR06H,2,Agree a little,READ\AGREE\BOOK HELPS IMAGE OTHER WORLDS,Y,8,-1,2319,217.933475,.183663137616323,.816336862383677,-.240385514530672,-.350281520656389,-.0219389484053359,-.0319686825723543,1,asrrea01,1,.613329366174748,.0925684370525295,1179.70683700001,3.56874272993638,.782585386562166,13098,1,4,3,.892185682484094,ReadJoy,No label provided,senwgt,06-OCT-21,15h11m,C:\Users\egonzalez\OneDrive - Educational Testing Service\Temp\ItemAnalysis\VideoExample,PIRLS2016Subset, 
ASBR06H,3,Disagree a little,READ\AGREE\BOOK HELPS IMAGE OTHER WORLDS,Y,8,-1,727,74.5560990000001,.0628320503345036,.937167949665496,-.322657569140552,-.634014494208982,-.037078867458994,-.0728590978369873,1,asrrea01,1,.613329366174748,.0925684370525295,1179.70683700001,3.56874272993638,.782585386562166,13098,1,4,3,.892185682484094,ReadJoy,No label provided,senwgt,06-OCT-21,15h11m,C:\Users\egonzalez\OneDrive - Educational Testing Service\Temp\ItemAnalysis\VideoExample,PIRLS2016Subset, 
ASBR06H,4,Disagree a lot,READ\AGREE\BOOK HELPS IMAGE OTHER WORLDS,Y,8,-1,488,47.237159,.0398090510602888,.960190948939711,-.384601543434248,-.875981069152073,-.0734904622325972,-.167384283235453,1,asrrea01,1,.613329366174748,.0925684370525295,1179.70683700001,3.56874272993638,.782585386562166,13098,1,4,3,.892185682484094,ReadJoy,No label provided,senwgt,06-OCT-21,15h11m,C:\Users\egonzalez\OneDrive - Educational Testing Service\Temp\ItemAnalysis\VideoExample,PIRLS2016Subset, 
ASBR06H,9,Omitted or invalid,READ\AGREE\BOOK HELPS IMAGE OTHER WORLDS,Y,8,-1,91,6.886607,.00580367861867268,.994196321381327, , , , ,1,asrrea01,1,.613329366174748,.0925684370525295,1179.70683700001,3.56874272993638,.782585386562166,13098,1,4,3,.892185682484094,ReadJoy,No label provided,senwgt,06-OCT-21,15h11m,C:\Users\egonzalez\OneDrive - Educational Testing Service\Temp\ItemAnalysis\VideoExample,PIRLS2016Subset, 
ASBR06H,1,Agree a lot,READ\AGREE\BOOK HELPS IMAGE OTHER WORLDS,Y,8,-1,8510,735.263857999999,.626276995824417,.373723004175583,.569015636032271,.726755301850665,.00779400004619519,.00995461371798831,1,asrrea01,2,.663415055548473,.0211173146880875,1164.90219500001,3.40770915793495,.910332155789993,13090,1,4,3,.851927289483736,ReadJoy,No label provided,senwgt,06-OCT-21,15h11m,C:\Users\egonzalez\OneDrive - Educational Testing Service\Temp\ItemAnalysis\VideoExample,PIRLS2016Subset, 
ASBR06H,2,Agree a little,READ\AGREE\BOOK HELPS IMAGE OTHER WORLDS,Y,8,-1,2682,250.607089,.213460043117232,.786539956882768,-.169903574451223,-.239260911484773,.0300261979996208,.0422833688167873,1,asrrea01,2,.663415055548473,.0211173146880875,1164.90219500001,3.40770915793495,.910332155789993,13090,1,4,3,.851927289483736,ReadJoy,No label provided,senwgt,06-OCT-21,15h11m,C:\Users\egonzalez\OneDrive - Educational Testing Service\Temp\ItemAnalysis\VideoExample,PIRLS2016Subset, 
ASBR06H,3,Disagree a little,READ\AGREE\BOOK HELPS IMAGE OTHER WORLDS,Y,8,-1,998,97.739931,.0832521137721499,.91674788622785,-.307828596877587,-.555100309435203,.0115310995069674,.0207937695502382,1,asrrea01,2,.663415055548473,.0211173146880875,1164.90219500001,3.40770915793495,.910332155789993,13090,1,4,3,.851927289483736,ReadJoy,No label provided,senwgt,06-OCT-21,15h11m,C:\Users\egonzalez\OneDrive - Educational Testing Service\Temp\ItemAnalysis\VideoExample,PIRLS2016Subset, 
ASBR06H,4,Disagree a lot,READ\AGREE\BOOK HELPS IMAGE OTHER WORLDS,Y,8,-1,900,81.291317,.0692416487543039,.930758351245696,-.471671414261865,-.899314611675263,-.0429363442814176,-.0818647910741543,1,asrrea01,2,.663415055548473,.0211173146880875,1164.90219500001,3.40770915793495,.910332155789993,13090,1,4,3,.851927289483736,ReadJoy,No label provided,senwgt,06-OCT-21,15h11m,C:\Users\egonzalez\OneDrive - Educational Testing Service\Temp\ItemAnalysis\VideoExample,PIRLS2016Subset, 
ASBR06H,9,Omitted or invalid,READ\AGREE\BOOK HELPS IMAGE OTHER WORLDS,Y,8,-1,136,9.121221,.00776919853189709,.992230801468103, , , , ,1,asrrea01,2,.663415055548473,.0211173146880875,1164.90219500001,3.40770915793495,.910332155789993,13090,1,4,3,.851927289483736,ReadJoy,No label provided,senwgt,06-OCT-21,15h11m,C:\Users\egonzalez\OneDrive - Educational Testing Service\Temp\ItemAnalysis\VideoExample,PIRLS2016Subset, 
