Item,Response,Val_Label,Var_Label,Reverse,ISeq,Key,NCases,SumWgt,p,q,rpb_ReadJoy_pplus,rbi_ReadJoy_pplus,rpb_asrrea01,rbi_asrrea01,IsKey,Criteria,IDCNTRY,CorrW_ReadJoy_pplus,CorrW_asrrea01,SumWgts,ItemMean,ItemStDev,ValidCases,ItemMin,ItemMax,NSteps,PPlus,Scale,ScaleLbl,Weight,Date,Time,InDir,InFile,SelCrit
ASBR06A,1,Agree a lot,READ\AGREE\TALKING ABOUT WHAT I READ,Y,1,-1,617,90.410233,.185941894083204,.814058105916796,.438231581003999,.63672882280086,.0343799497284195,.0499523673496491,1,asrrea01,208,.629633016092223,.096174678064346,485.120677999996,2.68300422353882,.909642017450074,3399,1,4,3,.670751055884705,ReadJoy,No label provided,senwgt,06-OCT-21,15h11m,C:\Users\egonzalez\OneDrive - Educational Testing Service\Temp\ItemAnalysis\VideoExample,PIRLS2016Subset, 
ASBR06A,2,Agree a little,READ\AGREE\TALKING ABOUT WHAT I READ,Y,1,-1,1455,207.884655,.42754525919133,.57245474080867,.190373606358211,.24004946618606,.0578907350891338,.0729966738620109,1,asrrea01,208,.629633016092223,.096174678064346,485.120677999996,2.68300422353882,.909642017450074,3399,1,4,3,.670751055884705,ReadJoy,No label provided,senwgt,06-OCT-21,15h11m,C:\Users\egonzalez\OneDrive - Educational Testing Service\Temp\ItemAnalysis\VideoExample,PIRLS2016Subset, 
ASBR06A,3,Disagree a little,READ\AGREE\TALKING ABOUT WHAT I READ,Y,1,-1,917,129.460141,.266253752778391,.733746247221609,-.289673360544254,-.389960655623652,-.020576127814113,-.0276997521536391,1,asrrea01,208,.629633016092223,.096174678064346,485.120677999996,2.68300422353882,.909642017450074,3399,1,4,3,.670751055884705,ReadJoy,No label provided,senwgt,06-OCT-21,15h11m,C:\Users\egonzalez\OneDrive - Educational Testing Service\Temp\ItemAnalysis\VideoExample,PIRLS2016Subset, 
ASBR06A,4,Disagree a lot,READ\AGREE\TALKING ABOUT WHAT I READ,Y,1,-1,410,57.3656489999999,.117980864294114,.882019135705886,-.422071294357257,-.688837306229486,-.100090025191555,-.16335094154741,1,asrrea01,208,.629633016092223,.096174678064346,485.120677999996,2.68300422353882,.909642017450074,3399,1,4,3,.670751055884705,ReadJoy,No label provided,senwgt,06-OCT-21,15h11m,C:\Users\egonzalez\OneDrive - Educational Testing Service\Temp\ItemAnalysis\VideoExample,PIRLS2016Subset, 
ASBR06A,9,Omitted or invalid,READ\AGREE\TALKING ABOUT WHAT I READ,Y,1,-1,9,1.10774,.00227822965296117,.997721770347039, , , , ,1,asrrea01,208,.629633016092223,.096174678064346,485.120677999996,2.68300422353882,.909642017450074,3399,1,4,3,.670751055884705,ReadJoy,No label provided,senwgt,06-OCT-21,15h11m,C:\Users\egonzalez\OneDrive - Educational Testing Service\Temp\ItemAnalysis\VideoExample,PIRLS2016Subset, 
ASBR06A,1,Agree a lot,READ\AGREE\TALKING ABOUT WHAT I READ,Y,1,-1,703,88.1298890000001,.205414116452521,.794585883547479,.385426166493925,.547388481734963,.000961413697273266,.00136541529823172,1,asrrea01,276,.608384981904457,.129517375373976,427.335501999997,2.55597448582684,1.01978640878707,3413,1,4,3,.638993621456709,ReadJoy,No label provided,senwgt,06-OCT-21,15h11m,C:\Users\egonzalez\OneDrive - Educational Testing Service\Temp\ItemAnalysis\VideoExample,PIRLS2016Subset, 
ASBR06A,2,Agree a little,READ\AGREE\TALKING ABOUT WHAT I READ,Y,1,-1,1134,142.137338,.331295273731519,.668704726268481,.230081949749842,.298566034568484,.125450936761141,.162791513034374,1,asrrea01,276,.608384981904457,.129517375373976,427.335501999997,2.55597448582684,1.01978640878707,3413,1,4,3,.638993621456709,ReadJoy,No label provided,senwgt,06-OCT-21,15h11m,C:\Users\egonzalez\OneDrive - Educational Testing Service\Temp\ItemAnalysis\VideoExample,PIRLS2016Subset, 
ASBR06A,3,Disagree a little,READ\AGREE\TALKING ABOUT WHAT I READ,Y,1,-1,935,116.258795,.270977280531464,.729022719468536,-.15306469949935,-.205383404568621,.0339616347593074,.0455699857275857,1,asrrea01,276,.608384981904457,.129517375373976,427.335501999997,2.55597448582684,1.01978640878707,3413,1,4,3,.638993621456709,ReadJoy,No label provided,senwgt,06-OCT-21,15h11m,C:\Users\egonzalez\OneDrive - Educational Testing Service\Temp\ItemAnalysis\VideoExample,PIRLS2016Subset, 
ASBR06A,4,Disagree a lot,READ\AGREE\TALKING ABOUT WHAT I READ,Y,1,-1,641,80.8094799999999,.188351626486079,.811648373513921,-.504207267681372,-.730388104684011,-.185685648269684,-.268981820373961,1,asrrea01,276,.608384981904457,.129517375373976,427.335501999997,2.55597448582684,1.01978640878707,3413,1,4,3,.638993621456709,ReadJoy,No label provided,senwgt,06-OCT-21,15h11m,C:\Users\egonzalez\OneDrive - Educational Testing Service\Temp\ItemAnalysis\VideoExample,PIRLS2016Subset, 
ASBR06A,9,Omitted or invalid,READ\AGREE\TALKING ABOUT WHAT I READ,Y,1,-1,13,1.69971,.00396170279841739,.996038297201583, , , , ,1,asrrea01,276,.608384981904457,.129517375373976,427.335501999997,2.55597448582684,1.01978640878707,3413,1,4,3,.638993621456709,ReadJoy,No label provided,senwgt,06-OCT-21,15h11m,C:\Users\egonzalez\OneDrive - Educational Testing Service\Temp\ItemAnalysis\VideoExample,PIRLS2016Subset, 
ASBR06A,1,Agree a lot,READ\AGREE\TALKING ABOUT WHAT I READ,Y,1,-1,3158,283.034881,.581478615018127,.418521384981873,.475311477487245,.600316076559009,.0173423122848411,.0219032557857312,1,asrrea01,504,.520588656178361,.0502265915788445,479.977960000001,3.3451518003035,.923402691512006,5212,1,4,3,.836287950075874,ReadJoy,No label provided,senwgt,06-OCT-21,15h11m,C:\Users\egonzalez\OneDrive - Educational Testing Service\Temp\ItemAnalysis\VideoExample,PIRLS2016Subset, 
ASBR06A,2,Agree a little,READ\AGREE\TALKING ABOUT WHAT I READ,Y,1,-1,1145,112.166708,.230439943615934,.769560056384066,-.15639774950027,-.216668556965414,.0618718027211159,.0857152628811313,1,asrrea01,504,.520588656178361,.0502265915788445,479.977960000001,3.3451518003035,.923402691512006,5212,1,4,3,.836287950075874,ReadJoy,No label provided,senwgt,06-OCT-21,15h11m,C:\Users\egonzalez\OneDrive - Educational Testing Service\Temp\ItemAnalysis\VideoExample,PIRLS2016Subset, 
ASBR06A,3,Disagree a little,READ\AGREE\TALKING ABOUT WHAT I READ,Y,1,-1,532,52.183118,.107207164978254,.892792835021746,-.261902836495302,-.438956160631281,-.0152372941437818,-.0255381126270618,1,asrrea01,504,.520588656178361,.0502265915788445,479.977960000001,3.3451518003035,.923402691512006,5212,1,4,3,.836287950075874,ReadJoy,No label provided,senwgt,06-OCT-21,15h11m,C:\Users\egonzalez\OneDrive - Educational Testing Service\Temp\ItemAnalysis\VideoExample,PIRLS2016Subset, 
ASBR06A,4,Disagree a lot,READ\AGREE\TALKING ABOUT WHAT I READ,Y,1,-1,377,32.593253,.0669609326822704,.93303906731773,-.315014862207167,-.606863046408457,-.0724710136385544,-.13961239734803,1,asrrea01,504,.520588656178361,.0502265915788445,479.977960000001,3.3451518003035,.923402691512006,5212,1,4,3,.836287950075874,ReadJoy,No label provided,senwgt,06-OCT-21,15h11m,C:\Users\egonzalez\OneDrive - Educational Testing Service\Temp\ItemAnalysis\VideoExample,PIRLS2016Subset, 
ASBR06A,9,Omitted or invalid,READ\AGREE\TALKING ABOUT WHAT I READ,Y,1,-1,79,6.772324,.0139133437054143,.986086656294586,-.0755713421860955,-.24937136075431,-.100586668523753,-.331917280782741,1,asrrea01,504,.520588656178361,.0502265915788445,479.977960000001,3.3451518003035,.923402691512006,5212,1,4,3,.836287950075874,ReadJoy,No label provided,senwgt,06-OCT-21,15h11m,C:\Users\egonzalez\OneDrive - Educational Testing Service\Temp\ItemAnalysis\VideoExample,PIRLS2016Subset, 
ASBR06A,1,Agree a lot,READ\AGREE\TALKING ABOUT WHAT I READ,Y,1,-1,5975,331.901160999999,.680891456986117,.319108543013883,.436658267304776,.569832245868574,-.0151034447304428,-.019709760413383,1,asrrea01,512,.531631131575822,.0233845855617888,483.412334999994,3.52931332420388,.82575893856689,8888,1,4,3,.882328331050969,ReadJoy,No label provided,senwgt,06-OCT-21,15h11m,C:\Users\egonzalez\OneDrive - Educational Testing Service\Temp\ItemAnalysis\VideoExample,PIRLS2016Subset, 
ASBR06A,2,Agree a little,READ\AGREE\TALKING ABOUT WHAT I READ,Y,1,-1,1972,103.716318,.212772846782104,.787227153217896,-.146622912359552,-.206622391647406,.0748144776441632,.105429267853997,1,asrrea01,512,.531631131575822,.0233845855617888,483.412334999994,3.52931332420388,.82575893856689,8888,1,4,3,.882328331050969,ReadJoy,No label provided,senwgt,06-OCT-21,15h11m,C:\Users\egonzalez\OneDrive - Educational Testing Service\Temp\ItemAnalysis\VideoExample,PIRLS2016Subset, 
ASBR06A,3,Disagree a little,READ\AGREE\TALKING ABOUT WHAT I READ,Y,1,-1,394,19.565141,.040137664241641,.959862335758359,-.221964869419867,-.504170331600569,.010479489668944,.0238030810695637,1,asrrea01,512,.531631131575822,.0233845855617888,483.412334999994,3.52931332420388,.82575893856689,8888,1,4,3,.882328331050969,ReadJoy,No label provided,senwgt,06-OCT-21,15h11m,C:\Users\egonzalez\OneDrive - Educational Testing Service\Temp\ItemAnalysis\VideoExample,PIRLS2016Subset, 
ASBR06A,4,Disagree a lot,READ\AGREE\TALKING ABOUT WHAT I READ,Y,1,-1,547,28.229715,.0579129392580006,.942087060741999,-.405354382659074,-.817214655282509,-.0705832564164738,-.142299365761685,1,asrrea01,512,.531631131575822,.0233845855617888,483.412334999994,3.52931332420388,.82575893856689,8888,1,4,3,.882328331050969,ReadJoy,No label provided,senwgt,06-OCT-21,15h11m,C:\Users\egonzalez\OneDrive - Educational Testing Service\Temp\ItemAnalysis\VideoExample,PIRLS2016Subset, 
ASBR06A,9,Omitted or invalid,READ\AGREE\TALKING ABOUT WHAT I READ,Y,1,-1,68,4.038576,.00828509273213771,.991714907267862, , , , ,1,asrrea01,512,.531631131575822,.0233845855617888,483.412334999994,3.52931332420388,.82575893856689,8888,1,4,3,.882328331050969,ReadJoy,No label provided,senwgt,06-OCT-21,15h11m,C:\Users\egonzalez\OneDrive - Educational Testing Service\Temp\ItemAnalysis\VideoExample,PIRLS2016Subset, 
ASBR06A,1,Agree a lot,READ\AGREE\TALKING ABOUT WHAT I READ,Y,1,-1,1566,139.18298,.295413587455064,.704586412544936,.417953078390344,.552289997943358,-.183239999399607,-.242136316548514,1,asrrea01,554,.580748845502476,-.114568919096485,469.372419000002,2.83512677595142,1.00095020236155,5313,1,4,3,.708781693987856,ReadJoy,No label provided,senwgt,06-OCT-21,15h11m,C:\Users\egonzalez\OneDrive - Educational Testing Service\Temp\ItemAnalysis\VideoExample,PIRLS2016Subset, 
ASBR06A,2,Agree a little,READ\AGREE\TALKING ABOUT WHAT I READ,Y,1,-1,1998,176.75405,.375157566016419,.624842433983581,.0965670209730764,.123282265247057,.105431023606485,.134598492182411,1,asrrea01,554,.580748845502476,-.114568919096485,469.372419000002,2.83512677595142,1.00095020236155,5313,1,4,3,.708781693987856,ReadJoy,No label provided,senwgt,06-OCT-21,15h11m,C:\Users\egonzalez\OneDrive - Educational Testing Service\Temp\ItemAnalysis\VideoExample,PIRLS2016Subset, 
ASBR06A,3,Disagree a little,READ\AGREE\TALKING ABOUT WHAT I READ,Y,1,-1,1044,90.3008539999999,.191662078440884,.808337921559116,-.212231962576213,-.306196505478449,.105328319824533,.151961858462327,1,asrrea01,554,.580748845502476,-.114568919096485,469.372419000002,2.83512677595142,1.00095020236155,5313,1,4,3,.708781693987856,ReadJoy,No label provided,senwgt,06-OCT-21,15h11m,C:\Users\egonzalez\OneDrive - Educational Testing Service\Temp\ItemAnalysis\VideoExample,PIRLS2016Subset, 
ASBR06A,4,Disagree a lot,READ\AGREE\TALKING ABOUT WHAT I READ,Y,1,-1,705,63.134535,.134002012865778,.865997987134222,-.446094208959217,-.703486993889341,-.0155461168753543,-.0245161017732359,1,asrrea01,554,.580748845502476,-.114568919096485,469.372419000002,2.83512677595142,1.00095020236155,5313,1,4,3,.708781693987856,ReadJoy,No label provided,senwgt,06-OCT-21,15h11m,C:\Users\egonzalez\OneDrive - Educational Testing Service\Temp\ItemAnalysis\VideoExample,PIRLS2016Subset, 
ASBR06A,9,Omitted or invalid,READ\AGREE\TALKING ABOUT WHAT I READ,Y,1,-1,17,1.77375,.00376475522185557,.996235244778144, , , , ,1,asrrea01,554,.580748845502476,-.114568919096485,469.372419000002,2.83512677595142,1.00095020236155,5313,1,4,3,.708781693987856,ReadJoy,No label provided,senwgt,06-OCT-21,15h11m,C:\Users\egonzalez\OneDrive - Educational Testing Service\Temp\ItemAnalysis\VideoExample,PIRLS2016Subset, 
ASBR06B,1,Agree a lot,READ\AGREE\HAPPY ABOUT BOOK AS A PRESENT,Y,2,-1,910,130.830181,.269071440822285,.730928559177715,.535040525672285,.718861250258619,.108211439085061,.145389006365879,1,asrrea01,208,.726419782428863,.177212644958429,482.979465999996,2.75130761149174,1.00925172048021,3385,1,4,3,.687826902872934,ReadJoy,No label provided,senwgt,06-OCT-21,15h11m,C:\Users\egonzalez\OneDrive - Educational Testing Service\Temp\ItemAnalysis\VideoExample,PIRLS2016Subset, 
ASBR06B,2,Agree a little,READ\AGREE\HAPPY ABOUT BOOK AS A PRESENT,Y,2,-1,1203,170.724081,.35111909275529,.64888090724471,.135956192710221,.174999006145073,.0529099772501342,.0681042418837594,1,asrrea01,208,.726419782428863,.177212644958429,482.979465999996,2.75130761149174,1.00925172048021,3385,1,4,3,.687826902872934,ReadJoy,No label provided,senwgt,06-OCT-21,15h11m,C:\Users\egonzalez\OneDrive - Educational Testing Service\Temp\ItemAnalysis\VideoExample,PIRLS2016Subset, 
ASBR06B,3,Disagree a little,READ\AGREE\HAPPY ABOUT BOOK AS A PRESENT,Y,2,-1,781,111.90691,.230152960742825,.769847039257175,-.267543190198478,-.370742442103635,-.0285526606262309,-.0395662588955156,1,asrrea01,208,.726419782428863,.177212644958429,482.979465999996,2.75130761149174,1.00925172048021,3385,1,4,3,.687826902872934,ReadJoy,No label provided,senwgt,06-OCT-21,15h11m,C:\Users\egonzalez\OneDrive - Educational Testing Service\Temp\ItemAnalysis\VideoExample,PIRLS2016Subset, 
ASBR06B,4,Disagree a lot,READ\AGREE\HAPPY ABOUT BOOK AS A PRESENT,Y,2,-1,491,69.518294,.142974559746938,.857025440253062,-.540441439278381,-.837930260475152,-.16669500941191,-.258453150526233,1,asrrea01,208,.726419782428863,.177212644958429,482.979465999996,2.75130761149174,1.00925172048021,3385,1,4,3,.687826902872934,ReadJoy,No label provided,senwgt,06-OCT-21,15h11m,C:\Users\egonzalez\OneDrive - Educational Testing Service\Temp\ItemAnalysis\VideoExample,PIRLS2016Subset, 
ASBR06B,9,Omitted or invalid,READ\AGREE\HAPPY ABOUT BOOK AS A PRESENT,Y,2,-1,23,3.248952,.00668194593266245,.993318054067338, , , , ,1,asrrea01,208,.726419782428863,.177212644958429,482.979465999996,2.75130761149174,1.00925172048021,3385,1,4,3,.687826902872934,ReadJoy,No label provided,senwgt,06-OCT-21,15h11m,C:\Users\egonzalez\OneDrive - Educational Testing Service\Temp\ItemAnalysis\VideoExample,PIRLS2016Subset, 
ASBR06B,1,Agree a lot,READ\AGREE\HAPPY ABOUT BOOK AS A PRESENT,Y,2,-1,1685,209.353641,.487963773472281,.512036226527719,.602246608450469,.754929071373411,.144002341247533,.180510030655553,1,asrrea01,276,.751335215116744,.220389668185231,426.632539999997,3.16314491857562,.989974331435536,3404,1,4,3,.790786229643905,ReadJoy,No label provided,senwgt,06-OCT-21,15h11m,C:\Users\egonzalez\OneDrive - Educational Testing Service\Temp\ItemAnalysis\VideoExample,PIRLS2016Subset, 
ASBR06B,2,Agree a little,READ\AGREE\HAPPY ABOUT BOOK AS A PRESENT,Y,2,-1,923,117.224106,.273227238047771,.726772761952229,-.0448046403592453,-.0600277798751636,.0398093005662572,.053335188324582,1,asrrea01,276,.751335215116744,.220389668185231,426.632539999997,3.16314491857562,.989974331435536,3404,1,4,3,.790786229643905,ReadJoy,No label provided,senwgt,06-OCT-21,15h11m,C:\Users\egonzalez\OneDrive - Educational Testing Service\Temp\ItemAnalysis\VideoExample,PIRLS2016Subset, 
ASBR06B,3,Disagree a little,READ\AGREE\HAPPY ABOUT BOOK AS A PRESENT,Y,2,-1,486,60.358876,.140685133321877,.859314866678123,-.352680855715217,-.549114184307046,-.0933527343559633,-.145347584786682,1,asrrea01,276,.751335215116744,.220389668185231,426.632539999997,3.16314491857562,.989974331435536,3404,1,4,3,.790786229643905,ReadJoy,No label provided,senwgt,06-OCT-21,15h11m,C:\Users\egonzalez\OneDrive - Educational Testing Service\Temp\ItemAnalysis\VideoExample,PIRLS2016Subset, 
ASBR06B,4,Disagree a lot,READ\AGREE\HAPPY ABOUT BOOK AS A PRESENT,Y,2,-1,310,39.695917,.0925236807835716,.907476319216428,-.544429545280532,-.951743017302254,-.193646056398438,-.338521822709613,1,asrrea01,276,.751335215116744,.220389668185231,426.632539999997,3.16314491857562,.989974331435536,3404,1,4,3,.790786229643905,ReadJoy,No label provided,senwgt,06-OCT-21,15h11m,C:\Users\egonzalez\OneDrive - Educational Testing Service\Temp\ItemAnalysis\VideoExample,PIRLS2016Subset, 
ASBR06B,9,Omitted or invalid,READ\AGREE\HAPPY ABOUT BOOK AS A PRESENT,Y,2,-1,22,2.402672,.00560017437449866,.994399825625501, , , , ,1,asrrea01,276,.751335215116744,.220389668185231,426.632539999997,3.16314491857562,.989974331435536,3404,1,4,3,.790786229643905,ReadJoy,No label provided,senwgt,06-OCT-21,15h11m,C:\Users\egonzalez\OneDrive - Educational Testing Service\Temp\ItemAnalysis\VideoExample,PIRLS2016Subset, 
ASBR06B,1,Agree a lot,READ\AGREE\HAPPY ABOUT BOOK AS A PRESENT,Y,2,-1,3830,360.626656,.740886380253247,.259113619746753,.5367977415194,.726378761044189,.0962656648460921,.130263838599761,1,asrrea01,504,.568863757707941,.0862997624579129,475.192576000001,3.64635542622619,.724677452915889,5128,1,4,3,.911588856556547,ReadJoy,No label provided,senwgt,06-OCT-21,15h11m,C:\Users\egonzalez\OneDrive - Educational Testing Service\Temp\ItemAnalysis\VideoExample,PIRLS2016Subset, 
ASBR06B,2,Agree a little,READ\AGREE\HAPPY ABOUT BOOK AS A PRESENT,Y,2,-1,870,77.8022999999998,.159840276539006,.840159723460994,-.303339593120475,-.457165843563346,-.0405165353623461,-.0610628367917488,1,asrrea01,504,.568863757707941,.0862997624579129,475.192576000001,3.64635542622619,.724677452915889,5128,1,4,3,.911588856556547,ReadJoy,No label provided,senwgt,06-OCT-21,15h11m,C:\Users\egonzalez\OneDrive - Educational Testing Service\Temp\ItemAnalysis\VideoExample,PIRLS2016Subset, 
ASBR06B,3,Disagree a little,READ\AGREE\HAPPY ABOUT BOOK AS A PRESENT,Y,2,-1,237,20.043884,.041178987786682,.958821012213318,-.293617673227607,-.661261829300893,-.00386945646289795,-.00871447495284994,1,asrrea01,504,.568863757707941,.0862997624579129,475.192576000001,3.64635542622619,.724677452915889,5128,1,4,3,.911588856556547,ReadJoy,No label provided,senwgt,06-OCT-21,15h11m,C:\Users\egonzalez\OneDrive - Educational Testing Service\Temp\ItemAnalysis\VideoExample,PIRLS2016Subset, 
ASBR06B,4,Disagree a lot,READ\AGREE\HAPPY ABOUT BOOK AS A PRESENT,Y,2,-1,191,16.719736,.0343497200712471,.965650279928753,-.305572924633098,-.731415510180229,-.0726697511279501,-.173941402562872,1,asrrea01,504,.568863757707941,.0862997624579129,475.192576000001,3.64635542622619,.724677452915889,5128,1,4,3,.911588856556547,ReadJoy,No label provided,senwgt,06-OCT-21,15h11m,C:\Users\egonzalez\OneDrive - Educational Testing Service\Temp\ItemAnalysis\VideoExample,PIRLS2016Subset, 
ASBR06B,9,Omitted or invalid,READ\AGREE\HAPPY ABOUT BOOK AS A PRESENT,Y,2,-1,163,11.557708,.0237446353498173,.976255364650183,-.0659430960415763,-.17937888650057,-.0875328721263635,-.238107551461099,1,asrrea01,504,.568863757707941,.0862997624579129,475.192576000001,3.64635542622619,.724677452915889,5128,1,4,3,.911588856556547,ReadJoy,No label provided,senwgt,06-OCT-21,15h11m,C:\Users\egonzalez\OneDrive - Educational Testing Service\Temp\ItemAnalysis\VideoExample,PIRLS2016Subset, 
ASBR06B,1,Agree a lot,READ\AGREE\HAPPY ABOUT BOOK AS A PRESENT,Y,2,-1,6649,368.083500000002,.755251011857046,.244748988142954,.550607561689674,.75344952913547,.145601102459371,.199240057206929,1,asrrea01,512,.62961282450177,.144335800476065,480.450034999995,3.64669446428493,.748425991273781,8829,1,4,3,.911673616071232,ReadJoy,No label provided,senwgt,06-OCT-21,15h11m,C:\Users\egonzalez\OneDrive - Educational Testing Service\Temp\ItemAnalysis\VideoExample,PIRLS2016Subset, 
ASBR06B,2,Agree a little,READ\AGREE\HAPPY ABOUT BOOK AS A PRESENT,Y,2,-1,1503,77.001425,.157995140085563,.842004859914437,-.261093016396333,-.39463865467736,-.0684073700769744,-.103396838681483,1,asrrea01,512,.62961282450177,.144335800476065,480.450034999995,3.64669446428493,.748425991273781,8829,1,4,3,.911673616071232,ReadJoy,No label provided,senwgt,06-OCT-21,15h11m,C:\Users\egonzalez\OneDrive - Educational Testing Service\Temp\ItemAnalysis\VideoExample,PIRLS2016Subset, 
ASBR06B,3,Disagree a little,READ\AGREE\HAPPY ABOUT BOOK AS A PRESENT,Y,2,-1,284,13.351098,.0273944098931426,.972605590106857,-.28149287294365,-.728290441268301,-.0716504568020265,-.185377136748572,1,asrrea01,512,.62961282450177,.144335800476065,480.450034999995,3.64669446428493,.748425991273781,8829,1,4,3,.911673616071232,ReadJoy,No label provided,senwgt,06-OCT-21,15h11m,C:\Users\egonzalez\OneDrive - Educational Testing Service\Temp\ItemAnalysis\VideoExample,PIRLS2016Subset, 
ASBR06B,4,Disagree a lot,READ\AGREE\HAPPY ABOUT BOOK AS A PRESENT,Y,2,-1,393,22.014012,.045169383680695,.954830616319305,-.439717982392289,-.960502664875461,-.088511885964772,-.193341882175905,1,asrrea01,512,.62961282450177,.144335800476065,480.450034999995,3.64669446428493,.748425991273781,8829,1,4,3,.911673616071232,ReadJoy,No label provided,senwgt,06-OCT-21,15h11m,C:\Users\egonzalez\OneDrive - Educational Testing Service\Temp\ItemAnalysis\VideoExample,PIRLS2016Subset, 
ASBR06B,9,Omitted or invalid,READ\AGREE\HAPPY ABOUT BOOK AS A PRESENT,Y,2,-1,126,6.915747,.0141900544835542,.985809945516446,-.0357683731347421,-.117174408574329,-.06401745487216,-.209716203329168,1,asrrea01,512,.62961282450177,.144335800476065,480.450034999995,3.64669446428493,.748425991273781,8829,1,4,3,.911673616071232,ReadJoy,No label provided,senwgt,06-OCT-21,15h11m,C:\Users\egonzalez\OneDrive - Educational Testing Service\Temp\ItemAnalysis\VideoExample,PIRLS2016Subset, 
ASBR06B,1,Agree a lot,READ\AGREE\HAPPY ABOUT BOOK AS A PRESENT,Y,2,-1,2977,262.734785000001,.557650262884766,.442349737115234,.600440041260264,.755422389185781,.090568366795242,.113945385596728,1,asrrea01,554,.723629092363147,.107229101848696,467.427541000002,3.34307170402696,.88628625118849,5288,1,4,3,.835767926006739,ReadJoy,No label provided,senwgt,06-OCT-21,15h11m,C:\Users\egonzalez\OneDrive - Educational Testing Service\Temp\ItemAnalysis\VideoExample,PIRLS2016Subset, 
ASBR06B,2,Agree a little,READ\AGREE\HAPPY ABOUT BOOK AS A PRESENT,Y,2,-1,1483,130.46281,.276905169953743,.723094830046257,-.179558918481295,-.23998153124243,-.0255069101976364,-.034090132744532,1,asrrea01,554,.723629092363147,.107229101848696,467.427541000002,3.34307170402696,.88628625118849,5288,1,4,3,.835767926006739,ReadJoy,No label provided,senwgt,06-OCT-21,15h11m,C:\Users\egonzalez\OneDrive - Educational Testing Service\Temp\ItemAnalysis\VideoExample,PIRLS2016Subset, 
ASBR06B,3,Disagree a little,READ\AGREE\HAPPY ABOUT BOOK AS A PRESENT,Y,2,-1,505,46.0862699999999,.0978173506065373,.902182649393463,-.332513348746892,-.572009634272033,-.0277006980725571,-.047652421273543,1,asrrea01,554,.723629092363147,.107229101848696,467.427541000002,3.34307170402696,.88628625118849,5288,1,4,3,.835767926006739,ReadJoy,No label provided,senwgt,06-OCT-21,15h11m,C:\Users\egonzalez\OneDrive - Educational Testing Service\Temp\ItemAnalysis\VideoExample,PIRLS2016Subset, 
ASBR06B,4,Disagree a lot,READ\AGREE\HAPPY ABOUT BOOK AS A PRESENT,Y,2,-1,323,28.143676,.0597344897438824,.940265510256118,-.503586247237752,-1.0053676299497,-.0886429501395301,-.17696820193633,1,asrrea01,554,.723629092363147,.107229101848696,467.427541000002,3.34307170402696,.88628625118849,5288,1,4,3,.835767926006739,ReadJoy,No label provided,senwgt,06-OCT-21,15h11m,C:\Users\egonzalez\OneDrive - Educational Testing Service\Temp\ItemAnalysis\VideoExample,PIRLS2016Subset, 
ASBR06B,9,Omitted or invalid,READ\AGREE\HAPPY ABOUT BOOK AS A PRESENT,Y,2,-1,42,3.718628,.00789272681107165,.992107273188928, , , , ,1,asrrea01,554,.723629092363147,.107229101848696,467.427541000002,3.34307170402696,.88628625118849,5288,1,4,3,.835767926006739,ReadJoy,No label provided,senwgt,06-OCT-21,15h11m,C:\Users\egonzalez\OneDrive - Educational Testing Service\Temp\ItemAnalysis\VideoExample,PIRLS2016Subset, 
ASBR06C,1,Agree a lot,READ\AGREE\READING IS BORING,N,3,-1,274,38.296242,.078761834113941,.921238165886059,-.45387858326944,-.832144383250448,-.162022452443512,-.297053173979115,1,asrrea01,208,.702760885214705,.262778258355195,478.365140999996,3.01934292072509,.957378645785564,3357,1,4,3,.754835730181273,ReadJoy,No label provided,senwgt,06-OCT-21,15h11m,C:\Users\egonzalez\OneDrive - Educational Testing Service\Temp\ItemAnalysis\VideoExample,PIRLS2016Subset, 
ASBR06C,2,Agree a little,READ\AGREE\READING IS BORING,N,3,-1,696,99.3444819999999,.204316486495448,.795683513504552,-.316598428926191,-.450176863968669,-.131583785172596,-.187101294087394,1,asrrea01,208,.702760885214705,.262778258355195,478.365140999996,3.01934292072509,.957378645785564,3357,1,4,3,.754835730181273,ReadJoy,No label provided,senwgt,06-OCT-21,15h11m,C:\Users\egonzalez\OneDrive - Educational Testing Service\Temp\ItemAnalysis\VideoExample,PIRLS2016Subset, 
ASBR06C,3,Disagree a little,READ\AGREE\READING IS BORING,N,3,-1,1101,155.534472,.319879435759347,.680120564240653,-.0865519992675007,-.112907013256082,-.0141341557421918,-.0184379947690751,1,asrrea01,208,.702760885214705,.262778258355195,478.365140999996,3.01934292072509,.957378645785564,3357,1,4,3,.754835730181273,ReadJoy,No label provided,senwgt,06-OCT-21,15h11m,C:\Users\egonzalez\OneDrive - Educational Testing Service\Temp\ItemAnalysis\VideoExample,PIRLS2016Subset, 
ASBR06C,4,Disagree a lot,READ\AGREE\READING IS BORING,N,3,-1,1286,185.189945,.38087026209151,.61912973790849,.596464027795806,.760178219367246,.218586791744758,.278583301561003,1,asrrea01,208,.702760885214705,.262778258355195,478.365140999996,3.01934292072509,.957378645785564,3357,1,4,3,.754835730181273,ReadJoy,No label provided,senwgt,06-OCT-21,15h11m,C:\Users\egonzalez\OneDrive - Educational Testing Service\Temp\ItemAnalysis\VideoExample,PIRLS2016Subset, 
ASBR06C,9,Omitted or invalid,READ\AGREE\READING IS BORING,N,3,-1,51,7.863277,.0161719815397544,.983828018460246,.00507131889681367,.0158352103686362,-.0226351908581051,-.070678459837643,1,asrrea01,208,.702760885214705,.262778258355195,478.365140999996,3.01934292072509,.957378645785564,3357,1,4,3,.754835730181273,ReadJoy,No label provided,senwgt,06-OCT-21,15h11m,C:\Users\egonzalez\OneDrive - Educational Testing Service\Temp\ItemAnalysis\VideoExample,PIRLS2016Subset, 
ASBR06C,1,Agree a lot,READ\AGREE\READING IS BORING,N,3,-1,372,46.56399,.108531861016573,.891468138983427,-.519752090640362,-.86812093673717,-.216499740458084,-.361610777280885,1,asrrea01,276,.717749689619572,.327953299765987,423.239709999997,3.21042056994134,1.03844314004749,3385,1,4,3,.802605142485334,ReadJoy,No label provided,senwgt,06-OCT-21,15h11m,C:\Users\egonzalez\OneDrive - Educational Testing Service\Temp\ItemAnalysis\VideoExample,PIRLS2016Subset, 
ASBR06C,2,Agree a little,READ\AGREE\READING IS BORING,N,3,-1,418,52.812797,.123096649232604,.876903350767396,-.29286904371146,-.47247299009927,-.171512989908968,-.276694505353708,1,asrrea01,276,.717749689619572,.327953299765987,423.239709999997,3.21042056994134,1.03844314004749,3385,1,4,3,.802605142485334,ReadJoy,No label provided,senwgt,06-OCT-21,15h11m,C:\Users\egonzalez\OneDrive - Educational Testing Service\Temp\ItemAnalysis\VideoExample,PIRLS2016Subset, 
ASBR06C,3,Disagree a little,READ\AGREE\READING IS BORING,N,3,-1,710,88.8638050000002,.207124735952909,.792875264047092,-.138673611317874,-.196583180032759,-.016933220295287,-.0240044682056514,1,asrrea01,276,.717749689619572,.327953299765987,423.239709999997,3.21042056994134,1.03844314004749,3385,1,4,3,.802605142485334,ReadJoy,No label provided,senwgt,06-OCT-21,15h11m,C:\Users\egonzalez\OneDrive - Educational Testing Service\Temp\ItemAnalysis\VideoExample,PIRLS2016Subset, 
ASBR06C,4,Disagree a lot,READ\AGREE\READING IS BORING,N,3,-1,1885,234.999118,.547738533871201,.452261466128799,.634799614380735,.797686665590512,.286925451998289,.360549379509062,1,asrrea01,276,.717749689619572,.327953299765987,423.239709999997,3.21042056994134,1.03844314004749,3385,1,4,3,.802605142485334,ReadJoy,No label provided,senwgt,06-OCT-21,15h11m,C:\Users\egonzalez\OneDrive - Educational Testing Service\Temp\ItemAnalysis\VideoExample,PIRLS2016Subset, 
ASBR06C,9,Omitted or invalid,READ\AGREE\READING IS BORING,N,3,-1,41,5.795502,.0135082199267131,.986491780073287,-.0161296881536279,-.0538095819244273,-.106139957902941,-.354089099915362,1,asrrea01,276,.717749689619572,.327953299765987,423.239709999997,3.21042056994134,1.03844314004749,3385,1,4,3,.802605142485334,ReadJoy,No label provided,senwgt,06-OCT-21,15h11m,C:\Users\egonzalez\OneDrive - Educational Testing Service\Temp\ItemAnalysis\VideoExample,PIRLS2016Subset, 
ASBR06C,1,Agree a lot,READ\AGREE\READING IS BORING,N,3,-1,770,67.2987970000001,.138261443726246,.861738556273754,-.314845742621145,-.492436369891803,-.240007571054208,-.375385279319785,1,asrrea01,504,.507103403976765,.339974501556499,471.140842000001,3.31116183937203,1.11641947610264,5084,1,4,3,.827790459843008,ReadJoy,No label provided,senwgt,06-OCT-21,15h11m,C:\Users\egonzalez\OneDrive - Educational Testing Service\Temp\ItemAnalysis\VideoExample,PIRLS2016Subset, 
ASBR06C,2,Agree a little,READ\AGREE\READING IS BORING,N,3,-1,440,40.601407,.0834132168683029,.916586783131697,-.27375399481737,-.493370816649244,-.172951479884046,-.311700338575929,1,asrrea01,504,.507103403976765,.339974501556499,471.140842000001,3.31116183937203,1.11641947610264,5084,1,4,3,.827790459843008,ReadJoy,No label provided,senwgt,06-OCT-21,15h11m,C:\Users\egonzalez\OneDrive - Educational Testing Service\Temp\ItemAnalysis\VideoExample,PIRLS2016Subset, 
ASBR06C,3,Disagree a little,READ\AGREE\READING IS BORING,N,3,-1,430,41.440586,.0851372610601292,.914862738939871,-.211531818140899,-.378925818401894,-.0437551733707914,-.0783804773417122,1,asrrea01,504,.507103403976765,.339974501556499,471.140842000001,3.31116183937203,1.11641947610264,5084,1,4,3,.827790459843008,ReadJoy,No label provided,senwgt,06-OCT-21,15h11m,C:\Users\egonzalez\OneDrive - Educational Testing Service\Temp\ItemAnalysis\VideoExample,PIRLS2016Subset, 
ASBR06C,4,Disagree a lot,READ\AGREE\READING IS BORING,N,3,-1,3444,321.800052,.661119392382316,.338880607617684,.533135117546386,.689576589852021,.331384689886628,.428625158726874,1,asrrea01,504,.507103403976765,.339974501556499,471.140842000001,3.31116183937203,1.11641947610264,5084,1,4,3,.827790459843008,ReadJoy,No label provided,senwgt,06-OCT-21,15h11m,C:\Users\egonzalez\OneDrive - Educational Testing Service\Temp\ItemAnalysis\VideoExample,PIRLS2016Subset, 
ASBR06C,9,Omitted or invalid,READ\AGREE\READING IS BORING,N,3,-1,207,15.609442,.0320686859630061,.967931314036994,-.0507524858549509,-.12435981559674,-.0793273930969892,-.194377473558753,1,asrrea01,504,.507103403976765,.339974501556499,471.140842000001,3.31116183937203,1.11641947610264,5084,1,4,3,.827790459843008,ReadJoy,No label provided,senwgt,06-OCT-21,15h11m,C:\Users\egonzalez\OneDrive - Educational Testing Service\Temp\ItemAnalysis\VideoExample,PIRLS2016Subset, 
ASBR06C,1,Agree a lot,READ\AGREE\READING IS BORING,N,3,-1,1438,77.1432819999999,.158383048092925,.841616951907075,-.31310226704614,-.472959642432832,-.233780777085257,-.353139802471052,1,asrrea01,512,.501330161458035,.314037314878705,474.866317999995,3.19670848501836,1.1624533896452,8692,1,4,3,.799177121254589,ReadJoy,No label provided,senwgt,06-OCT-21,15h11m,C:\Users\egonzalez\OneDrive - Educational Testing Service\Temp\ItemAnalysis\VideoExample,PIRLS2016Subset, 
ASBR06C,2,Agree a little,READ\AGREE\READING IS BORING,N,3,-1,1004,51.219606,.105159089814181,.894840910185819,-.267390810705144,-.450596418590597,-.120141885647601,-.202458353945552,1,asrrea01,512,.501330161458035,.314037314878705,474.866317999995,3.19670848501836,1.1624533896452,8692,1,4,3,.799177121254589,ReadJoy,No label provided,senwgt,06-OCT-21,15h11m,C:\Users\egonzalez\OneDrive - Educational Testing Service\Temp\ItemAnalysis\VideoExample,PIRLS2016Subset, 
ASBR06C,3,Disagree a little,READ\AGREE\READING IS BORING,N,3,-1,909,47.587026,.0977010315370984,.902298968462902,-.183480315783063,-.315741877113498,-.0495549752718078,-.0852766186163164,1,asrrea01,512,.501330161458035,.314037314878705,474.866317999995,3.19670848501836,1.1624533896452,8692,1,4,3,.799177121254589,ReadJoy,No label provided,senwgt,06-OCT-21,15h11m,C:\Users\egonzalez\OneDrive - Educational Testing Service\Temp\ItemAnalysis\VideoExample,PIRLS2016Subset, 
ASBR06C,4,Disagree a lot,READ\AGREE\READING IS BORING,N,3,-1,5341,298.916404,.613705950318477,.386294049681523,.525834499840686,.669134525918144,.307673487625254,.391520437213764,1,asrrea01,512,.501330161458035,.314037314878705,474.866317999995,3.19670848501836,1.1624533896452,8692,1,4,3,.799177121254589,ReadJoy,No label provided,senwgt,06-OCT-21,15h11m,C:\Users\egonzalez\OneDrive - Educational Testing Service\Temp\ItemAnalysis\VideoExample,PIRLS2016Subset, 
ASBR06C,9,Omitted or invalid,READ\AGREE\READING IS BORING,N,3,-1,252,12.201477,.0250508802373189,.974949119762681,-.0333594500461315,-.0890498599726404,-.0824471555217384,-.220084792890784,1,asrrea01,512,.501330161458035,.314037314878705,474.866317999995,3.19670848501836,1.1624533896452,8692,1,4,3,.799177121254589,ReadJoy,No label provided,senwgt,06-OCT-21,15h11m,C:\Users\egonzalez\OneDrive - Educational Testing Service\Temp\ItemAnalysis\VideoExample,PIRLS2016Subset, 
ASBR06C,1,Agree a lot,READ\AGREE\READING IS BORING,N,3,-1,430,38.714787,.082171499095857,.917828500904143,-.32594862546081,-.590065750478807,-.272206948833048,-.492777036017999,1,asrrea01,554,.57381720533124,.351029099405331,466.685137000002,3.26176272676109,.988062854673726,5281,1,4,3,.815440681690274,ReadJoy,No label provided,senwgt,06-OCT-21,15h11m,C:\Users\egonzalez\OneDrive - Educational Testing Service\Temp\ItemAnalysis\VideoExample,PIRLS2016Subset, 
ASBR06C,2,Agree a little,READ\AGREE\READING IS BORING,N,3,-1,712,66.080617,.140255023489324,.859744976510676,-.31937501220029,-.497654912807757,-.14347436363008,-.223563895717985,1,asrrea01,554,.57381720533124,.351029099405331,466.685137000002,3.26176272676109,.988062854673726,5281,1,4,3,.815440681690274,ReadJoy,No label provided,senwgt,06-OCT-21,15h11m,C:\Users\egonzalez\OneDrive - Educational Testing Service\Temp\ItemAnalysis\VideoExample,PIRLS2016Subset, 
ASBR06C,3,Disagree a little,READ\AGREE\READING IS BORING,N,3,-1,1106,96.2187680000001,.204222753639752,.795777246360248,-.178356866153687,-.253634804403721,-.0423590481766345,-.0602372598863156,1,asrrea01,554,.57381720533124,.351029099405331,466.685137000002,3.26176272676109,.988062854673726,5281,1,4,3,.815440681690274,ReadJoy,No label provided,senwgt,06-OCT-21,15h11m,C:\Users\egonzalez\OneDrive - Educational Testing Service\Temp\ItemAnalysis\VideoExample,PIRLS2016Subset, 
ASBR06C,4,Disagree a lot,READ\AGREE\READING IS BORING,N,3,-1,3033,265.670965,.563882256676059,.436117743323941,.546204975453062,.687792990389681,.291283559334797,.366790489522823,1,asrrea01,554,.57381720533124,.351029099405331,466.685137000002,3.26176272676109,.988062854673726,5281,1,4,3,.815440681690274,ReadJoy,No label provided,senwgt,06-OCT-21,15h11m,C:\Users\egonzalez\OneDrive - Educational Testing Service\Temp\ItemAnalysis\VideoExample,PIRLS2016Subset, 
ASBR06C,9,Omitted or invalid,READ\AGREE\READING IS BORING,N,3,-1,49,4.461032,.00946846709900766,.990531532900992, , , , ,1,asrrea01,554,.57381720533124,.351029099405331,466.685137000002,3.26176272676109,.988062854673726,5281,1,4,3,.815440681690274,ReadJoy,No label provided,senwgt,06-OCT-21,15h11m,C:\Users\egonzalez\OneDrive - Educational Testing Service\Temp\ItemAnalysis\VideoExample,PIRLS2016Subset, 
ASBR06D,1,Agree a lot,READ\AGREE\MORE TIME FOR READING,Y,4,-1,520,76.056653,.156421653248577,.843578346751423,.451330337834373,.683894510029707,.062595908102969,.094850698730681,1,asrrea01,208,.724441678339728,.0995842120786791,481.743355999996,2.42613757189007,.976916865447442,3376,1,4,3,.606534392972517,ReadJoy,No label provided,senwgt,06-OCT-21,15h11m,C:\Users\egonzalez\OneDrive - Educational Testing Service\Temp\ItemAnalysis\VideoExample,PIRLS2016Subset, 
ASBR06D,2,Agree a little,READ\AGREE\MORE TIME FOR READING,Y,4,-1,1045,147.617871,.303597785598784,.696402214401216,.305228303158304,.401496307802961,.0224647597121448,.0295500711656774,1,asrrea01,208,.724441678339728,.0995842120786791,481.743355999996,2.42613757189007,.976916865447442,3376,1,4,3,.606534392972517,ReadJoy,No label provided,senwgt,06-OCT-21,15h11m,C:\Users\egonzalez\OneDrive - Educational Testing Service\Temp\ItemAnalysis\VideoExample,PIRLS2016Subset, 
ASBR06D,3,Disagree a little,READ\AGREE\MORE TIME FOR READING,Y,4,-1,1136,163.626599,.336522080862826,.663477919137174,-.147855142741416,-.191430895584022,.0237923184050717,.0308043720080039,1,asrrea01,208,.724441678339728,.0995842120786791,481.743355999996,2.42613757189007,.976916865447442,3376,1,4,3,.606534392972517,ReadJoy,No label provided,senwgt,06-OCT-21,15h11m,C:\Users\egonzalez\OneDrive - Educational Testing Service\Temp\ItemAnalysis\VideoExample,PIRLS2016Subset, 
ASBR06D,4,Disagree a lot,READ\AGREE\MORE TIME FOR READING,Y,4,-1,675,94.442233,.194234292986141,.805765707013859,-.589671230332624,-.848137316900637,-.105129153390574,-.151209612234976,1,asrrea01,208,.724441678339728,.0995842120786791,481.743355999996,2.42613757189007,.976916865447442,3376,1,4,3,.606534392972517,ReadJoy,No label provided,senwgt,06-OCT-21,15h11m,C:\Users\egonzalez\OneDrive - Educational Testing Service\Temp\ItemAnalysis\VideoExample,PIRLS2016Subset, 
ASBR06D,9,Omitted or invalid,READ\AGREE\MORE TIME FOR READING,Y,4,-1,32,4.485062,.00922418730367175,.990775812696328, , , , ,1,asrrea01,208,.724441678339728,.0995842120786791,481.743355999996,2.42613757189007,.976916865447442,3376,1,4,3,.606534392972517,ReadJoy,No label provided,senwgt,06-OCT-21,15h11m,C:\Users\egonzalez\OneDrive - Educational Testing Service\Temp\ItemAnalysis\VideoExample,PIRLS2016Subset, 
ASBR06D,1,Agree a lot,READ\AGREE\MORE TIME FOR READING,Y,4,-1,936,117.765117,.27448823244839,.72551176755161,.516230596250528,.691046176140485,.0933169406363504,.124917653979159,1,asrrea01,276,.728076521186179,.164528123237192,422.346236999998,2.62824652087524,1.08509237167647,3371,1,4,3,.65706163021881,ReadJoy,No label provided,senwgt,06-OCT-21,15h11m,C:\Users\egonzalez\OneDrive - Educational Testing Service\Temp\ItemAnalysis\VideoExample,PIRLS2016Subset, 
ASBR06D,2,Agree a little,READ\AGREE\MORE TIME FOR READING,Y,4,-1,887,110.774016,.258193297197247,.741806702802753,.191261498324726,.258986398601245,.0524006065259574,.0709554431370056,1,asrrea01,276,.728076521186179,.164528123237192,422.346236999998,2.62824652087524,1.08509237167647,3371,1,4,3,.65706163021881,ReadJoy,No label provided,senwgt,06-OCT-21,15h11m,C:\Users\egonzalez\OneDrive - Educational Testing Service\Temp\ItemAnalysis\VideoExample,PIRLS2016Subset, 
ASBR06D,3,Disagree a little,READ\AGREE\MORE TIME FOR READING,Y,4,-1,907,112.840408,.263009666442017,.736990333557983,-.193897618238095,-.261630722937822,.00873320653762269,.0117839257684839,1,asrrea01,276,.728076521186179,.164528123237192,422.346236999998,2.62824652087524,1.08509237167647,3371,1,4,3,.65706163021881,ReadJoy,No label provided,senwgt,06-OCT-21,15h11m,C:\Users\egonzalez\OneDrive - Educational Testing Service\Temp\ItemAnalysis\VideoExample,PIRLS2016Subset, 
ASBR06D,4,Disagree a lot,READ\AGREE\MORE TIME FOR READING,Y,4,-1,641,80.9666959999998,.188718067271364,.811281932728636,-.591565824643496,-.856546935374129,-.176453614029829,-.255492788860857,1,asrrea01,276,.728076521186179,.164528123237192,422.346236999998,2.62824652087524,1.08509237167647,3371,1,4,3,.65706163021881,ReadJoy,No label provided,senwgt,06-OCT-21,15h11m,C:\Users\egonzalez\OneDrive - Educational Testing Service\Temp\ItemAnalysis\VideoExample,PIRLS2016Subset, 
ASBR06D,9,Omitted or invalid,READ\AGREE\MORE TIME FOR READING,Y,4,-1,55,6.688975,.0155907366409823,.984409263359018,.0222989372231872,.0705663530858645,.00502658609277467,.0159069396666311,1,asrrea01,276,.728076521186179,.164528123237192,422.346236999998,2.62824652087524,1.08509237167647,3371,1,4,3,.65706163021881,ReadJoy,No label provided,senwgt,06-OCT-21,15h11m,C:\Users\egonzalez\OneDrive - Educational Testing Service\Temp\ItemAnalysis\VideoExample,PIRLS2016Subset, 
ASBR06D,1,Agree a lot,READ\AGREE\MORE TIME FOR READING,Y,4,-1,3546,321.878702,.661280974208944,.338719025791056,.578196013361563,.747910352517703,.0492485704731375,.0637042021258699,1,asrrea01,504,.62309133218212,.074134579750379,477.503213000001,3.51001805091518,.813694597712291,5155,1,4,3,.877504512728796,ReadJoy,No label provided,senwgt,06-OCT-21,15h11m,C:\Users\egonzalez\OneDrive - Educational Testing Service\Temp\ItemAnalysis\VideoExample,PIRLS2016Subset, 
ASBR06D,2,Agree a little,READ\AGREE\MORE TIME FOR READING,Y,4,-1,971,97.0198089999999,.19932152520326,.80067847479674,-.254724838206721,-.364222265940717,.00937296375101978,.013402077787193,1,asrrea01,504,.62309133218212,.074134579750379,477.503213000001,3.51001805091518,.813694597712291,5155,1,4,3,.877504512728796,ReadJoy,No label provided,senwgt,06-OCT-21,15h11m,C:\Users\egonzalez\OneDrive - Educational Testing Service\Temp\ItemAnalysis\VideoExample,PIRLS2016Subset, 
ASBR06D,3,Disagree a little,READ\AGREE\MORE TIME FOR READING,Y,4,-1,410,38.86596,.0798478424719317,.920152157528068,-.380577898671072,-.694892918745598,.00318781947763487,.00582060384741975,1,asrrea01,504,.62309133218212,.074134579750379,477.503213000001,3.51001805091518,.813694597712291,5155,1,4,3,.877504512728796,ReadJoy,No label provided,senwgt,06-OCT-21,15h11m,C:\Users\egonzalez\OneDrive - Educational Testing Service\Temp\ItemAnalysis\VideoExample,PIRLS2016Subset, 
ASBR06D,4,Disagree a lot,READ\AGREE\MORE TIME FOR READING,Y,4,-1,228,19.738742,.0405520913881994,.959447908611801,-.307049673473108,-.695049340658918,-.102683055384367,-.232437276791301,1,asrrea01,504,.62309133218212,.074134579750379,477.503213000001,3.51001805091518,.813694597712291,5155,1,4,3,.877504512728796,ReadJoy,No label provided,senwgt,06-OCT-21,15h11m,C:\Users\egonzalez\OneDrive - Educational Testing Service\Temp\ItemAnalysis\VideoExample,PIRLS2016Subset, 
ASBR06D,9,Omitted or invalid,READ\AGREE\MORE TIME FOR READING,Y,4,-1,136,9.247071,.0189975667276652,.981002433272335,-.0597809984216813,-.176079226050194,-.0561275657124807,-.165318388646227,1,asrrea01,504,.62309133218212,.074134579750379,477.503213000001,3.51001805091518,.813694597712291,5155,1,4,3,.877504512728796,ReadJoy,No label provided,senwgt,06-OCT-21,15h11m,C:\Users\egonzalez\OneDrive - Educational Testing Service\Temp\ItemAnalysis\VideoExample,PIRLS2016Subset, 
ASBR06D,1,Agree a lot,READ\AGREE\MORE TIME FOR READING,Y,4,-1,5898,330.293109,.677202376503824,.322797623496176,.588202844327121,.766245293034679,.0651074888132367,.0848148004138278,1,asrrea01,512,.671887444675079,.0819531234749809,480.598657999995,3.49523691345808,.876780355824324,8817,1,4,3,.873809228364521,ReadJoy,No label provided,senwgt,06-OCT-21,15h11m,C:\Users\egonzalez\OneDrive - Educational Testing Service\Temp\ItemAnalysis\VideoExample,PIRLS2016Subset, 
ASBR06D,2,Agree a little,READ\AGREE\MORE TIME FOR READING,Y,4,-1,1761,90.0145880000002,.184557567967949,.815442432032051,-.187528133252636,-.272947340271474,.017883638470664,.0260296493666277,1,asrrea01,512,.671887444675079,.0819531234749809,480.598657999995,3.49523691345808,.876780355824324,8817,1,4,3,.873809228364521,ReadJoy,No label provided,senwgt,06-OCT-21,15h11m,C:\Users\egonzalez\OneDrive - Educational Testing Service\Temp\ItemAnalysis\VideoExample,PIRLS2016Subset, 
ASBR06D,3,Disagree a little,READ\AGREE\MORE TIME FOR READING,Y,4,-1,571,28.299009,.0580216650765885,.941978334923412,-.332757390162026,-.670457078524977,-.0595391832325517,-.119962675595042,1,asrrea01,512,.671887444675079,.0819531234749809,480.598657999995,3.49523691345808,.876780355824324,8817,1,4,3,.873809228364521,ReadJoy,No label provided,senwgt,06-OCT-21,15h11m,C:\Users\egonzalez\OneDrive - Educational Testing Service\Temp\ItemAnalysis\VideoExample,PIRLS2016Subset, 
ASBR06D,4,Disagree a lot,READ\AGREE\MORE TIME FOR READING,Y,4,-1,587,31.991952,.0655933331124879,.934406666887512,-.459712785852478,-.891299868920257,-.0609656743129428,-.118201405738579,1,asrrea01,512,.671887444675079,.0819531234749809,480.598657999995,3.49523691345808,.876780355824324,8817,1,4,3,.873809228364521,ReadJoy,No label provided,senwgt,06-OCT-21,15h11m,C:\Users\egonzalez\OneDrive - Educational Testing Service\Temp\ItemAnalysis\VideoExample,PIRLS2016Subset, 
ASBR06D,9,Omitted or invalid,READ\AGREE\MORE TIME FOR READING,Y,4,-1,146,7.133105,.0146250573391506,.985374942660849,-.0887827318138948,-.287628807634593,-.0696888137636808,-.225770372219834,1,asrrea01,512,.671887444675079,.0819531234749809,480.598657999995,3.49523691345808,.876780355824324,8817,1,4,3,.873809228364521,ReadJoy,No label provided,senwgt,06-OCT-21,15h11m,C:\Users\egonzalez\OneDrive - Educational Testing Service\Temp\ItemAnalysis\VideoExample,PIRLS2016Subset, 
ASBR06D,1,Agree a lot,READ\AGREE\MORE TIME FOR READING,Y,4,-1,2214,195.717454000001,.415407079326162,.584592920673838,.569167051120378,.719293401290954,.0312365287249305,.0394756318849628,1,asrrea01,554,.768437334040247,.0746397306995576,467.636329000002,3.06151017621216,.982145454159196,5290,1,4,3,.765377544053039,ReadJoy,No label provided,senwgt,06-OCT-21,15h11m,C:\Users\egonzalez\OneDrive - Educational Testing Service\Temp\ItemAnalysis\VideoExample,PIRLS2016Subset, 
ASBR06D,2,Agree a little,READ\AGREE\MORE TIME FOR READING,Y,4,-1,1706,149.576171,.31747296453131,.68252703546869,.0332372406357618,.0434086273101082,.0507325650715557,.0662579374085426,1,asrrea01,554,.768437334040247,.0746397306995576,467.636329000002,3.06151017621216,.982145454159196,5290,1,4,3,.765377544053039,ReadJoy,No label provided,senwgt,06-OCT-21,15h11m,C:\Users\egonzalez\OneDrive - Educational Testing Service\Temp\ItemAnalysis\VideoExample,PIRLS2016Subset, 
ASBR06D,3,Disagree a little,READ\AGREE\MORE TIME FOR READING,Y,4,-1,871,77.732347,.164985628907873,.835014371092127,-.335507539887465,-.501692136875364,-.0403696771664222,-.0603657062651533,1,asrrea01,554,.768437334040247,.0746397306995576,467.636329000002,3.06151017621216,.982145454159196,5290,1,4,3,.765377544053039,ReadJoy,No label provided,senwgt,06-OCT-21,15h11m,C:\Users\egonzalez\OneDrive - Educational Testing Service\Temp\ItemAnalysis\VideoExample,PIRLS2016Subset, 
ASBR06D,4,Disagree a lot,READ\AGREE\MORE TIME FOR READING,Y,4,-1,499,44.610357,.0946847495219683,.905315250478032,-.588067699374529,-1.02116706114933,-.0724692873282997,-.125841377180444,1,asrrea01,554,.768437334040247,.0746397306995576,467.636329000002,3.06151017621216,.982145454159196,5290,1,4,3,.765377544053039,ReadJoy,No label provided,senwgt,06-OCT-21,15h11m,C:\Users\egonzalez\OneDrive - Educational Testing Service\Temp\ItemAnalysis\VideoExample,PIRLS2016Subset, 
ASBR06D,9,Omitted or invalid,READ\AGREE\MORE TIME FOR READING,Y,4,-1,40,3.50984,.00744957771268643,.992550422287314, , , , ,1,asrrea01,554,.768437334040247,.0746397306995576,467.636329000002,3.06151017621216,.982145454159196,5290,1,4,3,.765377544053039,ReadJoy,No label provided,senwgt,06-OCT-21,15h11m,C:\Users\egonzalez\OneDrive - Educational Testing Service\Temp\ItemAnalysis\VideoExample,PIRLS2016Subset, 
ASBR06E,1,Agree a lot,READ\AGREE\ENJOY READING,Y,5,-1,1186,170.967073,.351618841414572,.648381158585428,.647571419494022,.83337890250944,.203497080026272,.261886439257432,1,asrrea01,208,.838160047089545,.250907073486051,480.127288999996,2.97640889768299,.964681566576357,3363,1,4,3,.744102224420746,ReadJoy,No label provided,senwgt,06-OCT-21,15h11m,C:\Users\egonzalez\OneDrive - Educational Testing Service\Temp\ItemAnalysis\VideoExample,PIRLS2016Subset, 
ASBR06E,2,Agree a little,READ\AGREE\ENJOY READING,Y,5,-1,1224,173.310026,.356437467626583,.643562532373417,.0171297432863177,.0220056612115195,-.0154932122278705,-.0199032976540293,1,asrrea01,208,.838160047089545,.250907073486051,480.127288999996,2.97640889768299,.964681566576357,3363,1,4,3,.744102224420746,ReadJoy,No label provided,senwgt,06-OCT-21,15h11m,C:\Users\egonzalez\OneDrive - Educational Testing Service\Temp\ItemAnalysis\VideoExample,PIRLS2016Subset, 
ASBR06E,3,Disagree a little,READ\AGREE\ENJOY READING,Y,5,-1,621,89.406575,.183877724316805,.816122275683195,-.359155541667533,-.523205221136363,-.0961360075823434,-.140047570678578,1,asrrea01,208,.838160047089545,.250907073486051,480.127288999996,2.97640889768299,.964681566576357,3363,1,4,3,.744102224420746,ReadJoy,No label provided,senwgt,06-OCT-21,15h11m,C:\Users\egonzalez\OneDrive - Educational Testing Service\Temp\ItemAnalysis\VideoExample,PIRLS2016Subset, 
ASBR06E,4,Disagree a lot,READ\AGREE\ENJOY READING,Y,5,-1,332,46.443615,.095518100712904,.904481899287096,-.593862348525234,-1.02862062161431,-.178009630543111,-.30832797748047,1,asrrea01,208,.838160047089545,.250907073486051,480.127288999996,2.97640889768299,.964681566576357,3363,1,4,3,.744102224420746,ReadJoy,No label provided,senwgt,06-OCT-21,15h11m,C:\Users\egonzalez\OneDrive - Educational Testing Service\Temp\ItemAnalysis\VideoExample,PIRLS2016Subset, 
ASBR06E,9,Omitted or invalid,READ\AGREE\ENJOY READING,Y,5,-1,45,6.101129,.0125478659291362,.987452134070864,-.0334111177333217,-.114553890057107,-.00162300072195718,-.00556464610821038,1,asrrea01,208,.838160047089545,.250907073486051,480.127288999996,2.97640889768299,.964681566576357,3363,1,4,3,.744102224420746,ReadJoy,No label provided,senwgt,06-OCT-21,15h11m,C:\Users\egonzalez\OneDrive - Educational Testing Service\Temp\ItemAnalysis\VideoExample,PIRLS2016Subset, 
ASBR06E,1,Agree a lot,READ\AGREE\ENJOY READING,Y,5,-1,1694,210.2633,.490084016693716,.509915983306284,.673453161607079,.84414313779884,.27780288546737,.348213376663629,1,asrrea01,276,.83430796376126,.317060185645192,422.191407999997,3.16392586085032,1.00972995774317,3368,1,4,3,.79098146521258,ReadJoy,No label provided,senwgt,06-OCT-21,15h11m,C:\Users\egonzalez\OneDrive - Educational Testing Service\Temp\ItemAnalysis\VideoExample,PIRLS2016Subset, 
ASBR06E,2,Agree a little,READ\AGREE\ENJOY READING,Y,5,-1,911,115.599957,.269441653660818,.730558346339182,-.0830124126377529,-.111504010484481,-.0641866474320633,-.0862168485508342,1,asrrea01,276,.83430796376126,.317060185645192,422.191407999997,3.16392586085032,1.00972995774317,3368,1,4,3,.79098146521258,ReadJoy,No label provided,senwgt,06-OCT-21,15h11m,C:\Users\egonzalez\OneDrive - Educational Testing Service\Temp\ItemAnalysis\VideoExample,PIRLS2016Subset, 
ASBR06E,3,Disagree a little,READ\AGREE\ENJOY READING,Y,5,-1,408,51.601092,.120272393865891,.879727606134109,-.320381995305919,-.520131781467016,-.122856497507292,-.199454307200531,1,asrrea01,276,.83430796376126,.317060185645192,422.191407999997,3.16392586085032,1.00972995774317,3368,1,4,3,.79098146521258,ReadJoy,No label provided,senwgt,06-OCT-21,15h11m,C:\Users\egonzalez\OneDrive - Educational Testing Service\Temp\ItemAnalysis\VideoExample,PIRLS2016Subset, 
ASBR06E,4,Disagree a lot,READ\AGREE\ENJOY READING,Y,5,-1,355,44.727059,.104250321999212,.895749678000788,-.637209146484343,-1.07643777445224,-.223976089940266,-.378362936433051,1,asrrea01,276,.83430796376126,.317060185645192,422.191407999997,3.16392586085032,1.00972995774317,3368,1,4,3,.79098146521258,ReadJoy,No label provided,senwgt,06-OCT-21,15h11m,C:\Users\egonzalez\OneDrive - Educational Testing Service\Temp\ItemAnalysis\VideoExample,PIRLS2016Subset, 
ASBR06E,9,Omitted or invalid,READ\AGREE\ENJOY READING,Y,5,-1,58,6.843804,.0159516137803626,.984048386219637,-.00714282407123133,-.0224155246007823,-.0158832125598836,-.0498445066440157,1,asrrea01,276,.83430796376126,.317060185645192,422.191407999997,3.16392586085032,1.00972995774317,3368,1,4,3,.79098146521258,ReadJoy,No label provided,senwgt,06-OCT-21,15h11m,C:\Users\egonzalez\OneDrive - Educational Testing Service\Temp\ItemAnalysis\VideoExample,PIRLS2016Subset, 
ASBR06E,1,Agree a lot,READ\AGREE\ENJOY READING,Y,5,-1,3852,349.691271,.718420271122019,.281579728877981,.581648676139753,.775041575164225,.0966250055436618,.128751941797282,1,asrrea01,504,.644698690154447,.103771253965921,479.259777000001,3.63833069596409,.671234118683126,5198,1,4,3,.909582673991022,ReadJoy,No label provided,senwgt,06-OCT-21,15h11m,C:\Users\egonzalez\OneDrive - Educational Testing Service\Temp\ItemAnalysis\VideoExample,PIRLS2016Subset, 
ASBR06E,2,Agree a little,READ\AGREE\ENJOY READING,Y,5,-1,922,94.45758,.194057575526756,.805942424473244,-.308311852588111,-.443544512429288,-.0343578780485629,-.0494280324912246,1,asrrea01,504,.644698690154447,.103771253965921,479.259777000001,3.63833069596409,.671234118683126,5198,1,4,3,.909582673991022,ReadJoy,No label provided,senwgt,06-OCT-21,15h11m,C:\Users\egonzalez\OneDrive - Educational Testing Service\Temp\ItemAnalysis\VideoExample,PIRLS2016Subset, 
ASBR06E,3,Disagree a little,READ\AGREE\ENJOY READING,Y,5,-1,302,26.456808,.0543539652048771,.945646034795123,-.37875231561807,-.77915595454507,-.0117523196306781,-.0241764589742956,1,asrrea01,504,.644698690154447,.103771253965921,479.259777000001,3.63833069596409,.671234118683126,5198,1,4,3,.909582673991022,ReadJoy,No label provided,senwgt,06-OCT-21,15h11m,C:\Users\egonzalez\OneDrive - Educational Testing Service\Temp\ItemAnalysis\VideoExample,PIRLS2016Subset, 
ASBR06E,4,Disagree a lot,READ\AGREE\ENJOY READING,Y,5,-1,122,8.65411800000001,.0177793794569209,.982220620543079,-.311075234563698,-.938437374853489,-.113291904699465,-.341773776325956,1,asrrea01,504,.644698690154447,.103771253965921,479.259777000001,3.63833069596409,.671234118683126,5198,1,4,3,.909582673991022,ReadJoy,No label provided,senwgt,06-OCT-21,15h11m,C:\Users\egonzalez\OneDrive - Educational Testing Service\Temp\ItemAnalysis\VideoExample,PIRLS2016Subset, 
ASBR06E,9,Omitted or invalid,READ\AGREE\ENJOY READING,Y,5,-1,93,7.490507,.0153888086894265,.984611191310574,-.103187724973306,-.328106679648566,-.0994005109102897,-.316064450481714,1,asrrea01,504,.644698690154447,.103771253965921,479.259777000001,3.63833069596409,.671234118683126,5198,1,4,3,.909582673991022,ReadJoy,No label provided,senwgt,06-OCT-21,15h11m,C:\Users\egonzalez\OneDrive - Educational Testing Service\Temp\ItemAnalysis\VideoExample,PIRLS2016Subset, 
ASBR06E,1,Agree a lot,READ\AGREE\ENJOY READING,Y,5,-1,6769,375.631361999999,.771122631105465,.228877368894535,.640310768279081,.888330027483375,.155348067524103,.215520900053063,1,asrrea01,512,.726572147512839,.155537156456475,480.097633999995,3.65361091323353,.757303595829442,8803,1,4,3,.913402728308382,ReadJoy,No label provided,senwgt,06-OCT-21,15h11m,C:\Users\egonzalez\OneDrive - Educational Testing Service\Temp\ItemAnalysis\VideoExample,PIRLS2016Subset, 
ASBR06E,2,Agree a little,READ\AGREE\ENJOY READING,Y,5,-1,1258,63.833056,.131041012742228,.868958987257772,-.269125963076981,-.426933717368122,-.0629219432180528,-.0998175680078294,1,asrrea01,512,.726572147512839,.155537156456475,480.097633999995,3.65361091323353,.757303595829442,8803,1,4,3,.913402728308382,ReadJoy,No label provided,senwgt,06-OCT-21,15h11m,C:\Users\egonzalez\OneDrive - Educational Testing Service\Temp\ItemAnalysis\VideoExample,PIRLS2016Subset, 
ASBR06E,3,Disagree a little,READ\AGREE\ENJOY READING,Y,5,-1,382,19.432123,.0398916366725659,.960108363327434,-.308643558920477,-.702490812623638,-.0890522337957931,-.202688098543068,1,asrrea01,512,.726572147512839,.155537156456475,480.097633999995,3.65361091323353,.757303595829442,8803,1,4,3,.913402728308382,ReadJoy,No label provided,senwgt,06-OCT-21,15h11m,C:\Users\egonzalez\OneDrive - Educational Testing Service\Temp\ItemAnalysis\VideoExample,PIRLS2016Subset, 
ASBR06E,4,Disagree a lot,READ\AGREE\ENJOY READING,Y,5,-1,394,21.201093,.0435231034209324,.956476896579068,-.529291376771921,-1.17037643107574,-.0932624788832391,-.206223286414276,1,asrrea01,512,.726572147512839,.155537156456475,480.097633999995,3.65361091323353,.757303595829442,8803,1,4,3,.913402728308382,ReadJoy,No label provided,senwgt,06-OCT-21,15h11m,C:\Users\egonzalez\OneDrive - Educational Testing Service\Temp\ItemAnalysis\VideoExample,PIRLS2016Subset, 
ASBR06E,9,Omitted or invalid,READ\AGREE\ENJOY READING,Y,5,-1,144,7.025097,.014421616058808,.985578383941192,-.0821223611535409,-.267426555976984,-.0635305722330854,-.206883507645085,1,asrrea01,512,.726572147512839,.155537156456475,480.097633999995,3.65361091323353,.757303595829442,8803,1,4,3,.913402728308382,ReadJoy,No label provided,senwgt,06-OCT-21,15h11m,C:\Users\egonzalez\OneDrive - Educational Testing Service\Temp\ItemAnalysis\VideoExample,PIRLS2016Subset, 
ASBR06E,1,Agree a lot,READ\AGREE\ENJOY READING,Y,5,-1,3296,287.288959,.609766093630276,.390233906369724,.704867667213415,.896002932047649,.203237635420993,.258348518041054,1,asrrea01,554,.812623338123905,.219795797950655,465.717458000003,3.42579009782364,.860547387170057,5276,1,4,3,.856447524455911,ReadJoy,No label provided,senwgt,06-OCT-21,15h11m,C:\Users\egonzalez\OneDrive - Educational Testing Service\Temp\ItemAnalysis\VideoExample,PIRLS2016Subset, 
ASBR06E,2,Agree a little,READ\AGREE\ENJOY READING,Y,5,-1,1284,115.585394,.245328099017186,.754671900982814,-.268382194650604,-.367079549217685,-.0958317867171151,-.131073855755001,1,asrrea01,554,.812623338123905,.219795797950655,465.717458000003,3.42579009782364,.860547387170057,5276,1,4,3,.856447524455911,ReadJoy,No label provided,senwgt,06-OCT-21,15h11m,C:\Users\egonzalez\OneDrive - Educational Testing Service\Temp\ItemAnalysis\VideoExample,PIRLS2016Subset, 
ASBR06E,3,Disagree a little,READ\AGREE\ENJOY READING,Y,5,-1,408,36.695133,.0778848166756504,.92211518332435,-.374689222281605,-.689275683403878,-.091966087206289,-.169180173433047,1,asrrea01,554,.812623338123905,.219795797950655,465.717458000003,3.42579009782364,.860547387170057,5276,1,4,3,.856447524455911,ReadJoy,No label provided,senwgt,06-OCT-21,15h11m,C:\Users\egonzalez\OneDrive - Educational Testing Service\Temp\ItemAnalysis\VideoExample,PIRLS2016Subset, 
ASBR06E,4,Disagree a lot,READ\AGREE\ENJOY READING,Y,5,-1,288,26.147972,.0554986408050364,.944501359194964,-.540717052964045,-1.10496558560514,-.136849787205051,-.279655143905779,1,asrrea01,554,.812623338123905,.219795797950655,465.717458000003,3.42579009782364,.860547387170057,5276,1,4,3,.856447524455911,ReadJoy,No label provided,senwgt,06-OCT-21,15h11m,C:\Users\egonzalez\OneDrive - Educational Testing Service\Temp\ItemAnalysis\VideoExample,PIRLS2016Subset, 
ASBR06E,9,Omitted or invalid,READ\AGREE\ENJOY READING,Y,5,-1,54,5.428711,.0115223498718505,.988477650128149,-.038845282663148,-.137491688909384,-.0180590463816344,-.0639194418698203,1,asrrea01,554,.812623338123905,.219795797950655,465.717458000003,3.42579009782364,.860547387170057,5276,1,4,3,.856447524455911,ReadJoy,No label provided,senwgt,06-OCT-21,15h11m,C:\Users\egonzalez\OneDrive - Educational Testing Service\Temp\ItemAnalysis\VideoExample,PIRLS2016Subset, 
ASBR06F,1,Agree a lot,READ\AGREE\LEARN A LOT FROM READING,Y,6,-1,1434,208.165716,.428123302328249,.571876697671751,.531385508173501,.669979253870388,.00850121398677186,.0107184650620736,1,asrrea01,208,.633540467168455,.0357676491006579,479.123352999996,3.22635273008705,.816412783243529,3358,1,4,3,.806588182521763,ReadJoy,No label provided,senwgt,06-OCT-21,15h11m,C:\Users\egonzalez\OneDrive - Educational Testing Service\Temp\ItemAnalysis\VideoExample,PIRLS2016Subset, 
ASBR06F,2,Agree a little,READ\AGREE\LEARN A LOT FROM READING,Y,6,-1,1343,188.918339,.388538250760983,.611461749239017,-.163786392194543,-.208293867807874,.0048243561765903,.00613533147803399,1,asrrea01,208,.633540467168455,.0357676491006579,479.123352999996,3.22635273008705,.816412783243529,3358,1,4,3,.806588182521763,ReadJoy,No label provided,senwgt,06-OCT-21,15h11m,C:\Users\egonzalez\OneDrive - Educational Testing Service\Temp\ItemAnalysis\VideoExample,PIRLS2016Subset, 
ASBR06F,3,Disagree a little,READ\AGREE\LEARN A LOT FROM READING,Y,6,-1,455,64.3637589999999,.132373503105283,.867626496894717,-.314707692493307,-.497902141786107,.0147690096425328,.0233661957063001,1,asrrea01,208,.633540467168455,.0357676491006579,479.123352999996,3.22635273008705,.816412783243529,3358,1,4,3,.806588182521763,ReadJoy,No label provided,senwgt,06-OCT-21,15h11m,C:\Users\egonzalez\OneDrive - Educational Testing Service\Temp\ItemAnalysis\VideoExample,PIRLS2016Subset, 
ASBR06F,4,Disagree a lot,READ\AGREE\LEARN A LOT FROM READING,Y,6,-1,126,17.675539,.0363523363622074,.963647663637793,-.376837736360963,-.88485915995604,-.0770380865075796,-.180894453856982,1,asrrea01,208,.633540467168455,.0357676491006579,479.123352999996,3.22635273008705,.816412783243529,3358,1,4,3,.806588182521763,ReadJoy,No label provided,senwgt,06-OCT-21,15h11m,C:\Users\egonzalez\OneDrive - Educational Testing Service\Temp\ItemAnalysis\VideoExample,PIRLS2016Subset, 
ASBR06F,9,Omitted or invalid,READ\AGREE\LEARN A LOT FROM READING,Y,6,-1,50,7.105065,.0146126074432778,.985387392556722,-.0493055353210021,-.159784858494465,.0237987221304175,.0771247167929657,1,asrrea01,208,.633540467168455,.0357676491006579,479.123352999996,3.22635273008705,.816412783243529,3358,1,4,3,.806588182521763,ReadJoy,No label provided,senwgt,06-OCT-21,15h11m,C:\Users\egonzalez\OneDrive - Educational Testing Service\Temp\ItemAnalysis\VideoExample,PIRLS2016Subset, 
ASBR06F,1,Agree a lot,READ\AGREE\LEARN A LOT FROM READING,Y,6,-1,1586,199.895356,.465918298566133,.534081701433867,.527876245290812,.662474951116598,.0151286508993929,.0189861778294531,1,asrrea01,276,.681342006360461,.0865141506006372,423.946551999997,3.19000660488921,.92194790774567,3384,1,4,3,.797501651222302,ReadJoy,No label provided,senwgt,06-OCT-21,15h11m,C:\Users\egonzalez\OneDrive - Educational Testing Service\Temp\ItemAnalysis\VideoExample,PIRLS2016Subset, 
ASBR06F,2,Agree a little,READ\AGREE\LEARN A LOT FROM READING,Y,6,-1,1066,132.491954,.308813706414382,.691186293585618,-.0427766792283986,-.0561124828655138,.0700170757213305,.0918451836976223,1,asrrea01,276,.681342006360461,.0865141506006372,423.946551999997,3.19000660488921,.92194790774567,3384,1,4,3,.797501651222302,ReadJoy,No label provided,senwgt,06-OCT-21,15h11m,C:\Users\egonzalez\OneDrive - Educational Testing Service\Temp\ItemAnalysis\VideoExample,PIRLS2016Subset, 
ASBR06F,3,Disagree a little,READ\AGREE\LEARN A LOT FROM READING,Y,6,-1,511,63.775773,.148649274502905,.851350725497095,-.346236083545421,-.531470324221856,-.00566472501317807,-.00869531912605074,1,asrrea01,276,.681342006360461,.0865141506006372,423.946551999997,3.19000660488921,.92194790774567,3384,1,4,3,.797501651222302,ReadJoy,No label provided,senwgt,06-OCT-21,15h11m,C:\Users\egonzalez\OneDrive - Educational Testing Service\Temp\ItemAnalysis\VideoExample,PIRLS2016Subset, 
ASBR06F,4,Disagree a lot,READ\AGREE\LEARN A LOT FROM READING,Y,6,-1,221,27.783469,.0647580157127057,.935241984287294,-.476833902218376,-.928184731019949,-.141548114707916,-.275531580630729,1,asrrea01,276,.681342006360461,.0865141506006372,423.946551999997,3.19000660488921,.92194790774567,3384,1,4,3,.797501651222302,ReadJoy,No label provided,senwgt,06-OCT-21,15h11m,C:\Users\egonzalez\OneDrive - Educational Testing Service\Temp\ItemAnalysis\VideoExample,PIRLS2016Subset, 
ASBR06F,9,Omitted or invalid,READ\AGREE\LEARN A LOT FROM READING,Y,6,-1,42,5.08866,.0118607048038752,.988139295196125,-.0281023180629319,-.0983965872290058,-.0281266358508326,-.0984817327793844,1,asrrea01,276,.681342006360461,.0865141506006372,423.946551999997,3.19000660488921,.92194790774567,3384,1,4,3,.797501651222302,ReadJoy,No label provided,senwgt,06-OCT-21,15h11m,C:\Users\egonzalez\OneDrive - Educational Testing Service\Temp\ItemAnalysis\VideoExample,PIRLS2016Subset, 
ASBR06F,1,Agree a lot,READ\AGREE\LEARN A LOT FROM READING,Y,6,-1,4006,370.726968000001,.761636880729586,.238363119270414,.570470645687624,.784815798114716,.110569860938101,.152114704438423,1,asrrea01,504,.626021517807234,.1217341740995,477.561277000001,3.70729630158018,.605839372596324,5154,1,4,3,.926824075395044,ReadJoy,No label provided,senwgt,06-OCT-21,15h11m,C:\Users\egonzalez\OneDrive - Educational Testing Service\Temp\ItemAnalysis\VideoExample,PIRLS2016Subset, 
ASBR06F,2,Agree a little,READ\AGREE\LEARN A LOT FROM READING,Y,6,-1,828,78.9595329999999,.162217744078399,.837782255921601,-.326417113185564,-.49014388701767,-.0348986870263503,-.0524034354203245,1,asrrea01,504,.626021517807234,.1217341740995,477.561277000001,3.70729630158018,.605839372596324,5154,1,4,3,.926824075395044,ReadJoy,No label provided,senwgt,06-OCT-21,15h11m,C:\Users\egonzalez\OneDrive - Educational Testing Service\Temp\ItemAnalysis\VideoExample,PIRLS2016Subset, 
ASBR06F,3,Disagree a little,READ\AGREE\LEARN A LOT FROM READING,Y,6,-1,240,22.799909,.0468410800146549,.953158919985345,-.367312724519282,-.792851205214961,-.0562282122743521,-.121369620198013,1,asrrea01,504,.626021517807234,.1217341740995,477.561277000001,3.70729630158018,.605839372596324,5154,1,4,3,.926824075395044,ReadJoy,No label provided,senwgt,06-OCT-21,15h11m,C:\Users\egonzalez\OneDrive - Educational Testing Service\Temp\ItemAnalysis\VideoExample,PIRLS2016Subset, 
ASBR06F,4,Disagree a lot,READ\AGREE\LEARN A LOT FROM READING,Y,6,-1,80,5.074867,.0104260175429091,.989573982457091,-.285572953056217,-1.04945748238889,-.10469585359615,-.384748785750525,1,asrrea01,504,.626021517807234,.1217341740995,477.561277000001,3.70729630158018,.605839372596324,5154,1,4,3,.926824075395044,ReadJoy,No label provided,senwgt,06-OCT-21,15h11m,C:\Users\egonzalez\OneDrive - Educational Testing Service\Temp\ItemAnalysis\VideoExample,PIRLS2016Subset, 
ASBR06F,9,Omitted or invalid,READ\AGREE\LEARN A LOT FROM READING,Y,6,-1,137,9.189007,.0188782776344512,.981121722365549,-.118404143948233,-.349540380891097,-.0861979433703999,-.25446459011512,1,asrrea01,504,.626021517807234,.1217341740995,477.561277000001,3.70729630158018,.605839372596324,5154,1,4,3,.926824075395044,ReadJoy,No label provided,senwgt,06-OCT-21,15h11m,C:\Users\egonzalez\OneDrive - Educational Testing Service\Temp\ItemAnalysis\VideoExample,PIRLS2016Subset, 
ASBR06F,1,Agree a lot,READ\AGREE\LEARN A LOT FROM READING,Y,6,-1,6993,385.403484,.791158407239841,.208841592760159,.610008359959455,.863164588714012,.153967425523332,.217864603586803,1,asrrea01,512,.694802198696387,.177553513792715,479.980839999995,3.71325210397983,.660238175410331,8806,1,4,3,.928313025994957,ReadJoy,No label provided,senwgt,06-OCT-21,15h11m,C:\Users\egonzalez\OneDrive - Educational Testing Service\Temp\ItemAnalysis\VideoExample,PIRLS2016Subset, 
ASBR06F,2,Agree a little,READ\AGREE\LEARN A LOT FROM READING,Y,6,-1,1237,63.77872,.130925309774823,.869074690225177,-.301943313181826,-.479106916639851,-.0582615660810762,-.0924462243908154,1,asrrea01,512,.694802198696387,.177553513792715,479.980839999995,3.71325210397983,.660238175410331,8806,1,4,3,.928313025994957,ReadJoy,No label provided,senwgt,06-OCT-21,15h11m,C:\Users\egonzalez\OneDrive - Educational Testing Service\Temp\ItemAnalysis\VideoExample,PIRLS2016Subset, 
ASBR06F,3,Disagree a little,READ\AGREE\LEARN A LOT FROM READING,Y,6,-1,350,18.541132,.0380613384946558,.961938661505344,-.344823678679267,-.797268231747172,-.0932462801292525,-.215595104026482,1,asrrea01,512,.694802198696387,.177553513792715,479.980839999995,3.71325210397983,.660238175410331,8806,1,4,3,.928313025994957,ReadJoy,No label provided,senwgt,06-OCT-21,15h11m,C:\Users\egonzalez\OneDrive - Educational Testing Service\Temp\ItemAnalysis\VideoExample,PIRLS2016Subset, 
ASBR06F,4,Disagree a lot,READ\AGREE\LEARN A LOT FROM READING,Y,6,-1,226,12.257504,.0251622721225218,.974837727877478,-.454012978636747,-1.2100580211727,-.123810683740987,-.329986405713583,1,asrrea01,512,.694802198696387,.177553513792715,479.980839999995,3.71325210397983,.660238175410331,8806,1,4,3,.928313025994957,ReadJoy,No label provided,senwgt,06-OCT-21,15h11m,C:\Users\egonzalez\OneDrive - Educational Testing Service\Temp\ItemAnalysis\VideoExample,PIRLS2016Subset, 
ASBR06F,9,Omitted or invalid,READ\AGREE\LEARN A LOT FROM READING,Y,6,-1,143,7.157362,.0146926723681589,.985307327631841,-.0749595222497903,-.242434197882001,-.0473656004398386,-.153189895095199,1,asrrea01,512,.694802198696387,.177553513792715,479.980839999995,3.71325210397983,.660238175410331,8806,1,4,3,.928313025994957,ReadJoy,No label provided,senwgt,06-OCT-21,15h11m,C:\Users\egonzalez\OneDrive - Educational Testing Service\Temp\ItemAnalysis\VideoExample,PIRLS2016Subset, 
ASBR06F,1,Agree a lot,READ\AGREE\LEARN A LOT FROM READING,Y,6,-1,3032,270.094465,.573271062721939,.426728937278061,.579255142045171,.730506914753887,-.00860908372336685,-.010857038173904,1,asrrea01,554,.694302815548869,.0139798811632427,466.015995000002,3.41766718114471,.798645615880233,5268,1,4,3,.854416795286178,ReadJoy,No label provided,senwgt,06-OCT-21,15h11m,C:\Users\egonzalez\OneDrive - Educational Testing Service\Temp\ItemAnalysis\VideoExample,PIRLS2016Subset, 
ASBR06F,2,Agree a little,READ\AGREE\LEARN A LOT FROM READING,Y,6,-1,1561,136.640961,.290018193907887,.709981806092113,-.219564744694047,-.29105429231825,.0278704732422212,.0369450062549563,1,asrrea01,554,.694302815548869,.0139798811632427,466.015995000002,3.41766718114471,.798645615880233,5268,1,4,3,.854416795286178,ReadJoy,No label provided,senwgt,06-OCT-21,15h11m,C:\Users\egonzalez\OneDrive - Educational Testing Service\Temp\ItemAnalysis\VideoExample,PIRLS2016Subset, 
ASBR06F,3,Disagree a little,READ\AGREE\LEARN A LOT FROM READING,Y,6,-1,498,43.10626,.0914923283606281,.908507671639372,-.335709058950515,-.588787322649998,.0286076237110629,.0501738208223275,1,asrrea01,554,.694302815548869,.0139798811632427,466.015995000002,3.41766718114471,.798645615880233,5268,1,4,3,.854416795286178,ReadJoy,No label provided,senwgt,06-OCT-21,15h11m,C:\Users\egonzalez\OneDrive - Educational Testing Service\Temp\ItemAnalysis\VideoExample,PIRLS2016Subset, 
ASBR06F,4,Disagree a lot,READ\AGREE\LEARN A LOT FROM READING,Y,6,-1,177,16.174309,.0343297050134775,.965670294986523,-.454092292699113,-1.08712476116586,-.0691920480117269,-.165650000845021,1,asrrea01,554,.694302815548869,.0139798811632427,466.015995000002,3.41766718114471,.798645615880233,5268,1,4,3,.854416795286178,ReadJoy,No label provided,senwgt,06-OCT-21,15h11m,C:\Users\egonzalez\OneDrive - Educational Testing Service\Temp\ItemAnalysis\VideoExample,PIRLS2016Subset, 
ASBR06F,9,Omitted or invalid,READ\AGREE\LEARN A LOT FROM READING,Y,6,-1,62,5.130174,.0108887099960692,.989111290003931,-.0713301142901649,-.25788377654845,-.0389134783399796,-.140686088236563,1,asrrea01,554,.694302815548869,.0139798811632427,466.015995000002,3.41766718114471,.798645615880233,5268,1,4,3,.854416795286178,ReadJoy,No label provided,senwgt,06-OCT-21,15h11m,C:\Users\egonzalez\OneDrive - Educational Testing Service\Temp\ItemAnalysis\VideoExample,PIRLS2016Subset, 
ASBR06G,1,Agree a lot,READ\AGREE\LIKE READ THINGS MAKE THINK,Y,7,-1,1547,224.193544,.461086879541458,.538913120458542,.601872177517235,.755644494645492,.127666377364531,.160283858949568,1,asrrea01,208,.746167938406112,.149460334132261,483.605145999996,3.21911237685633,.881844562521826,3390,1,4,3,.804778094214082,ReadJoy,No label provided,senwgt,06-OCT-21,15h11m,C:\Users\egonzalez\OneDrive - Educational Testing Service\Temp\ItemAnalysis\VideoExample,PIRLS2016Subset, 
ASBR06G,2,Agree a little,READ\AGREE\LIKE READ THINGS MAKE THINK,Y,7,-1,1194,169.228227,.348042649781939,.651957350218061,-.118131171444625,-.152234056210857,-.0518127850033158,-.0667704410967707,1,asrrea01,208,.746167938406112,.149460334132261,483.605145999996,3.21911237685633,.881844562521826,3390,1,4,3,.804778094214082,ReadJoy,No label provided,senwgt,06-OCT-21,15h11m,C:\Users\egonzalez\OneDrive - Educational Testing Service\Temp\ItemAnalysis\VideoExample,PIRLS2016Subset, 
ASBR06G,3,Disagree a little,READ\AGREE\LIKE READ THINGS MAKE THINK,Y,7,-1,452,62.137079,.127794009357964,.872205990642036,-.388621530217048,-.620646135378041,-.0382924634802559,-.0611547936107711,1,asrrea01,208,.746167938406112,.149460334132261,483.605145999996,3.21911237685633,.881844562521826,3390,1,4,3,.804778094214082,ReadJoy,No label provided,senwgt,06-OCT-21,15h11m,C:\Users\egonzalez\OneDrive - Educational Testing Service\Temp\ItemAnalysis\VideoExample,PIRLS2016Subset, 
ASBR06G,4,Disagree a lot,READ\AGREE\LIKE READ THINGS MAKE THINK,Y,7,-1,197,28.046296,.05768131800145,.94231868199855,-.47991715812075,-.96876635958227,-.116339082339315,-.234843425303503,1,asrrea01,208,.746167938406112,.149460334132261,483.605145999996,3.21911237685633,.881844562521826,3390,1,4,3,.804778094214082,ReadJoy,No label provided,senwgt,06-OCT-21,15h11m,C:\Users\egonzalez\OneDrive - Educational Testing Service\Temp\ItemAnalysis\VideoExample,PIRLS2016Subset, 
ASBR06G,9,Omitted or invalid,READ\AGREE\LIKE READ THINGS MAKE THINK,Y,7,-1,18,2.623272,.00539514331718884,.994604856682811, , , , ,1,asrrea01,208,.746167938406112,.149460334132261,483.605145999996,3.21911237685633,.881844562521826,3390,1,4,3,.804778094214082,ReadJoy,No label provided,senwgt,06-OCT-21,15h11m,C:\Users\egonzalez\OneDrive - Educational Testing Service\Temp\ItemAnalysis\VideoExample,PIRLS2016Subset, 
ASBR06G,1,Agree a lot,READ\AGREE\LIKE READ THINGS MAKE THINK,Y,7,-1,1347,168.917213,.393714101489647,.606285898510353,.535522991519728,.680121486302533,.069649428200503,.0884557215618681,1,asrrea01,276,.708556745043078,.129836010852268,426.794133999997,2.9419884740028,1.05745325619333,3407,1,4,3,.735497118500701,ReadJoy,No label provided,senwgt,06-OCT-21,15h11m,C:\Users\egonzalez\OneDrive - Educational Testing Service\Temp\ItemAnalysis\VideoExample,PIRLS2016Subset, 
ASBR06G,2,Agree a little,READ\AGREE\LIKE READ THINGS MAKE THINK,Y,7,-1,975,121.685253,.283625328636196,.716374671363804,.0587602224622709,.0781968464762681,.0461277019155894,.0613857584918511,1,asrrea01,276,.708556745043078,.129836010852268,426.794133999997,2.9419884740028,1.05745325619333,3407,1,4,3,.735497118500701,ReadJoy,No label provided,senwgt,06-OCT-21,15h11m,C:\Users\egonzalez\OneDrive - Educational Testing Service\Temp\ItemAnalysis\VideoExample,PIRLS2016Subset, 
ASBR06G,3,Disagree a little,READ\AGREE\LIKE READ THINGS MAKE THINK,Y,7,-1,627,78.7071439999999,.183451478570015,.816548521429985,-.236746274509683,-.345072293004577,-.00198951549370591,-.00289984150670618,1,asrrea01,276,.708556745043078,.129836010852268,426.794133999997,2.9419884740028,1.05745325619333,3407,1,4,3,.735497118500701,ReadJoy,No label provided,senwgt,06-OCT-21,15h11m,C:\Users\egonzalez\OneDrive - Educational Testing Service\Temp\ItemAnalysis\VideoExample,PIRLS2016Subset, 
ASBR06G,4,Disagree a lot,READ\AGREE\LIKE READ THINGS MAKE THINK,Y,7,-1,458,57.484524,.133985562005572,.866014437994428,-.573889306826832,-.905048229231104,-.148576518970482,-.23431158901194,1,asrrea01,276,.708556745043078,.129836010852268,426.794133999997,2.9419884740028,1.05745325619333,3407,1,4,3,.735497118500701,ReadJoy,No label provided,senwgt,06-OCT-21,15h11m,C:\Users\egonzalez\OneDrive - Educational Testing Service\Temp\ItemAnalysis\VideoExample,PIRLS2016Subset, 
ASBR06G,9,Omitted or invalid,READ\AGREE\LIKE READ THINGS MAKE THINK,Y,7,-1,19,2.241078,.00522352929856955,.99477647070143, , , , ,1,asrrea01,276,.708556745043078,.129836010852268,426.794133999997,2.9419884740028,1.05745325619333,3407,1,4,3,.735497118500701,ReadJoy,No label provided,senwgt,06-OCT-21,15h11m,C:\Users\egonzalez\OneDrive - Educational Testing Service\Temp\ItemAnalysis\VideoExample,PIRLS2016Subset, 
ASBR06G,1,Agree a lot,READ\AGREE\LIKE READ THINGS MAKE THINK,Y,7,-1,3645,336.206393999999,.690716379736103,.309283620263897,.535606575272348,.702412174204374,.102490592581326,.134409552261261,1,asrrea01,504,.595247809636086,.116508664293055,475.645348000002,3.59906105504473,.707150654905612,5139,1,4,3,.899765263761183,ReadJoy,No label provided,senwgt,06-OCT-21,15h11m,C:\Users\egonzalez\OneDrive - Educational Testing Service\Temp\ItemAnalysis\VideoExample,PIRLS2016Subset, 
ASBR06G,2,Agree a little,READ\AGREE\LIKE READ THINGS MAKE THINK,Y,7,-1,1012,98.4615439999999,.202283485467879,.797716514532121,-.265385442753761,-.378203789914711,-.0214421073898362,-.030557389261621,1,asrrea01,504,.595247809636086,.116508664293055,475.645348000002,3.59906105504473,.707150654905612,5139,1,4,3,.899765263761183,ReadJoy,No label provided,senwgt,06-OCT-21,15h11m,C:\Users\egonzalez\OneDrive - Educational Testing Service\Temp\ItemAnalysis\VideoExample,PIRLS2016Subset, 
ASBR06G,3,Disagree a little,READ\AGREE\LIKE READ THINGS MAKE THINK,Y,7,-1,342,30.68903,.063048817861604,.936951182138396,-.357369254201475,-.701466506052591,-.0833290151289828,-.163563351933956,1,asrrea01,504,.595247809636086,.116508664293055,475.645348000002,3.59906105504473,.707150654905612,5139,1,4,3,.899765263761183,ReadJoy,No label provided,senwgt,06-OCT-21,15h11m,C:\Users\egonzalez\OneDrive - Educational Testing Service\Temp\ItemAnalysis\VideoExample,PIRLS2016Subset, 
ASBR06G,4,Disagree a lot,READ\AGREE\LIKE READ THINGS MAKE THINK,Y,7,-1,140,10.28838,.0211368751867025,.978863124813298,-.279244900174243,-.791621194906256,-.06300796238201,-.17861897724303,1,asrrea01,504,.595247809636086,.116508664293055,475.645348000002,3.59906105504473,.707150654905612,5139,1,4,3,.899765263761183,ReadJoy,No label provided,senwgt,06-OCT-21,15h11m,C:\Users\egonzalez\OneDrive - Educational Testing Service\Temp\ItemAnalysis\VideoExample,PIRLS2016Subset, 
ASBR06G,9,Omitted or invalid,READ\AGREE\LIKE READ THINGS MAKE THINK,Y,7,-1,152,11.104936,.0228144417477115,.977185558252289,-.093260354001001,-.257297960088083,-.0632325401853702,-.17445359043682,1,asrrea01,504,.595247809636086,.116508664293055,475.645348000002,3.59906105504473,.707150654905612,5139,1,4,3,.899765263761183,ReadJoy,No label provided,senwgt,06-OCT-21,15h11m,C:\Users\egonzalez\OneDrive - Educational Testing Service\Temp\ItemAnalysis\VideoExample,PIRLS2016Subset, 
ASBR06G,1,Agree a lot,READ\AGREE\LIKE READ THINGS MAKE THINK,Y,7,-1,6740,372.444616,.763925251583071,.236074748416929,.547573662883578,.754805392213093,.0995995604031135,.13729346451476,1,asrrea01,512,.63523539578595,.122461093792646,483.616038999995,3.65634082702539,.726694012346893,8872,1,4,3,.914085206756348,ReadJoy,No label provided,senwgt,06-OCT-21,15h11m,C:\Users\egonzalez\OneDrive - Educational Testing Service\Temp\ItemAnalysis\VideoExample,PIRLS2016Subset, 
ASBR06G,2,Agree a little,READ\AGREE\LIKE READ THINGS MAKE THINK,Y,7,-1,1419,74.005419,.151793329529794,.848206670470206,-.228344622363274,-.348642710733219,-.0147159255096871,-.0224686708517408,1,asrrea01,512,.63523539578595,.122461093792646,483.616038999995,3.65634082702539,.726694012346893,8872,1,4,3,.914085206756348,ReadJoy,No label provided,senwgt,06-OCT-21,15h11m,C:\Users\egonzalez\OneDrive - Educational Testing Service\Temp\ItemAnalysis\VideoExample,PIRLS2016Subset, 
ASBR06G,3,Disagree a little,READ\AGREE\LIKE READ THINGS MAKE THINK,Y,7,-1,383,19.304343,.0395953504209628,.960404649579037,-.298835673454547,-.681861828545231,-.0811183456807156,-.18509002916223,1,asrrea01,512,.63523539578595,.122461093792646,483.616038999995,3.65634082702539,.726694012346893,8872,1,4,3,.914085206756348,ReadJoy,No label provided,senwgt,06-OCT-21,15h11m,C:\Users\egonzalez\OneDrive - Educational Testing Service\Temp\ItemAnalysis\VideoExample,PIRLS2016Subset, 
ASBR06G,4,Disagree a lot,READ\AGREE\LIKE READ THINGS MAKE THINK,Y,7,-1,330,17.861661,.0366362494903579,.963363750509642,-.451859712427067,-1.05823983081983,-.0877016510799676,-.205394235974213,1,asrrea01,512,.63523539578595,.122461093792646,483.616038999995,3.65634082702539,.726694012346893,8872,1,4,3,.914085206756348,ReadJoy,No label provided,senwgt,06-OCT-21,15h11m,C:\Users\egonzalez\OneDrive - Educational Testing Service\Temp\ItemAnalysis\VideoExample,PIRLS2016Subset, 
ASBR06G,9,Omitted or invalid,READ\AGREE\LIKE READ THINGS MAKE THINK,Y,7,-1,87,3.924614,.0080498189758137,.991950181024186, , , , ,1,asrrea01,512,.63523539578595,.122461093792646,483.616038999995,3.65634082702539,.726694012346893,8872,1,4,3,.914085206756348,ReadJoy,No label provided,senwgt,06-OCT-21,15h11m,C:\Users\egonzalez\OneDrive - Educational Testing Service\Temp\ItemAnalysis\VideoExample,PIRLS2016Subset, 
ASBR06G,1,Agree a lot,READ\AGREE\LIKE READ THINGS MAKE THINK,Y,7,-1,2879,254.396007,.539951343634931,.460048656365069,.587906294797279,.738179953007231,-.0365398366493074,-.0458797178043117,1,asrrea01,554,.720657503690855,-.0288043680721367,468.869611000002,3.3250323361221,.878415866014877,5310,1,4,3,.831258084030525,ReadJoy,No label provided,senwgt,06-OCT-21,15h11m,C:\Users\egonzalez\OneDrive - Educational Testing Service\Temp\ItemAnalysis\VideoExample,PIRLS2016Subset, 
ASBR06G,2,Agree a little,READ\AGREE\LIKE READ THINGS MAKE THINK,Y,7,-1,1559,139.552844,.296198617716023,.703801382283977,-.155274014045785,-.205089381426864,.0236450134215079,.0312308611730553,1,asrrea01,554,.720657503690855,-.0288043680721367,468.869611000002,3.3250323361221,.878415866014877,5310,1,4,3,.831258084030525,ReadJoy,No label provided,senwgt,06-OCT-21,15h11m,C:\Users\egonzalez\OneDrive - Educational Testing Service\Temp\ItemAnalysis\VideoExample,PIRLS2016Subset, 
ASBR06G,3,Disagree a little,READ\AGREE\LIKE READ THINGS MAKE THINK,Y,7,-1,575,47.843298,.101546613658234,.898453386341766,-.344817960544493,-.586862823259829,.0285239505544293,.0485463289860626,1,asrrea01,554,.720657503690855,-.0288043680721367,468.869611000002,3.3250323361221,.878415866014877,5310,1,4,3,.831258084030525,ReadJoy,No label provided,senwgt,06-OCT-21,15h11m,C:\Users\egonzalez\OneDrive - Educational Testing Service\Temp\ItemAnalysis\VideoExample,PIRLS2016Subset, 
ASBR06G,4,Disagree a lot,READ\AGREE\LIKE READ THINGS MAKE THINK,Y,7,-1,297,27.077462,.0574714680530491,.942528531946951,-.49990367140111,-1.01027817535388,-.00388771540104317,-.00785686172428531,1,asrrea01,554,.720657503690855,-.0288043680721367,468.869611000002,3.3250323361221,.878415866014877,5310,1,4,3,.831258084030525,ReadJoy,No label provided,senwgt,06-OCT-21,15h11m,C:\Users\egonzalez\OneDrive - Educational Testing Service\Temp\ItemAnalysis\VideoExample,PIRLS2016Subset, 
ASBR06G,9,Omitted or invalid,READ\AGREE\LIKE READ THINGS MAKE THINK,Y,7,-1,20,2.276558,.00483195693776298,.995168043062237, , , , ,1,asrrea01,554,.720657503690855,-.0288043680721367,468.869611000002,3.3250323361221,.878415866014877,5310,1,4,3,.831258084030525,ReadJoy,No label provided,senwgt,06-OCT-21,15h11m,C:\Users\egonzalez\OneDrive - Educational Testing Service\Temp\ItemAnalysis\VideoExample,PIRLS2016Subset, 
ASBR06H,1,Agree a lot,READ\AGREE\BOOK HELPS IMAGE OTHER WORLDS,Y,8,-1,2008,289.794913,.596005708987581,.403994291012419,.578724986197256,.733161429542068,.198750784957524,.251788696008366,1,asrrea01,208,.669862238740283,.232428159339273,484.267630999996,3.39519860455015,.867963801404177,3393,1,4,3,.848799651137536,ReadJoy,No label provided,senwgt,06-OCT-21,15h11m,C:\Users\egonzalez\OneDrive - Educational Testing Service\Temp\ItemAnalysis\VideoExample,PIRLS2016Subset, 
ASBR06H,2,Agree a little,READ\AGREE\BOOK HELPS IMAGE OTHER WORLDS,Y,8,-1,874,121.81019,.250520507421267,.749479492578733,-.203649501986188,-.277385679045794,-.0703527983763057,-.0958257131004766,1,asrrea01,208,.669862238740283,.232428159339273,484.267630999996,3.39519860455015,.867963801404177,3393,1,4,3,.848799651137536,ReadJoy,No label provided,senwgt,06-OCT-21,15h11m,C:\Users\egonzalez\OneDrive - Educational Testing Service\Temp\ItemAnalysis\VideoExample,PIRLS2016Subset, 
ASBR06H,3,Disagree a little,READ\AGREE\BOOK HELPS IMAGE OTHER WORLDS,Y,8,-1,326,46.912035,.0964814750914045,.903518524908596,-.31352329764573,-.541479612945854,-.099108295619584,-.171167890727072,1,asrrea01,208,.669862238740283,.232428159339273,484.267630999996,3.39519860455015,.867963801404177,3393,1,4,3,.848799651137536,ReadJoy,No label provided,senwgt,06-OCT-21,15h11m,C:\Users\egonzalez\OneDrive - Educational Testing Service\Temp\ItemAnalysis\VideoExample,PIRLS2016Subset, 
ASBR06H,4,Disagree a lot,READ\AGREE\BOOK HELPS IMAGE OTHER WORLDS,Y,8,-1,185,25.750493,.0529596626744264,.947040337325574,-.452524852774018,-.938703016418684,-.165679996084104,-.343681261108658,1,asrrea01,208,.669862238740283,.232428159339273,484.267630999996,3.39519860455015,.867963801404177,3393,1,4,3,.848799651137536,ReadJoy,No label provided,senwgt,06-OCT-21,15h11m,C:\Users\egonzalez\OneDrive - Educational Testing Service\Temp\ItemAnalysis\VideoExample,PIRLS2016Subset, 
ASBR06H,9,Omitted or invalid,READ\AGREE\BOOK HELPS IMAGE OTHER WORLDS,Y,8,-1,15,1.960787,.00403264582532073,.995967354174679, , , , ,1,asrrea01,208,.669862238740283,.232428159339273,484.267630999996,3.39519860455015,.867963801404177,3393,1,4,3,.848799651137536,ReadJoy,No label provided,senwgt,06-OCT-21,15h11m,C:\Users\egonzalez\OneDrive - Educational Testing Service\Temp\ItemAnalysis\VideoExample,PIRLS2016Subset, 
ASBR06H,1,Agree a lot,READ\AGREE\BOOK HELPS IMAGE OTHER WORLDS,Y,8,-1,2072,257.812469000001,.600912143779938,.399087856220062,.607767088624588,.770842164517103,.233387365849186,.296009483944362,1,asrrea01,276,.712738389799721,.262219780716009,426.869630999997,3.3240256672183,.978464009836884,3407,1,4,3,.831006416804575,ReadJoy,No label provided,senwgt,06-OCT-21,15h11m,C:\Users\egonzalez\OneDrive - Educational Testing Service\Temp\ItemAnalysis\VideoExample,PIRLS2016Subset, 
ASBR06H,2,Agree a little,READ\AGREE\BOOK HELPS IMAGE OTHER WORLDS,Y,8,-1,702,87.1784330000001,.203196452322892,.796803547677108,-.124767839221736,-.17762825197818,-.0566921320695681,-.0807108978022532,1,asrrea01,276,.712738389799721,.262219780716009,426.869630999997,3.3240256672183,.978464009836884,3407,1,4,3,.831006416804575,ReadJoy,No label provided,senwgt,06-OCT-21,15h11m,C:\Users\egonzalez\OneDrive - Educational Testing Service\Temp\ItemAnalysis\VideoExample,PIRLS2016Subset, 
ASBR06H,3,Disagree a little,READ\AGREE\BOOK HELPS IMAGE OTHER WORLDS,Y,8,-1,341,44.261706,.103165672098727,.896834327901273,-.310853051207218,-.526682820605356,-.106574626067776,-.180570930361948,1,asrrea01,276,.712738389799721,.262219780716009,426.869630999997,3.3240256672183,.978464009836884,3407,1,4,3,.831006416804575,ReadJoy,No label provided,senwgt,06-OCT-21,15h11m,C:\Users\egonzalez\OneDrive - Educational Testing Service\Temp\ItemAnalysis\VideoExample,PIRLS2016Subset, 
ASBR06H,4,Disagree a lot,READ\AGREE\BOOK HELPS IMAGE OTHER WORLDS,Y,8,-1,292,37.617023,.0876781717394328,.912321828260567,-.531805526798438,-.944416148395516,-.193163948013728,-.343033576371874,1,asrrea01,276,.712738389799721,.262219780716009,426.869630999997,3.3240256672183,.978464009836884,3407,1,4,3,.831006416804575,ReadJoy,No label provided,senwgt,06-OCT-21,15h11m,C:\Users\egonzalez\OneDrive - Educational Testing Service\Temp\ItemAnalysis\VideoExample,PIRLS2016Subset, 
ASBR06H,9,Omitted or invalid,READ\AGREE\BOOK HELPS IMAGE OTHER WORLDS,Y,8,-1,19,2.165581,.00504756005900979,.99495243994099, , , , ,1,asrrea01,276,.712738389799721,.262219780716009,426.869630999997,3.3240256672183,.978464009836884,3407,1,4,3,.831006416804575,ReadJoy,No label provided,senwgt,06-OCT-21,15h11m,C:\Users\egonzalez\OneDrive - Educational Testing Service\Temp\ItemAnalysis\VideoExample,PIRLS2016Subset, 
ASBR06H,1,Agree a lot,READ\AGREE\BOOK HELPS IMAGE OTHER WORLDS,Y,8,-1,3604,331.827366000001,.681719922735577,.318280077264423,.542262946921597,.707929283752882,.0986464389702518,.128783836847845,1,asrrea01,504,.585370721796215,.0998500442420891,478.933635000001,3.52953575081441,.818807110201118,5179,1,4,3,.882383937703602,ReadJoy,No label provided,senwgt,06-OCT-21,15h11m,C:\Users\egonzalez\OneDrive - Educational Testing Service\Temp\ItemAnalysis\VideoExample,PIRLS2016Subset, 
ASBR06H,2,Agree a little,READ\AGREE\BOOK HELPS IMAGE OTHER WORLDS,Y,8,-1,952,91.2328260000001,.187432506973124,.812567493026876,-.244090933299812,-.353990475306031,-.0268605764608434,-.0389542868300192,1,asrrea01,504,.585370721796215,.0998500442420891,478.933635000001,3.52953575081441,.818807110201118,5179,1,4,3,.882383937703602,ReadJoy,No label provided,senwgt,06-OCT-21,15h11m,C:\Users\egonzalez\OneDrive - Educational Testing Service\Temp\ItemAnalysis\VideoExample,PIRLS2016Subset, 
ASBR06H,3,Disagree a little,READ\AGREE\BOOK HELPS IMAGE OTHER WORLDS,Y,8,-1,361,33.532002,.0688895376176091,.931110462382391,-.308744241587371,-.589593065083864,-.0250143873962889,-.0477686944389521,1,asrrea01,504,.585370721796215,.0998500442420891,478.933635000001,3.52953575081441,.818807110201118,5179,1,4,3,.882383937703602,ReadJoy,No label provided,senwgt,06-OCT-21,15h11m,C:\Users\egonzalez\OneDrive - Educational Testing Service\Temp\ItemAnalysis\VideoExample,PIRLS2016Subset, 
ASBR06H,4,Disagree a lot,READ\AGREE\BOOK HELPS IMAGE OTHER WORLDS,Y,8,-1,262,22.341441,.0458991843135729,.954100815686427,-.339139812207954,-.736920160628208,-.0817270099315906,-.177585406131915,1,asrrea01,504,.585370721796215,.0998500442420891,478.933635000001,3.52953575081441,.818807110201118,5179,1,4,3,.882383937703602,ReadJoy,No label provided,senwgt,06-OCT-21,15h11m,C:\Users\egonzalez\OneDrive - Educational Testing Service\Temp\ItemAnalysis\VideoExample,PIRLS2016Subset, 
ASBR06H,9,Omitted or invalid,READ\AGREE\BOOK HELPS IMAGE OTHER WORLDS,Y,8,-1,112,7.816649,.0160588483601172,.983941151639883,-.0649734430538969,-.203400451359156,-.0957010256426937,-.299593663138813,1,asrrea01,504,.585370721796215,.0998500442420891,478.933635000001,3.52953575081441,.818807110201118,5179,1,4,3,.882383937703602,ReadJoy,No label provided,senwgt,06-OCT-21,15h11m,C:\Users\egonzalez\OneDrive - Educational Testing Service\Temp\ItemAnalysis\VideoExample,PIRLS2016Subset, 
ASBR06H,1,Agree a lot,READ\AGREE\BOOK HELPS IMAGE OTHER WORLDS,Y,8,-1,6722,370.335779999999,.759730498115528,.240269501884472,.537069287463118,.737667195205183,.135683020732453,.186361267860711,1,asrrea01,512,.629605342720651,.153460757554876,484.181739999995,3.63956432144675,.755984575418182,8888,1,4,3,.909891080361686,ReadJoy,No label provided,senwgt,06-OCT-21,15h11m,C:\Users\egonzalez\OneDrive - Educational Testing Service\Temp\ItemAnalysis\VideoExample,PIRLS2016Subset, 
ASBR06H,2,Agree a little,READ\AGREE\BOOK HELPS IMAGE OTHER WORLDS,Y,8,-1,1406,74.7701539999999,.15338827466953,.84661172533047,-.213137093183701,-.324562314979051,-.0376071244400582,-.0572676261351206,1,asrrea01,512,.629605342720651,.153460757554876,484.181739999995,3.63956432144675,.755984575418182,8888,1,4,3,.909891080361686,ReadJoy,No label provided,senwgt,06-OCT-21,15h11m,C:\Users\egonzalez\OneDrive - Educational Testing Service\Temp\ItemAnalysis\VideoExample,PIRLS2016Subset, 
ASBR06H,3,Disagree a little,READ\AGREE\BOOK HELPS IMAGE OTHER WORLDS,Y,8,-1,355,17.481198,.0358620473133765,.964137952686624,-.291509187244162,-.687643048913988,-.0942994839026033,-.222443708326384,1,asrrea01,512,.629605342720651,.153460757554876,484.181739999995,3.63956432144675,.755984575418182,8888,1,4,3,.909891080361686,ReadJoy,No label provided,senwgt,06-OCT-21,15h11m,C:\Users\egonzalez\OneDrive - Educational Testing Service\Temp\ItemAnalysis\VideoExample,PIRLS2016Subset, 
ASBR06H,4,Disagree a lot,READ\AGREE\BOOK HELPS IMAGE OTHER WORLDS,Y,8,-1,405,21.594608,.0443005595960768,.955699440403923,-.461956525358222,-1.01554249239419,-.103965321744164,-.228552247172524,1,asrrea01,512,.629605342720651,.153460757554876,484.181739999995,3.63956432144675,.755984575418182,8888,1,4,3,.909891080361686,ReadJoy,No label provided,senwgt,06-OCT-21,15h11m,C:\Users\egonzalez\OneDrive - Educational Testing Service\Temp\ItemAnalysis\VideoExample,PIRLS2016Subset, 
ASBR06H,9,Omitted or invalid,READ\AGREE\BOOK HELPS IMAGE OTHER WORLDS,Y,8,-1,72,3.275037,.00671862030548814,.993281379694512, , , , ,1,asrrea01,512,.629605342720651,.153460757554876,484.181739999995,3.63956432144675,.755984575418182,8888,1,4,3,.909891080361686,ReadJoy,No label provided,senwgt,06-OCT-21,15h11m,C:\Users\egonzalez\OneDrive - Educational Testing Service\Temp\ItemAnalysis\VideoExample,PIRLS2016Subset, 
ASBR06H,1,Agree a lot,READ\AGREE\BOOK HELPS IMAGE OTHER WORLDS,Y,8,-1,3668,325.473434,.690812014222278,.309187985777722,.56790923475673,.744811996300873,.0979700207103411,.128487515675219,1,asrrea01,554,.667828595772119,.106903106780145,470.356395000002,3.53770826906691,.805440893834983,5321,1,4,3,.884427067266728,ReadJoy,No label provided,senwgt,06-OCT-21,15h11m,C:\Users\egonzalez\OneDrive - Educational Testing Service\Temp\ItemAnalysis\VideoExample,PIRLS2016Subset, 
ASBR06H,2,Agree a little,READ\AGREE\BOOK HELPS IMAGE OTHER WORLDS,Y,8,-1,1067,93.548961,.198556132162883,.801443867837117,-.212156483767351,-.303620116872686,-.0429393061244058,-.0614510427040289,1,asrrea01,554,.667828595772119,.106903106780145,470.356395000002,3.53770826906691,.805440893834983,5321,1,4,3,.884427067266728,ReadJoy,No label provided,senwgt,06-OCT-21,15h11m,C:\Users\egonzalez\OneDrive - Educational Testing Service\Temp\ItemAnalysis\VideoExample,PIRLS2016Subset, 
ASBR06H,3,Disagree a little,READ\AGREE\BOOK HELPS IMAGE OTHER WORLDS,Y,8,-1,342,30.109089,.0639060465330877,.936093953466912,-.327717848784521,-.640558702590356,-.0598256218281416,-.116935415150649,1,asrrea01,554,.667828595772119,.106903106780145,470.356395000002,3.53770826906691,.805440893834983,5321,1,4,3,.884427067266728,ReadJoy,No label provided,senwgt,06-OCT-21,15h11m,C:\Users\egonzalez\OneDrive - Educational Testing Service\Temp\ItemAnalysis\VideoExample,PIRLS2016Subset, 
ASBR06H,4,Disagree a lot,READ\AGREE\BOOK HELPS IMAGE OTHER WORLDS,Y,8,-1,244,21.224911,.0450495247473826,.954950475252617,-.468048325122152,-1.02327870319497,-.0631196792924271,-.13799648477661,1,asrrea01,554,.667828595772119,.106903106780145,470.356395000002,3.53770826906691,.805440893834983,5321,1,4,3,.884427067266728,ReadJoy,No label provided,senwgt,06-OCT-21,15h11m,C:\Users\egonzalez\OneDrive - Educational Testing Service\Temp\ItemAnalysis\VideoExample,PIRLS2016Subset, 
ASBR06H,9,Omitted or invalid,READ\AGREE\BOOK HELPS IMAGE OTHER WORLDS,Y,8,-1,9,.789774,.0016762823343683,.998323717665632, , , , ,1,asrrea01,554,.667828595772119,.106903106780145,470.356395000002,3.53770826906691,.805440893834983,5321,1,4,3,.884427067266728,ReadJoy,No label provided,senwgt,06-OCT-21,15h11m,C:\Users\egonzalez\OneDrive - Educational Testing Service\Temp\ItemAnalysis\VideoExample,PIRLS2016Subset, 
