item,Var_Label,Reverse,ISeq,Key,IDCNTRY,CorrW_ReadJoy_pplus,CorrW_asrrea01,SumWgts,ItemMean,ItemStDev,ValidCases,ItemMin,ItemMax,NSteps,PPlus,Scale,ScaleLbl,Weight,Date,Time,InDir,InFile,SelCrit
ASBR06A,READ\AGREE\TALKING ABOUT WHAT I READ,Y,1,-1,208,.629633016092223,.096174678064346,485.120677999996,2.68300422353882,.909642017450074,3399,1,4,3,.670751055884705,ReadJoy,No label provided,senwgt,06-OCT-21,15h11m,C:\Users\egonzalez\OneDrive - Educational Testing Service\Temp\ItemAnalysis\VideoExample,PIRLS2016Subset, 
ASBR06A,READ\AGREE\TALKING ABOUT WHAT I READ,Y,1,-1,276,.608384981904457,.129517375373976,427.335501999997,2.55597448582684,1.01978640878707,3413,1,4,3,.638993621456709,ReadJoy,No label provided,senwgt,06-OCT-21,15h11m,C:\Users\egonzalez\OneDrive - Educational Testing Service\Temp\ItemAnalysis\VideoExample,PIRLS2016Subset, 
ASBR06A,READ\AGREE\TALKING ABOUT WHAT I READ,Y,1,-1,504,.520588656178361,.0502265915788445,479.977960000001,3.3451518003035,.923402691512006,5212,1,4,3,.836287950075874,ReadJoy,No label provided,senwgt,06-OCT-21,15h11m,C:\Users\egonzalez\OneDrive - Educational Testing Service\Temp\ItemAnalysis\VideoExample,PIRLS2016Subset, 
ASBR06A,READ\AGREE\TALKING ABOUT WHAT I READ,Y,1,-1,512,.531631131575822,.0233845855617888,483.412334999994,3.52931332420388,.82575893856689,8888,1,4,3,.882328331050969,ReadJoy,No label provided,senwgt,06-OCT-21,15h11m,C:\Users\egonzalez\OneDrive - Educational Testing Service\Temp\ItemAnalysis\VideoExample,PIRLS2016Subset, 
ASBR06A,READ\AGREE\TALKING ABOUT WHAT I READ,Y,1,-1,554,.580748845502476,-.114568919096485,469.372419000002,2.83512677595142,1.00095020236155,5313,1,4,3,.708781693987856,ReadJoy,No label provided,senwgt,06-OCT-21,15h11m,C:\Users\egonzalez\OneDrive - Educational Testing Service\Temp\ItemAnalysis\VideoExample,PIRLS2016Subset, 
ASBR06B,READ\AGREE\HAPPY ABOUT BOOK AS A PRESENT,Y,2,-1,208,.726419782428863,.177212644958429,482.979465999996,2.75130761149174,1.00925172048021,3385,1,4,3,.687826902872934,ReadJoy,No label provided,senwgt,06-OCT-21,15h11m,C:\Users\egonzalez\OneDrive - Educational Testing Service\Temp\ItemAnalysis\VideoExample,PIRLS2016Subset, 
ASBR06B,READ\AGREE\HAPPY ABOUT BOOK AS A PRESENT,Y,2,-1,276,.751335215116744,.220389668185231,426.632539999997,3.16314491857562,.989974331435536,3404,1,4,3,.790786229643905,ReadJoy,No label provided,senwgt,06-OCT-21,15h11m,C:\Users\egonzalez\OneDrive - Educational Testing Service\Temp\ItemAnalysis\VideoExample,PIRLS2016Subset, 
ASBR06B,READ\AGREE\HAPPY ABOUT BOOK AS A PRESENT,Y,2,-1,504,.568863757707941,.0862997624579129,475.192576000001,3.64635542622619,.724677452915889,5128,1,4,3,.911588856556547,ReadJoy,No label provided,senwgt,06-OCT-21,15h11m,C:\Users\egonzalez\OneDrive - Educational Testing Service\Temp\ItemAnalysis\VideoExample,PIRLS2016Subset, 
ASBR06B,READ\AGREE\HAPPY ABOUT BOOK AS A PRESENT,Y,2,-1,512,.62961282450177,.144335800476065,480.450034999995,3.64669446428493,.748425991273781,8829,1,4,3,.911673616071232,ReadJoy,No label provided,senwgt,06-OCT-21,15h11m,C:\Users\egonzalez\OneDrive - Educational Testing Service\Temp\ItemAnalysis\VideoExample,PIRLS2016Subset, 
ASBR06B,READ\AGREE\HAPPY ABOUT BOOK AS A PRESENT,Y,2,-1,554,.723629092363147,.107229101848696,467.427541000002,3.34307170402696,.88628625118849,5288,1,4,3,.835767926006739,ReadJoy,No label provided,senwgt,06-OCT-21,15h11m,C:\Users\egonzalez\OneDrive - Educational Testing Service\Temp\ItemAnalysis\VideoExample,PIRLS2016Subset, 
ASBR06C,READ\AGREE\READING IS BORING,N,3,-1,208,.702760885214705,.262778258355195,478.365140999996,3.01934292072509,.957378645785564,3357,1,4,3,.754835730181273,ReadJoy,No label provided,senwgt,06-OCT-21,15h11m,C:\Users\egonzalez\OneDrive - Educational Testing Service\Temp\ItemAnalysis\VideoExample,PIRLS2016Subset, 
ASBR06C,READ\AGREE\READING IS BORING,N,3,-1,276,.717749689619572,.327953299765987,423.239709999997,3.21042056994134,1.03844314004749,3385,1,4,3,.802605142485334,ReadJoy,No label provided,senwgt,06-OCT-21,15h11m,C:\Users\egonzalez\OneDrive - Educational Testing Service\Temp\ItemAnalysis\VideoExample,PIRLS2016Subset, 
ASBR06C,READ\AGREE\READING IS BORING,N,3,-1,504,.507103403976765,.339974501556499,471.140842000001,3.31116183937203,1.11641947610264,5084,1,4,3,.827790459843008,ReadJoy,No label provided,senwgt,06-OCT-21,15h11m,C:\Users\egonzalez\OneDrive - Educational Testing Service\Temp\ItemAnalysis\VideoExample,PIRLS2016Subset, 
ASBR06C,READ\AGREE\READING IS BORING,N,3,-1,512,.501330161458035,.314037314878705,474.866317999995,3.19670848501836,1.1624533896452,8692,1,4,3,.799177121254589,ReadJoy,No label provided,senwgt,06-OCT-21,15h11m,C:\Users\egonzalez\OneDrive - Educational Testing Service\Temp\ItemAnalysis\VideoExample,PIRLS2016Subset, 
ASBR06C,READ\AGREE\READING IS BORING,N,3,-1,554,.57381720533124,.351029099405331,466.685137000002,3.26176272676109,.988062854673726,5281,1,4,3,.815440681690274,ReadJoy,No label provided,senwgt,06-OCT-21,15h11m,C:\Users\egonzalez\OneDrive - Educational Testing Service\Temp\ItemAnalysis\VideoExample,PIRLS2016Subset, 
ASBR06D,READ\AGREE\MORE TIME FOR READING,Y,4,-1,208,.724441678339728,.0995842120786791,481.743355999996,2.42613757189007,.976916865447442,3376,1,4,3,.606534392972517,ReadJoy,No label provided,senwgt,06-OCT-21,15h11m,C:\Users\egonzalez\OneDrive - Educational Testing Service\Temp\ItemAnalysis\VideoExample,PIRLS2016Subset, 
ASBR06D,READ\AGREE\MORE TIME FOR READING,Y,4,-1,276,.728076521186179,.164528123237192,422.346236999998,2.62824652087524,1.08509237167647,3371,1,4,3,.65706163021881,ReadJoy,No label provided,senwgt,06-OCT-21,15h11m,C:\Users\egonzalez\OneDrive - Educational Testing Service\Temp\ItemAnalysis\VideoExample,PIRLS2016Subset, 
ASBR06D,READ\AGREE\MORE TIME FOR READING,Y,4,-1,504,.62309133218212,.074134579750379,477.503213000001,3.51001805091518,.813694597712291,5155,1,4,3,.877504512728796,ReadJoy,No label provided,senwgt,06-OCT-21,15h11m,C:\Users\egonzalez\OneDrive - Educational Testing Service\Temp\ItemAnalysis\VideoExample,PIRLS2016Subset, 
ASBR06D,READ\AGREE\MORE TIME FOR READING,Y,4,-1,512,.671887444675079,.0819531234749809,480.598657999995,3.49523691345808,.876780355824324,8817,1,4,3,.873809228364521,ReadJoy,No label provided,senwgt,06-OCT-21,15h11m,C:\Users\egonzalez\OneDrive - Educational Testing Service\Temp\ItemAnalysis\VideoExample,PIRLS2016Subset, 
ASBR06D,READ\AGREE\MORE TIME FOR READING,Y,4,-1,554,.768437334040247,.0746397306995576,467.636329000002,3.06151017621216,.982145454159196,5290,1,4,3,.765377544053039,ReadJoy,No label provided,senwgt,06-OCT-21,15h11m,C:\Users\egonzalez\OneDrive - Educational Testing Service\Temp\ItemAnalysis\VideoExample,PIRLS2016Subset, 
ASBR06E,READ\AGREE\ENJOY READING,Y,5,-1,208,.838160047089545,.250907073486051,480.127288999996,2.97640889768299,.964681566576357,3363,1,4,3,.744102224420746,ReadJoy,No label provided,senwgt,06-OCT-21,15h11m,C:\Users\egonzalez\OneDrive - Educational Testing Service\Temp\ItemAnalysis\VideoExample,PIRLS2016Subset, 
ASBR06E,READ\AGREE\ENJOY READING,Y,5,-1,276,.83430796376126,.317060185645192,422.191407999997,3.16392586085032,1.00972995774317,3368,1,4,3,.79098146521258,ReadJoy,No label provided,senwgt,06-OCT-21,15h11m,C:\Users\egonzalez\OneDrive - Educational Testing Service\Temp\ItemAnalysis\VideoExample,PIRLS2016Subset, 
ASBR06E,READ\AGREE\ENJOY READING,Y,5,-1,504,.644698690154447,.103771253965921,479.259777000001,3.63833069596409,.671234118683126,5198,1,4,3,.909582673991022,ReadJoy,No label provided,senwgt,06-OCT-21,15h11m,C:\Users\egonzalez\OneDrive - Educational Testing Service\Temp\ItemAnalysis\VideoExample,PIRLS2016Subset, 
ASBR06E,READ\AGREE\ENJOY READING,Y,5,-1,512,.726572147512839,.155537156456475,480.097633999995,3.65361091323353,.757303595829442,8803,1,4,3,.913402728308382,ReadJoy,No label provided,senwgt,06-OCT-21,15h11m,C:\Users\egonzalez\OneDrive - Educational Testing Service\Temp\ItemAnalysis\VideoExample,PIRLS2016Subset, 
ASBR06E,READ\AGREE\ENJOY READING,Y,5,-1,554,.812623338123905,.219795797950655,465.717458000003,3.42579009782364,.860547387170057,5276,1,4,3,.856447524455911,ReadJoy,No label provided,senwgt,06-OCT-21,15h11m,C:\Users\egonzalez\OneDrive - Educational Testing Service\Temp\ItemAnalysis\VideoExample,PIRLS2016Subset, 
ASBR06F,READ\AGREE\LEARN A LOT FROM READING,Y,6,-1,208,.633540467168455,.0357676491006579,479.123352999996,3.22635273008705,.816412783243529,3358,1,4,3,.806588182521763,ReadJoy,No label provided,senwgt,06-OCT-21,15h11m,C:\Users\egonzalez\OneDrive - Educational Testing Service\Temp\ItemAnalysis\VideoExample,PIRLS2016Subset, 
ASBR06F,READ\AGREE\LEARN A LOT FROM READING,Y,6,-1,276,.681342006360461,.0865141506006372,423.946551999997,3.19000660488921,.92194790774567,3384,1,4,3,.797501651222302,ReadJoy,No label provided,senwgt,06-OCT-21,15h11m,C:\Users\egonzalez\OneDrive - Educational Testing Service\Temp\ItemAnalysis\VideoExample,PIRLS2016Subset, 
ASBR06F,READ\AGREE\LEARN A LOT FROM READING,Y,6,-1,504,.626021517807234,.1217341740995,477.561277000001,3.70729630158018,.605839372596324,5154,1,4,3,.926824075395044,ReadJoy,No label provided,senwgt,06-OCT-21,15h11m,C:\Users\egonzalez\OneDrive - Educational Testing Service\Temp\ItemAnalysis\VideoExample,PIRLS2016Subset, 
ASBR06F,READ\AGREE\LEARN A LOT FROM READING,Y,6,-1,512,.694802198696387,.177553513792715,479.980839999995,3.71325210397983,.660238175410331,8806,1,4,3,.928313025994957,ReadJoy,No label provided,senwgt,06-OCT-21,15h11m,C:\Users\egonzalez\OneDrive - Educational Testing Service\Temp\ItemAnalysis\VideoExample,PIRLS2016Subset, 
ASBR06F,READ\AGREE\LEARN A LOT FROM READING,Y,6,-1,554,.694302815548869,.0139798811632427,466.015995000002,3.41766718114471,.798645615880233,5268,1,4,3,.854416795286178,ReadJoy,No label provided,senwgt,06-OCT-21,15h11m,C:\Users\egonzalez\OneDrive - Educational Testing Service\Temp\ItemAnalysis\VideoExample,PIRLS2016Subset, 
ASBR06G,READ\AGREE\LIKE READ THINGS MAKE THINK,Y,7,-1,208,.746167938406112,.149460334132261,483.605145999996,3.21911237685633,.881844562521826,3390,1,4,3,.804778094214082,ReadJoy,No label provided,senwgt,06-OCT-21,15h11m,C:\Users\egonzalez\OneDrive - Educational Testing Service\Temp\ItemAnalysis\VideoExample,PIRLS2016Subset, 
ASBR06G,READ\AGREE\LIKE READ THINGS MAKE THINK,Y,7,-1,276,.708556745043078,.129836010852268,426.794133999997,2.9419884740028,1.05745325619333,3407,1,4,3,.735497118500701,ReadJoy,No label provided,senwgt,06-OCT-21,15h11m,C:\Users\egonzalez\OneDrive - Educational Testing Service\Temp\ItemAnalysis\VideoExample,PIRLS2016Subset, 
ASBR06G,READ\AGREE\LIKE READ THINGS MAKE THINK,Y,7,-1,504,.595247809636086,.116508664293055,475.645348000002,3.59906105504473,.707150654905612,5139,1,4,3,.899765263761183,ReadJoy,No label provided,senwgt,06-OCT-21,15h11m,C:\Users\egonzalez\OneDrive - Educational Testing Service\Temp\ItemAnalysis\VideoExample,PIRLS2016Subset, 
ASBR06G,READ\AGREE\LIKE READ THINGS MAKE THINK,Y,7,-1,512,.63523539578595,.122461093792646,483.616038999995,3.65634082702539,.726694012346893,8872,1,4,3,.914085206756348,ReadJoy,No label provided,senwgt,06-OCT-21,15h11m,C:\Users\egonzalez\OneDrive - Educational Testing Service\Temp\ItemAnalysis\VideoExample,PIRLS2016Subset, 
ASBR06G,READ\AGREE\LIKE READ THINGS MAKE THINK,Y,7,-1,554,.720657503690855,-.0288043680721367,468.869611000002,3.3250323361221,.878415866014877,5310,1,4,3,.831258084030525,ReadJoy,No label provided,senwgt,06-OCT-21,15h11m,C:\Users\egonzalez\OneDrive - Educational Testing Service\Temp\ItemAnalysis\VideoExample,PIRLS2016Subset, 
ASBR06H,READ\AGREE\BOOK HELPS IMAGE OTHER WORLDS,Y,8,-1,208,.669862238740283,.232428159339273,484.267630999996,3.39519860455015,.867963801404177,3393,1,4,3,.848799651137536,ReadJoy,No label provided,senwgt,06-OCT-21,15h11m,C:\Users\egonzalez\OneDrive - Educational Testing Service\Temp\ItemAnalysis\VideoExample,PIRLS2016Subset, 
ASBR06H,READ\AGREE\BOOK HELPS IMAGE OTHER WORLDS,Y,8,-1,276,.712738389799721,.262219780716009,426.869630999997,3.3240256672183,.978464009836884,3407,1,4,3,.831006416804575,ReadJoy,No label provided,senwgt,06-OCT-21,15h11m,C:\Users\egonzalez\OneDrive - Educational Testing Service\Temp\ItemAnalysis\VideoExample,PIRLS2016Subset, 
ASBR06H,READ\AGREE\BOOK HELPS IMAGE OTHER WORLDS,Y,8,-1,504,.585370721796215,.0998500442420891,478.933635000001,3.52953575081441,.818807110201118,5179,1,4,3,.882383937703602,ReadJoy,No label provided,senwgt,06-OCT-21,15h11m,C:\Users\egonzalez\OneDrive - Educational Testing Service\Temp\ItemAnalysis\VideoExample,PIRLS2016Subset, 
ASBR06H,READ\AGREE\BOOK HELPS IMAGE OTHER WORLDS,Y,8,-1,512,.629605342720651,.153460757554876,484.181739999995,3.63956432144675,.755984575418182,8888,1,4,3,.909891080361686,ReadJoy,No label provided,senwgt,06-OCT-21,15h11m,C:\Users\egonzalez\OneDrive - Educational Testing Service\Temp\ItemAnalysis\VideoExample,PIRLS2016Subset, 
ASBR06H,READ\AGREE\BOOK HELPS IMAGE OTHER WORLDS,Y,8,-1,554,.667828595772119,.106903106780145,470.356395000002,3.53770826906691,.805440893834983,5321,1,4,3,.884427067266728,ReadJoy,No label provided,senwgt,06-OCT-21,15h11m,C:\Users\egonzalez\OneDrive - Educational Testing Service\Temp\ItemAnalysis\VideoExample,PIRLS2016Subset, 
