item,Var_Label,Reverse,ISeq,Key,ITSEX,CorrW_ReadJoy_pplus,CorrW_asrrea01,SumWgts,ItemMean,ItemStDev,ValidCases,ItemMin,ItemMax,NSteps,PPlus,Scale,ScaleLbl,Weight,Date,Time,InDir,InFile,SelCrit
ASBR06A,READ\AGREE\TALKING ABOUT WHAT I READ,Y,1,-1,1,.629503859852997,-.191761540251364,1179.70569300001,3.06993050087792,.968514068921524,13108,1,4,3,.76748262521948,ReadJoy,No label provided,senwgt,06-OCT-21,15h11m,C:\Users\egonzalez\OneDrive - Educational Testing Service\Temp\ItemAnalysis\VideoExample,PIRLS2016Subset, 
ASBR06A,READ\AGREE\TALKING ABOUT WHAT I READ,Y,1,-1,2,.631330115152375,-.228022382670643,1165.51320100001,2.92975491060097,1.04504564893481,13117,1,4,3,.732438727650241,ReadJoy,No label provided,senwgt,06-OCT-21,15h11m,C:\Users\egonzalez\OneDrive - Educational Testing Service\Temp\ItemAnalysis\VideoExample,PIRLS2016Subset, 
ASBR06B,READ\AGREE\HAPPY ABOUT BOOK AS A PRESENT,Y,2,-1,1,.716550884724826,-.0819444665969983,1172.74444600001,3.42625911954224,.869797939318609,13013,1,4,3,.856564779885561,ReadJoy,No label provided,senwgt,06-OCT-21,15h11m,C:\Users\egonzalez\OneDrive - Educational Testing Service\Temp\ItemAnalysis\VideoExample,PIRLS2016Subset, 
ASBR06B,READ\AGREE\HAPPY ABOUT BOOK AS A PRESENT,Y,2,-1,2,.734653604673465,-.143823877193695,1159.93771200001,3.1963945457099,.993290104272332,13021,1,4,3,.799098636427474,ReadJoy,No label provided,senwgt,06-OCT-21,15h11m,C:\Users\egonzalez\OneDrive - Educational Testing Service\Temp\ItemAnalysis\VideoExample,PIRLS2016Subset, 
ASBR06C,READ\AGREE\READING IS BORING,N,3,-1,1,.569508066852658,.195997806922876,1163.28498400001,3.35745453927393,.975778217362421,12901,1,4,3,.839363634818483,ReadJoy,No label provided,senwgt,06-OCT-21,15h11m,C:\Users\egonzalez\OneDrive - Educational Testing Service\Temp\ItemAnalysis\VideoExample,PIRLS2016Subset, 
ASBR06C,READ\AGREE\READING IS BORING,N,3,-1,2,.549045164669942,.184733231312322,1151.01216400001,3.03880226673263,1.11575933028562,12898,1,4,3,.759700566683156,ReadJoy,No label provided,senwgt,06-OCT-21,15h11m,C:\Users\egonzalez\OneDrive - Educational Testing Service\Temp\ItemAnalysis\VideoExample,PIRLS2016Subset, 
ASBR06D,READ\AGREE\MORE TIME FOR READING,Y,4,-1,1,.74095012576224,-.170408608989284,1172.15036200001,3.16610691282628,.988471204704046,13005,1,4,3,.79152672820657,ReadJoy,No label provided,senwgt,06-OCT-21,15h11m,C:\Users\egonzalez\OneDrive - Educational Testing Service\Temp\ItemAnalysis\VideoExample,PIRLS2016Subset, 
ASBR06D,READ\AGREE\MORE TIME FOR READING,Y,4,-1,2,.762437944443086,-.230065577050806,1157.67743100001,2.89819657631383,1.08490600401863,13004,1,4,3,.724549144078458,ReadJoy,No label provided,senwgt,06-OCT-21,15h11m,C:\Users\egonzalez\OneDrive - Educational Testing Service\Temp\ItemAnalysis\VideoExample,PIRLS2016Subset, 
ASBR06E,READ\AGREE\ENJOY READING,Y,5,-1,1,.793785796674067,-.0069202452232003,1172.51873800001,3.50612087702092,.806239330032669,13029,1,4,3,.876530219255229,ReadJoy,No label provided,senwgt,06-OCT-21,15h11m,C:\Users\egonzalez\OneDrive - Educational Testing Service\Temp\ItemAnalysis\VideoExample,PIRLS2016Subset, 
ASBR06E,READ\AGREE\ENJOY READING,Y,5,-1,2,.812903430030545,-.0709124510109724,1154.87482800001,3.24458608080428,.965296979211595,12979,1,4,3,.81114652020107,ReadJoy,No label provided,senwgt,06-OCT-21,15h11m,C:\Users\egonzalez\OneDrive - Educational Testing Service\Temp\ItemAnalysis\VideoExample,PIRLS2016Subset, 
ASBR06F,READ\AGREE\LEARN A LOT FROM READING,Y,6,-1,1,.686458804567864,-.136958451483756,1171.68598500001,3.53345094334298,.738519409450311,12991,1,4,3,.883362735835745,ReadJoy,No label provided,senwgt,06-OCT-21,15h11m,C:\Users\egonzalez\OneDrive - Educational Testing Service\Temp\ItemAnalysis\VideoExample,PIRLS2016Subset, 
ASBR06F,READ\AGREE\LEARN A LOT FROM READING,Y,6,-1,2,.702033212077919,-.112068238432034,1154.94203200001,3.37987255969918,.845101952507865,12979,1,4,3,.844968139924795,ReadJoy,No label provided,senwgt,06-OCT-21,15h11m,C:\Users\egonzalez\OneDrive - Educational Testing Service\Temp\ItemAnalysis\VideoExample,PIRLS2016Subset, 
ASBR06G,READ\AGREE\LIKE READ THINGS MAKE THINK,Y,7,-1,1,.696871147214069,-.102497086063378,1176.03422600001,3.41669808766265,.844431524420936,13057,1,4,3,.854174521915663,ReadJoy,No label provided,senwgt,06-OCT-21,15h11m,C:\Users\egonzalez\OneDrive - Educational Testing Service\Temp\ItemAnalysis\VideoExample,PIRLS2016Subset, 
ASBR06G,READ\AGREE\LIKE READ THINGS MAKE THINK,Y,7,-1,2,.728526424389037,-.104852693425075,1162.49605200001,3.29755715763929,.933828295787592,13061,1,4,3,.824389289409823,ReadJoy,No label provided,senwgt,06-OCT-21,15h11m,C:\Users\egonzalez\OneDrive - Educational Testing Service\Temp\ItemAnalysis\VideoExample,PIRLS2016Subset, 
ASBR06H,READ\AGREE\BOOK HELPS IMAGE OTHER WORLDS,Y,8,-1,1,.613329366174748,.0925684370525295,1179.70683700001,3.56874272993638,.782585386562166,13098,1,4,3,.892185682484094,ReadJoy,No label provided,senwgt,06-OCT-21,15h11m,C:\Users\egonzalez\OneDrive - Educational Testing Service\Temp\ItemAnalysis\VideoExample,PIRLS2016Subset, 
ASBR06H,READ\AGREE\BOOK HELPS IMAGE OTHER WORLDS,Y,8,-1,2,.663415055548473,.0211173146880875,1164.90219500001,3.40770915793495,.910332155789993,13090,1,4,3,.851927289483736,ReadJoy,No label provided,senwgt,06-OCT-21,15h11m,C:\Users\egonzalez\OneDrive - Educational Testing Service\Temp\ItemAnalysis\VideoExample,PIRLS2016Subset, 
