item,Var_Label,Reverse,ISeq,Key,ITSEX,Level,NCases,SumWgts,PPlus,Criteria
ASBR06A,READ\AGREE\TALKING ABOUT WHAT I READ,Y,1,-1,1,1,99,99,.293367346938776,ReadJoy_pplus
ASBR06A,READ\AGREE\TALKING ABOUT WHAT I READ,Y,1,-1,1,2,211,211,.406698564593301,ReadJoy_pplus
ASBR06A,READ\AGREE\TALKING ABOUT WHAT I READ,Y,1,-1,1,3,579,579,.513501742160279,ReadJoy_pplus
ASBR06A,READ\AGREE\TALKING ABOUT WHAT I READ,Y,1,-1,1,4,1344,1344,.623496240601504,ReadJoy_pplus
ASBR06A,READ\AGREE\TALKING ABOUT WHAT I READ,Y,1,-1,1,5,2853,2853,.705524179315214,ReadJoy_pplus
ASBR06A,READ\AGREE\TALKING ABOUT WHAT I READ,Y,1,-1,1,6,8105,8105,.888640873015873,ReadJoy_pplus
ASBR06A,READ\AGREE\TALKING ABOUT WHAT I READ,Y,1,-1,2,1,294,294,.294520547945205,ReadJoy_pplus
ASBR06A,READ\AGREE\TALKING ABOUT WHAT I READ,Y,1,-1,2,2,413,413,.411407766990291,ReadJoy_pplus
ASBR06A,READ\AGREE\TALKING ABOUT WHAT I READ,Y,1,-1,2,3,941,941,.518108108108108,ReadJoy_pplus
ASBR06A,READ\AGREE\TALKING ABOUT WHAT I READ,Y,1,-1,2,4,2045,2045,.637815750371471,ReadJoy_pplus
ASBR06A,READ\AGREE\TALKING ABOUT WHAT I READ,Y,1,-1,2,5,3215,3215,.735797237915882,ReadJoy_pplus
ASBR06A,READ\AGREE\TALKING ABOUT WHAT I READ,Y,1,-1,2,6,6321,6321,.892686614674519,ReadJoy_pplus
ASBR06B,READ\AGREE\HAPPY ABOUT BOOK AS A PRESENT,Y,2,-1,1,1,99,99,.303030303030303,ReadJoy_pplus
ASBR06B,READ\AGREE\HAPPY ABOUT BOOK AS A PRESENT,Y,2,-1,1,2,211,211,.431818181818182,ReadJoy_pplus
ASBR06B,READ\AGREE\HAPPY ABOUT BOOK AS A PRESENT,Y,2,-1,1,3,579,579,.54726148409894,ReadJoy_pplus
ASBR06B,READ\AGREE\HAPPY ABOUT BOOK AS A PRESENT,Y,2,-1,1,4,1344,1344,.691409193669932,ReadJoy_pplus
ASBR06B,READ\AGREE\HAPPY ABOUT BOOK AS A PRESENT,Y,2,-1,1,5,2853,2853,.821772467902996,ReadJoy_pplus
ASBR06B,READ\AGREE\HAPPY ABOUT BOOK AS A PRESENT,Y,2,-1,1,6,8105,8105,.968281718281718,ReadJoy_pplus
ASBR06B,READ\AGREE\HAPPY ABOUT BOOK AS A PRESENT,Y,2,-1,2,1,294,294,.299828178694158,ReadJoy_pplus
ASBR06B,READ\AGREE\HAPPY ABOUT BOOK AS A PRESENT,Y,2,-1,2,2,413,413,.418103448275862,ReadJoy_pplus
ASBR06B,READ\AGREE\HAPPY ABOUT BOOK AS A PRESENT,Y,2,-1,2,3,941,941,.551630434782609,ReadJoy_pplus
ASBR06B,READ\AGREE\HAPPY ABOUT BOOK AS A PRESENT,Y,2,-1,2,4,2045,2045,.675746268656716,ReadJoy_pplus
ASBR06B,READ\AGREE\HAPPY ABOUT BOOK AS A PRESENT,Y,2,-1,2,5,3215,3215,.820555555555556,ReadJoy_pplus
ASBR06B,READ\AGREE\HAPPY ABOUT BOOK AS A PRESENT,Y,2,-1,2,6,6321,6321,.960562139654068,ReadJoy_pplus
ASBR06C,READ\AGREE\READING IS BORING,N,3,-1,1,1,99,99,.421875,ReadJoy_pplus
ASBR06C,READ\AGREE\READING IS BORING,N,3,-1,1,2,211,211,.479368932038835,ReadJoy_pplus
ASBR06C,READ\AGREE\READING IS BORING,N,3,-1,1,3,579,579,.573291366906475,ReadJoy_pplus
ASBR06C,READ\AGREE\READING IS BORING,N,3,-1,1,4,1344,1344,.665839694656489,ReadJoy_pplus
ASBR06C,READ\AGREE\READING IS BORING,N,3,-1,1,5,2853,2853,.766732283464567,ReadJoy_pplus
ASBR06C,READ\AGREE\READING IS BORING,N,3,-1,1,6,8105,8105,.927131880589495,ReadJoy_pplus
ASBR06C,READ\AGREE\READING IS BORING,N,3,-1,2,1,294,294,.397413793103448,ReadJoy_pplus
ASBR06C,READ\AGREE\READING IS BORING,N,3,-1,2,2,413,413,.506707317073171,ReadJoy_pplus
ASBR06C,READ\AGREE\READING IS BORING,N,3,-1,2,3,941,941,.555767138193689,ReadJoy_pplus
ASBR06C,READ\AGREE\READING IS BORING,N,3,-1,2,4,2045,2045,.637822132390096,ReadJoy_pplus
ASBR06C,READ\AGREE\READING IS BORING,N,3,-1,2,5,3215,3215,.711347631241997,ReadJoy_pplus
ASBR06C,READ\AGREE\READING IS BORING,N,3,-1,2,6,6321,6321,.888236722797927,ReadJoy_pplus
ASBR06D,READ\AGREE\MORE TIME FOR READING,Y,4,-1,1,1,99,99,.260204081632653,ReadJoy_pplus
ASBR06D,READ\AGREE\MORE TIME FOR READING,Y,4,-1,1,2,211,211,.312200956937799,ReadJoy_pplus
ASBR06D,READ\AGREE\MORE TIME FOR READING,Y,4,-1,1,3,579,579,.451154529307282,ReadJoy_pplus
ASBR06D,READ\AGREE\MORE TIME FOR READING,Y,4,-1,1,4,1344,1344,.574508320726172,ReadJoy_pplus
ASBR06D,READ\AGREE\MORE TIME FOR READING,Y,4,-1,1,5,2853,2853,.737504462691896,ReadJoy_pplus
ASBR06D,READ\AGREE\MORE TIME FOR READING,Y,4,-1,1,6,8105,8105,.934067648527209,ReadJoy_pplus
ASBR06D,READ\AGREE\MORE TIME FOR READING,Y,4,-1,2,1,294,294,.257679180887372,ReadJoy_pplus
ASBR06D,READ\AGREE\MORE TIME FOR READING,Y,4,-1,2,2,413,413,.317848410757946,ReadJoy_pplus
ASBR06D,READ\AGREE\MORE TIME FOR READING,Y,4,-1,2,3,941,941,.441273326015368,ReadJoy_pplus
ASBR06D,READ\AGREE\MORE TIME FOR READING,Y,4,-1,2,4,2045,2045,.566658391261172,ReadJoy_pplus
ASBR06D,READ\AGREE\MORE TIME FOR READING,Y,4,-1,2,5,3215,3215,.732370772176133,ReadJoy_pplus
ASBR06D,READ\AGREE\MORE TIME FOR READING,Y,4,-1,2,6,6321,6321,.928840301137274,ReadJoy_pplus
ASBR06E,READ\AGREE\ENJOY READING,Y,5,-1,1,1,99,99,.272727272727273,ReadJoy_pplus
ASBR06E,READ\AGREE\ENJOY READING,Y,5,-1,1,2,211,211,.373188405797101,ReadJoy_pplus
ASBR06E,READ\AGREE\ENJOY READING,Y,5,-1,1,3,579,579,.536283185840708,ReadJoy_pplus
ASBR06E,READ\AGREE\ENJOY READING,Y,5,-1,1,4,1344,1344,.694550304878049,ReadJoy_pplus
ASBR06E,READ\AGREE\ENJOY READING,Y,5,-1,1,5,2853,2853,.864751163623344,ReadJoy_pplus
ASBR06E,READ\AGREE\ENJOY READING,Y,5,-1,1,6,8105,8105,.983732770396126,ReadJoy_pplus
ASBR06E,READ\AGREE\ENJOY READING,Y,5,-1,2,1,294,294,.262068965517241,ReadJoy_pplus
ASBR06E,READ\AGREE\ENJOY READING,Y,5,-1,2,2,413,413,.339108910891089,ReadJoy_pplus
ASBR06E,READ\AGREE\ENJOY READING,Y,5,-1,2,3,941,941,.51766004415011,ReadJoy_pplus
ASBR06E,READ\AGREE\ENJOY READING,Y,5,-1,2,4,2045,2045,.682764676367286,ReadJoy_pplus
ASBR06E,READ\AGREE\ENJOY READING,Y,5,-1,2,5,3215,3215,.839137380191693,ReadJoy_pplus
ASBR06E,READ\AGREE\ENJOY READING,Y,5,-1,2,6,6321,6321,.975783248081841,ReadJoy_pplus
ASBR06F,READ\AGREE\LEARN A LOT FROM READING,Y,6,-1,1,1,99,99,.328282828282828,ReadJoy_pplus
ASBR06F,READ\AGREE\LEARN A LOT FROM READING,Y,6,-1,1,2,211,211,.532766990291262,ReadJoy_pplus
ASBR06F,READ\AGREE\LEARN A LOT FROM READING,Y,6,-1,1,3,579,579,.61976320582878,ReadJoy_pplus
ASBR06F,READ\AGREE\LEARN A LOT FROM READING,Y,6,-1,1,4,1344,1344,.729389312977099,ReadJoy_pplus
ASBR06F,READ\AGREE\LEARN A LOT FROM READING,Y,6,-1,1,5,2853,2853,.858028017241379,ReadJoy_pplus
ASBR06F,READ\AGREE\LEARN A LOT FROM READING,Y,6,-1,1,6,8105,8105,.973828173567077,ReadJoy_pplus
ASBR06F,READ\AGREE\LEARN A LOT FROM READING,Y,6,-1,2,1,294,294,.354529616724739,ReadJoy_pplus
ASBR06F,READ\AGREE\LEARN A LOT FROM READING,Y,6,-1,2,2,413,413,.527027027027027,ReadJoy_pplus
ASBR06F,READ\AGREE\LEARN A LOT FROM READING,Y,6,-1,2,3,941,941,.636714443219405,ReadJoy_pplus
ASBR06F,READ\AGREE\LEARN A LOT FROM READING,Y,6,-1,2,4,2045,2045,.74446401610468,ReadJoy_pplus
ASBR06F,READ\AGREE\LEARN A LOT FROM READING,Y,6,-1,2,5,3215,3215,.860587671670393,ReadJoy_pplus
ASBR06F,READ\AGREE\LEARN A LOT FROM READING,Y,6,-1,2,6,6321,6321,.972044728434505,ReadJoy_pplus
ASBR06G,READ\AGREE\LIKE READ THINGS MAKE THINK,Y,7,-1,1,1,99,99,.275252525252525,ReadJoy_pplus
ASBR06G,READ\AGREE\LIKE READ THINGS MAKE THINK,Y,7,-1,1,2,211,211,.393719806763285,ReadJoy_pplus
ASBR06G,READ\AGREE\LIKE READ THINGS MAKE THINK,Y,7,-1,1,3,579,579,.578457446808511,ReadJoy_pplus
ASBR06G,READ\AGREE\LIKE READ THINGS MAKE THINK,Y,7,-1,1,4,1344,1344,.692001516300227,ReadJoy_pplus
ASBR06G,READ\AGREE\LIKE READ THINGS MAKE THINK,Y,7,-1,1,5,2853,2853,.819128113879004,ReadJoy_pplus
ASBR06G,READ\AGREE\LIKE READ THINGS MAKE THINK,Y,7,-1,1,6,8105,8105,.956999255398362,ReadJoy_pplus
ASBR06G,READ\AGREE\LIKE READ THINGS MAKE THINK,Y,7,-1,2,1,294,294,.277681660899654,ReadJoy_pplus
ASBR06G,READ\AGREE\LIKE READ THINGS MAKE THINK,Y,7,-1,2,2,413,413,.431540342298289,ReadJoy_pplus
ASBR06G,READ\AGREE\LIKE READ THINGS MAKE THINK,Y,7,-1,2,3,941,941,.586652314316469,ReadJoy_pplus
ASBR06G,READ\AGREE\LIKE READ THINGS MAKE THINK,Y,7,-1,2,4,2045,2045,.722885572139303,ReadJoy_pplus
ASBR06G,READ\AGREE\LIKE READ THINGS MAKE THINK,Y,7,-1,2,5,3215,3215,.844127943984723,ReadJoy_pplus
ASBR06G,READ\AGREE\LIKE READ THINGS MAKE THINK,Y,7,-1,2,6,6321,6321,.963745622413244,ReadJoy_pplus
ASBR06H,READ\AGREE\BOOK HELPS IMAGE OTHER WORLDS,Y,8,-1,1,1,99,99,.316326530612245,ReadJoy_pplus
ASBR06H,READ\AGREE\BOOK HELPS IMAGE OTHER WORLDS,Y,8,-1,1,2,211,211,.522836538461538,ReadJoy_pplus
ASBR06H,READ\AGREE\BOOK HELPS IMAGE OTHER WORLDS,Y,8,-1,1,3,579,579,.630890052356021,ReadJoy_pplus
ASBR06H,READ\AGREE\BOOK HELPS IMAGE OTHER WORLDS,Y,8,-1,1,4,1344,1344,.77511329305136,ReadJoy_pplus
ASBR06H,READ\AGREE\BOOK HELPS IMAGE OTHER WORLDS,Y,8,-1,1,5,2853,2853,.86471211586012,ReadJoy_pplus
ASBR06H,READ\AGREE\BOOK HELPS IMAGE OTHER WORLDS,Y,8,-1,1,6,8105,8105,.968905009920635,ReadJoy_pplus
ASBR06H,READ\AGREE\BOOK HELPS IMAGE OTHER WORLDS,Y,8,-1,2,1,294,294,.301369863013699,ReadJoy_pplus
ASBR06H,READ\AGREE\BOOK HELPS IMAGE OTHER WORLDS,Y,8,-1,2,2,413,413,.495700245700246,ReadJoy_pplus
ASBR06H,READ\AGREE\BOOK HELPS IMAGE OTHER WORLDS,Y,8,-1,2,3,941,941,.645518358531317,ReadJoy_pplus
ASBR06H,READ\AGREE\BOOK HELPS IMAGE OTHER WORLDS,Y,8,-1,2,4,2045,2045,.760277365032194,ReadJoy_pplus
ASBR06H,READ\AGREE\BOOK HELPS IMAGE OTHER WORLDS,Y,8,-1,2,5,3215,3215,.86629746835443,ReadJoy_pplus
ASBR06H,READ\AGREE\BOOK HELPS IMAGE OTHER WORLDS,Y,8,-1,2,6,6321,6321,.968103722558066,ReadJoy_pplus
