item,Var_Label,Reverse,ISeq,Key,IDCNTRY,Mean_EAP,Mean_WLE,CorrW_Reading_pplus,CorrW_asrrea01,CorrW_Reading_WLE,SumWgts,ItemMean,ItemStDev,ValidCases,ItemMin,ItemMax,NSteps,PPlus,Alpha,oBeta,tauCat1,tauCat2,tauCat3,shift,Beta,POf1,POf2,POf3,EqMean,EqPPlus,Scale,ScaleLbl,Weight,Date,Time,InDir,InFile,SelCrit
R11F01M,F\IDENTITY OF NARRATOR (B),N,1,2,208,.867750490170118,.947226973797266,.469788582390541,.375148929738155,.440729107942896,83.0772970000001,.899471765433101,.302529306373574,584,0,1,1,.899471765433101,1,-.97650613960818, , , ,-.133844311129579,-.842661828478601,.856913642813223, , ,.856913642813223,.856913642813223,Reading,No label provided,senwgt,06-OCT-21,15h12m,C:\Users\egonzalez\OneDrive - Educational Testing Service\Temp\ItemAnalysis\VideoExample,PIRLS2016Subset, 
R11F01M,F\IDENTITY OF NARRATOR (B),N,1,2,276,.685934081918839,.744569010113251,.529385632764596,.473860951329405,.48948982951641,81.0655539999999,.848182188454546,.36107819140741,652,0,1,1,.848182188454546,1,-.97650613960818, , , ,-.133844311129579,-.842661828478601,.830226144691902, , ,.830226144691902,.830226144691902,Reading,No label provided,senwgt,06-OCT-21,15h12m,C:\Users\egonzalez\OneDrive - Educational Testing Service\Temp\ItemAnalysis\VideoExample,PIRLS2016Subset, 
R11F01M,F\IDENTITY OF NARRATOR (B),N,1,2,504,-.984426874157501,-1.18741644465083,.610641569583023,.482523875858452,.583299212013346,82.1467249999999,.387444319904415,.490159092576756,902,0,1,1,.387444319904415,1,-.97650613960818, , , ,-.133844311129579,-.842661828478601,.414654988260296, , ,.414654988260296,.414654988260296,Reading,No label provided,senwgt,06-OCT-21,15h12m,C:\Users\egonzalez\OneDrive - Educational Testing Service\Temp\ItemAnalysis\VideoExample,PIRLS2016Subset, 
R11F01M,F\IDENTITY OF NARRATOR (B),N,1,2,512,-.483742173574353,-.576257947503698,.643095497474743,.552281612811838,.615120097575274,82.3111610000002,.443057473092863,.499792237050582,1524,0,1,1,.443057473092863,1,-.97650613960818, , , ,-.133844311129579,-.842661828478601,.566209850881151, , ,.566209850881151,.566209850881151,Reading,No label provided,senwgt,06-OCT-21,15h12m,C:\Users\egonzalez\OneDrive - Educational Testing Service\Temp\ItemAnalysis\VideoExample,PIRLS2016Subset, 
R11F01M,F\IDENTITY OF NARRATOR (B),N,1,2,554,.595913542399795,.647125350691577,.623676041301377,.569730976389125,.587561068698316,82.9902460000001,.805470380217934,.398244775900344,938,0,1,1,.805470380217934,1,-.97650613960818, , , ,-.133844311129579,-.842661828478601,.816046327190222, , ,.816046327190222,.816046327190222,Reading,No label provided,senwgt,06-OCT-21,15h12m,C:\Users\egonzalez\OneDrive - Educational Testing Service\Temp\ItemAnalysis\VideoExample,PIRLS2016Subset, 
R11F02M,F\GRANNY'S FARMHOUSE (C),N,2,3,208,.867750490170118,.947226973797266,.413032350416158,.303449671667239,.388304853500314,83.0772970000001,.837231379831726,.371396447961072,584,0,1,1,.837231379831726,1,-1.23921433708745, , , ,-.133844311129579,-1.10537002595787,.886209768193438, , ,.886209768193438,.886209768193438,Reading,No label provided,senwgt,06-OCT-21,15h12m,C:\Users\egonzalez\OneDrive - Educational Testing Service\Temp\ItemAnalysis\VideoExample,PIRLS2016Subset, 
R11F02M,F\GRANNY'S FARMHOUSE (C),N,2,3,276,.685934081918839,.744569010113251,.3705293208294,.313780857352349,.347237108238554,81.0655539999999,.836546025454907,.372081419836418,652,0,1,1,.836546025454907,1,-1.23921433708745, , , ,-.133844311129579,-1.10537002595787,.864119944968548, , ,.864119944968548,.864119944968548,Reading,No label provided,senwgt,06-OCT-21,15h12m,C:\Users\egonzalez\OneDrive - Educational Testing Service\Temp\ItemAnalysis\VideoExample,PIRLS2016Subset, 
R11F02M,F\GRANNY'S FARMHOUSE (C),N,2,3,504,-.984426874157501,-1.18741644465083,.45435562341723,.365228239092894,.454969528012639,82.1467249999999,.504751832772396,.503048686396583,902,0,1,1,.504751832772396,1,-1.23921433708745, , , ,-.133844311129579,-1.10537002595787,.479499893938235, , ,.479499893938235,.479499893938235,Reading,No label provided,senwgt,06-OCT-21,15h12m,C:\Users\egonzalez\OneDrive - Educational Testing Service\Temp\ItemAnalysis\VideoExample,PIRLS2016Subset, 
R11F02M,F\GRANNY'S FARMHOUSE (C),N,2,3,512,-.483742173574353,-.576257947503698,.470426544496944,.369106037072192,.46541226537915,82.3111610000002,.608956554506622,.490975637529545,1524,0,1,1,.608956554506622,1,-1.23921433708745, , , ,-.133844311129579,-1.10537002595787,.629275994564871, , ,.629275994564871,.629275994564871,Reading,No label provided,senwgt,06-OCT-21,15h12m,C:\Users\egonzalez\OneDrive - Educational Testing Service\Temp\ItemAnalysis\VideoExample,PIRLS2016Subset, 
R11F02M,F\GRANNY'S FARMHOUSE (C),N,2,3,554,.595913542399795,.647125350691577,.452509674196637,.358461380617355,.42630179145793,82.9902460000001,.799207764729362,.403028479196515,938,0,1,1,.799207764729362,1,-1.23921433708745, , , ,-.133844311129579,-1.10537002595787,.852267265549326, , ,.852267265549326,.852267265549326,Reading,No label provided,senwgt,06-OCT-21,15h12m,C:\Users\egonzalez\OneDrive - Educational Testing Service\Temp\ItemAnalysis\VideoExample,PIRLS2016Subset, 
R11F03M,F\REASON GRANNY SHOULD MOVE (D),N,3,4,208,.867750490170118,.947226973797266,.485053236703365,.38931526660501,.438991897303663,83.0772970000001,.881436091980702,.325238031445126,584,0,1,1,.881436091980702,1,-.828562728896812, , , ,-.133844311129579,-.694718417767233,.837799473384766, , ,.837799473384766,.837799473384766,Reading,No label provided,senwgt,06-OCT-21,15h12m,C:\Users\egonzalez\OneDrive - Educational Testing Service\Temp\ItemAnalysis\VideoExample,PIRLS2016Subset, 
R11F03M,F\REASON GRANNY SHOULD MOVE (D),N,3,4,276,.685934081918839,.744569010113251,.418880959667745,.348034548524545,.392676618692596,81.0655539999999,.865957284397268,.342819221832436,652,0,1,1,.865957284397268,1,-.828562728896812, , , ,-.133844311129579,-.694718417767233,.808344281309945, , ,.808344281309945,.808344281309945,Reading,No label provided,senwgt,06-OCT-21,15h12m,C:\Users\egonzalez\OneDrive - Educational Testing Service\Temp\ItemAnalysis\VideoExample,PIRLS2016Subset, 
R11F03M,F\REASON GRANNY SHOULD MOVE (D),N,3,4,504,-.984426874157501,-1.18741644465083,.459508652673334,.300799495190007,.440900042088608,82.1467249999999,.324094648934574,.470910637705018,902,0,1,1,.324094648934574,1,-.828562728896812, , , ,-.133844311129579,-.694718417767233,.379258187751987, , ,.379258187751987,.379258187751987,Reading,No label provided,senwgt,06-OCT-21,15h12m,C:\Users\egonzalez\OneDrive - Educational Testing Service\Temp\ItemAnalysis\VideoExample,PIRLS2016Subset, 
R11F03M,F\REASON GRANNY SHOULD MOVE (D),N,3,4,512,-.483742173574353,-.576257947503698,.490267154704776,.39505545368883,.461259208478735,82.3111610000002,.403948487617613,.493695504931328,1524,0,1,1,.403948487617613,1,-.828562728896812, , , ,-.133844311129579,-.694718417767233,.529580533972469, , ,.529580533972469,.529580533972469,Reading,No label provided,senwgt,06-OCT-21,15h12m,C:\Users\egonzalez\OneDrive - Educational Testing Service\Temp\ItemAnalysis\VideoExample,PIRLS2016Subset, 
R11F03M,F\REASON GRANNY SHOULD MOVE (D),N,3,4,554,.595913542399795,.647125350691577,.52767661959111,.495427318968604,.499486522404514,82.9902460000001,.789195527869623,.410359648395782,938,0,1,1,.789195527869623,1,-.828562728896812, , , ,-.133844311129579,-.694718417767233,.792792984976587, , ,.792792984976587,.792792984976587,Reading,No label provided,senwgt,06-OCT-21,15h12m,C:\Users\egonzalez\OneDrive - Educational Testing Service\Temp\ItemAnalysis\VideoExample,PIRLS2016Subset, 
R11F04M,F\WHO OFFERED TO LOOK AFTER ANIMALS (A),N,4,1,208,.867750490170118,.947226973797266,.408983082415248,.351185461260458,.37273056723426,83.0772970000001,.911686353974661,.285473822832638,584,0,1,1,.911686353974661,1,-1.28782376386962, , , ,-.133844311129579,-1.15397945274004,.891020381788874, , ,.891020381788874,.891020381788874,Reading,No label provided,senwgt,06-OCT-21,15h12m,C:\Users\egonzalez\OneDrive - Educational Testing Service\Temp\ItemAnalysis\VideoExample,PIRLS2016Subset, 
R11F04M,F\WHO OFFERED TO LOOK AFTER ANIMALS (A),N,4,1,276,.685934081918839,.744569010113251,.52108194251484,.443233288533189,.475870283325933,81.0655539999999,.882281221442095,.324281155975755,652,0,1,1,.882281221442095,1,-1.28782376386962, , , ,-.133844311129579,-1.15397945274004,.869727152061242, , ,.869727152061242,.869727152061242,Reading,No label provided,senwgt,06-OCT-21,15h12m,C:\Users\egonzalez\OneDrive - Educational Testing Service\Temp\ItemAnalysis\VideoExample,PIRLS2016Subset, 
R11F04M,F\WHO OFFERED TO LOOK AFTER ANIMALS (A),N,4,1,504,-.984426874157501,-1.18741644465083,.573807413200534,.450132322695891,.56992435924551,82.1467249999999,.437536201230177,.499130274119105,902,0,1,1,.437536201230177,1,-1.28782376386962, , , ,-.133844311129579,-1.15397945274004,.491641530761098, , ,.491641530761098,.491641530761098,Reading,No label provided,senwgt,06-OCT-21,15h12m,C:\Users\egonzalez\OneDrive - Educational Testing Service\Temp\ItemAnalysis\VideoExample,PIRLS2016Subset, 
R11F04M,F\WHO OFFERED TO LOOK AFTER ANIMALS (A),N,4,1,512,-.483742173574353,-.576257947503698,.602770552842646,.503693757315447,.580178586142492,82.3111610000002,.551551982118194,.500384169811826,1524,0,1,1,.551551982118194,1,-1.28782376386962, , , ,-.133844311129579,-1.15397945274004,.640542956377096, , ,.640542956377096,.640542956377096,Reading,No label provided,senwgt,06-OCT-21,15h12m,C:\Users\egonzalez\OneDrive - Educational Testing Service\Temp\ItemAnalysis\VideoExample,PIRLS2016Subset, 
R11F04M,F\WHO OFFERED TO LOOK AFTER ANIMALS (A),N,4,1,554,.595913542399795,.647125350691577,.526465618814417,.497031275404827,.506177066663874,82.9266550000001,.839483396502607,.369318019917626,937,0,1,1,.839483396502607,1,-1.28782376386962, , , ,-.133844311129579,-1.15397945274004,.858283368885395, , ,.858283368885395,.858283368885395,Reading,No label provided,senwgt,06-OCT-21,15h12m,C:\Users\egonzalez\OneDrive - Educational Testing Service\Temp\ItemAnalysis\VideoExample,PIRLS2016Subset, 
R11F05M,F\GRANNY WAS UNHAPPY (D),N,5,4,208,.867750490170118,.947226973797266,.511247766634819,.420695521812984,.481353641612642,82.9452830000001,.693754110164408,.463737040218281,583,0,1,1,.693754110164408,1,-.177984732553553, , , ,-.133844311129579,-.0441404214239743,.729357923887323, , ,.729357923887323,.729357923887323,Reading,No label provided,senwgt,06-OCT-21,15h12m,C:\Users\egonzalez\OneDrive - Educational Testing Service\Temp\ItemAnalysis\VideoExample,PIRLS2016Subset, 
R11F05M,F\GRANNY WAS UNHAPPY (D),N,5,4,276,.685934081918839,.744569010113251,.48464790495184,.383270826371917,.44018880737467,80.9349349999999,.7377690610365,.442590290774244,651,0,1,1,.7377690610365,1,-.177984732553553, , , ,-.133844311129579,-.0441404214239743,.687554153356309, , ,.687554153356309,.687554153356309,Reading,No label provided,senwgt,06-OCT-21,15h12m,C:\Users\egonzalez\OneDrive - Educational Testing Service\Temp\ItemAnalysis\VideoExample,PIRLS2016Subset, 
R11F05M,F\GRANNY WAS UNHAPPY (D),N,5,4,504,-.984426874157501,-1.18741644465083,.43437264420485,.266887877128405,.410979222218913,81.9648369999999,.363951105033003,.484096941966739,900,0,1,1,.363951105033003,1,-.177984732553553, , , ,-.133844311129579,-.0441404214239743,.241719387047033, , ,.241719387047033,.241719387047033,Reading,No label provided,senwgt,06-OCT-21,15h12m,C:\Users\egonzalez\OneDrive - Educational Testing Service\Temp\ItemAnalysis\VideoExample,PIRLS2016Subset, 
R11F05M,F\GRANNY WAS UNHAPPY (D),N,5,4,512,-.483742173574353,-.576257947503698,.48308990519414,.356251626647179,.45209476781171,82.3111610000002,.423767792559746,.497183858054753,1524,0,1,1,.423767792559746,1,-.177984732553553, , , ,-.133844311129579,-.0441404214239743,.370023144254027, , ,.370023144254027,.370023144254027,Reading,No label provided,senwgt,06-OCT-21,15h12m,C:\Users\egonzalez\OneDrive - Educational Testing Service\Temp\ItemAnalysis\VideoExample,PIRLS2016Subset, 
R11F05M,F\GRANNY WAS UNHAPPY (D),N,5,4,554,.595913542399795,.647125350691577,.494567444345663,.445239207646494,.478500122276014,82.8030400000001,.489093721679783,.502927151951735,935,0,1,1,.489093721679783,1,-.177984732553553, , , ,-.133844311129579,-.0441404214239743,.666248444883612, , ,.666248444883612,.666248444883612,Reading,No label provided,senwgt,06-OCT-21,15h12m,C:\Users\egonzalez\OneDrive - Educational Testing Service\Temp\ItemAnalysis\VideoExample,PIRLS2016Subset, 
R11F06C,F\GRANNY SCREAMED (1),N,6,-1,208,.867750490170118,.947226973797266,.506319869768531,.396726572972726,.469450317825043,82.9452830000001,.727115669736156,.448151565602849,583,0,1,1,.727115669736156,1,.148498505443592, , , ,-.133844311129579,.282342816573171,.660356691680155, , ,.660356691680155,.660356691680155,Reading,No label provided,senwgt,06-OCT-21,15h12m,C:\Users\egonzalez\OneDrive - Educational Testing Service\Temp\ItemAnalysis\VideoExample,PIRLS2016Subset, 
R11F06C,F\GRANNY SCREAMED (1),N,6,-1,276,.685934081918839,.744569010113251,.466260591545823,.423576220246545,.453258645574742,80.9349349999999,.706196341542748,.458343450010684,651,0,1,1,.706196341542748,1,.148498505443592, , , ,-.133844311129579,.282342816573171,.613542158072517, , ,.613542158072517,.613542158072517,Reading,No label provided,senwgt,06-OCT-21,15h12m,C:\Users\egonzalez\OneDrive - Educational Testing Service\Temp\ItemAnalysis\VideoExample,PIRLS2016Subset, 
R11F06C,F\GRANNY SCREAMED (1),N,6,-1,504,-.984426874157501,-1.18741644465083,.6238144279856,.534290655474784,.568501915564247,81.9648369999999,.206473551579198,.407266308527218,900,0,1,1,.206473551579198,1,.148498505443592, , , ,-.133844311129579,.282342816573171,.186979207833613, , ,.186979207833613,.186979207833613,Reading,No label provided,senwgt,06-OCT-21,15h12m,C:\Users\egonzalez\OneDrive - Educational Testing Service\Temp\ItemAnalysis\VideoExample,PIRLS2016Subset, 
R11F06C,F\GRANNY SCREAMED (1),N,6,-1,512,-.483742173574353,-.576257947503698,.471756152963523,.387198429268804,.440832801237587,82.3111610000002,.196000382013807,.399402393141134,1524,0,1,1,.196000382013807,1,.148498505443592, , , ,-.133844311129579,.282342816573171,.297631769015367, , ,.297631769015367,.297631769015367,Reading,No label provided,senwgt,06-OCT-21,15h12m,C:\Users\egonzalez\OneDrive - Educational Testing Service\Temp\ItemAnalysis\VideoExample,PIRLS2016Subset, 
R11F06C,F\GRANNY SCREAMED (1),N,6,-1,554,.595913542399795,.647125350691577,.571782530750977,.50620522876167,.542981765476206,82.6400610000001,.577845156721265,.496918632206989,934,0,1,1,.577845156721265,1,.148498505443592, , , ,-.133844311129579,.282342816573171,.590197655710807, , ,.590197655710807,.590197655710807,Reading,No label provided,senwgt,06-OCT-21,15h12m,C:\Users\egonzalez\OneDrive - Educational Testing Service\Temp\ItemAnalysis\VideoExample,PIRLS2016Subset, 
R11F07C,F\GRANNY CROUCHED DOWN (2),N,7,-1,208,.867750490170118,.947226973797266,.519515060276319,.427383037366995,.59779193924629,82.7985390000001,1.12980309954503,.878256623549982,582,0,2,2,.564901549772515,1,.672213871935006,.799991328103722,-.799991328103722, ,-.133844311129579,.806058183064585,.524209243739382,.271257454730995, ,1.06672415320137,.533362076600686,Reading,No label provided,senwgt,06-OCT-21,15h12m,C:\Users\egonzalez\OneDrive - Educational Testing Service\Temp\ItemAnalysis\VideoExample,PIRLS2016Subset, 
R11F07C,F\GRANNY CROUCHED DOWN (2),N,7,-1,276,.685934081918839,.744569010113251,.527503382898803,.445794323344106,.598777010814297,80.9349349999999,1.06905099756984,.968303973023403,651,0,2,2,.53452549878492,1,.672213871935006,.799991328103722,-.799991328103722, ,-.133844311129579,.806058183064585,.526214660000198,.222344665962179, ,.970903991924557,.485451995962278,Reading,No label provided,senwgt,06-OCT-21,15h12m,C:\Users\egonzalez\OneDrive - Educational Testing Service\Temp\ItemAnalysis\VideoExample,PIRLS2016Subset, 
R11F07C,F\GRANNY CROUCHED DOWN (2),N,7,-1,504,-.984426874157501,-1.18741644465083,.33895226861784,.26748739881661,.368735689135286,81.5259979999999,.160088208917111,.512234347263072,894,0,2,2,.0800441044585557,1,.672213871935006,.799991328103722,-.799991328103722, ,-.133844311129579,.806058183064585,.229370436679026,.0140394660634322, ,.25744936880589,.128724684402945,Reading,No label provided,senwgt,06-OCT-21,15h12m,C:\Users\egonzalez\OneDrive - Educational Testing Service\Temp\ItemAnalysis\VideoExample,PIRLS2016Subset, 
R11F07C,F\GRANNY CROUCHED DOWN (2),N,7,-1,512,-.483742173574353,-.576257947503698,.470034069221454,.409209078750269,.498403248008996,82.0248000000002,.326681406111321,.686366783594269,1519,0,2,2,.163340703055661,1,.672213871935006,.799991328103722,-.799991328103722, ,-.133844311129579,.806058183064585,.344474032286817,.0388501233159107, ,.422174278918638,.211087139459319,Reading,No label provided,senwgt,06-OCT-21,15h12m,C:\Users\egonzalez\OneDrive - Educational Testing Service\Temp\ItemAnalysis\VideoExample,PIRLS2016Subset, 
R11F07C,F\GRANNY CROUCHED DOWN (2),N,7,-1,554,.595913542399795,.647125350691577,.625932027062171,.5462277956649,.660123472752301,82.2778380000001,1.01395835170098,.914134921731911,931,0,2,2,.506979175850488,1,.672213871935006,.799991328103722,-.799991328103722, ,-.133844311129579,.806058183064585,.523549348792397,.20067910352614, ,.924907555844677,.462453777922339,Reading,No label provided,senwgt,06-OCT-21,15h12m,C:\Users\egonzalez\OneDrive - Educational Testing Service\Temp\ItemAnalysis\VideoExample,PIRLS2016Subset, 
R11F08C,F\GRANNY WINKED AND GRINNED (1),N,8,-1,208,.867750490170118,.947226973797266,.467848172384438,.368286305117976,.438652290907928,82.6548870000001,.764838792895573,.426688532666442,581,0,1,1,.764838792895573,1,-.200664346899136, , , ,-.133844311129579,-.0668200357695573,.733811408262238, , ,.733811408262238,.733811408262238,Reading,No label provided,senwgt,06-OCT-21,15h12m,C:\Users\egonzalez\OneDrive - Educational Testing Service\Temp\ItemAnalysis\VideoExample,PIRLS2016Subset, 
R11F08C,F\GRANNY WINKED AND GRINNED (1),N,8,-1,276,.685934081918839,.744569010113251,.513114764727856,.455720447568205,.492553609280701,80.9349349999999,.725165072412798,.449214844604941,651,0,1,1,.725165072412798,1,-.200664346899136, , , ,-.133844311129579,-.0668200357695573,.692405422546471, , ,.692405422546471,.692405422546471,Reading,No label provided,senwgt,06-OCT-21,15h12m,C:\Users\egonzalez\OneDrive - Educational Testing Service\Temp\ItemAnalysis\VideoExample,PIRLS2016Subset, 
R11F08C,F\GRANNY WINKED AND GRINNED (1),N,8,-1,504,-.984426874157501,-1.18741644465083,.613682535916586,.544891024899512,.565035081308289,81.2796729999999,.229577978248018,.423172691811194,892,0,1,1,.229577978248018,1,-.200664346899136, , , ,-.133844311129579,-.0668200357695573,.245900672586305, , ,.245900672586305,.245900672586305,Reading,No label provided,senwgt,06-OCT-21,15h12m,C:\Users\egonzalez\OneDrive - Educational Testing Service\Temp\ItemAnalysis\VideoExample,PIRLS2016Subset, 
R11F08C,F\GRANNY WINKED AND GRINNED (1),N,8,-1,512,-.483742173574353,-.576257947503698,.644190964214219,.593446659713626,.610065514881177,81.6631780000003,.347142698757081,.479003431476398,1511,0,1,1,.347142698757081,1,-.200664346899136, , , ,-.133844311129579,-.0668200357695573,.375325301383341, , ,.375325301383341,.375325301383341,Reading,No label provided,senwgt,06-OCT-21,15h12m,C:\Users\egonzalez\OneDrive - Educational Testing Service\Temp\ItemAnalysis\VideoExample,PIRLS2016Subset, 
R11F08C,F\GRANNY WINKED AND GRINNED (1),N,8,-1,554,.595913542399795,.647125350691577,.588545219141835,.558687321238665,.565856704367828,81.8395520000002,.664717837165089,.474999949835304,924,0,1,1,.664717837165089,1,-.200664346899136, , , ,-.133844311129579,-.0668200357695573,.671272359156087, , ,.671272359156087,.671272359156087,Reading,No label provided,senwgt,06-OCT-21,15h12m,C:\Users\egonzalez\OneDrive - Educational Testing Service\Temp\ItemAnalysis\VideoExample,PIRLS2016Subset, 
R11F09C,F\GRANNY MADE NEW FLAT LIKE HOME (2),N,9,-1,208,.867750490170118,.947226973797266,.5271932697335,.453605563422996,.539922642968711,82.2781830000001,1.71100274540579,.614042314722774,579,0,2,2,.855501372702896,1,-.392848244158961,.23931402747833,-.23931402747833, ,-.133844311129579,-.259003933029382,.258702658575647,.680342430144814, ,1.61938751886528,.809693759432638,Reading,No label provided,senwgt,06-OCT-21,15h12m,C:\Users\egonzalez\OneDrive - Educational Testing Service\Temp\ItemAnalysis\VideoExample,PIRLS2016Subset, 
R11F09C,F\GRANNY MADE NEW FLAT LIKE HOME (2),N,9,-1,276,.685934081918839,.744569010113251,.6055161287288,.583615377354212,.63330179285582,80.9349349999999,1.49751204470604,.789332274937752,651,0,2,2,.748756022353019,1,-.392848244158961,.23931402747833,-.23931402747833, ,-.133844311129579,-.259003933029382,.291040123941447,.624980254408612, ,1.54100063275867,.770500316379336,Reading,No label provided,senwgt,06-OCT-21,15h12m,C:\Users\egonzalez\OneDrive - Educational Testing Service\Temp\ItemAnalysis\VideoExample,PIRLS2016Subset, 
R11F09C,F\GRANNY MADE NEW FLAT LIKE HOME (2),N,9,-1,504,-.984426874157501,-1.18741644465083,.724862650793253,.681499421256279,.715313649169405,80.0631209999999,.543472768192487,.763118501408258,883,0,2,2,.271736384096244,1,-.392848244158961,.23931402747833,-.23931402747833, ,-.133844311129579,-.259003933029382,.302755774362685,.09417925328511, ,.491114280932905,.245557140466453,Reading,No label provided,senwgt,06-OCT-21,15h12m,C:\Users\egonzalez\OneDrive - Educational Testing Service\Temp\ItemAnalysis\VideoExample,PIRLS2016Subset, 
R11F09C,F\GRANNY MADE NEW FLAT LIKE HOME (2),N,9,-1,512,-.483742173574353,-.576257947503698,.700155816556922,.671881743363281,.708049197746671,81.2527610000002,.674858494962403,.801910534188363,1501,0,2,2,.337429247481202,1,-.392848244158961,.23931402747833,-.23931402747833, ,-.133844311129579,-.259003933029382,.376757019113496,.215946874506239, ,.808650768125974,.404325384062987,Reading,No label provided,senwgt,06-OCT-21,15h12m,C:\Users\egonzalez\OneDrive - Educational Testing Service\Temp\ItemAnalysis\VideoExample,PIRLS2016Subset, 
R11F09C,F\GRANNY MADE NEW FLAT LIKE HOME (2),N,9,-1,554,.595913542399795,.647125350691577,.697842337193508,.688224272189126,.705147184825698,81.6152880000002,1.52815723691375,.742113517848714,921,0,2,2,.764078618456874,1,-.392848244158961,.23931402747833,-.23931402747833, ,-.133844311129579,-.259003933029382,.30617496557544,.596436020561424, ,1.49904700669829,.749523503349144,Reading,No label provided,senwgt,06-OCT-21,15h12m,C:\Users\egonzalez\OneDrive - Educational Testing Service\Temp\ItemAnalysis\VideoExample,PIRLS2016Subset, 
R11F10C,F\HOW GRANNY FEELS AT END OF STORY (1),N,10,-1,208,.867750490170118,.947226973797266,.367703085400786,.266336189381483,.352907001789514,82.2781830000001,.948589153943763,.222188617078568,579,0,1,1,.948589153943763,1,-1.41089008576377, , , ,-.133844311129579,-1.27704577463419,.902408134331952, , ,.902408134331952,.902408134331952,Reading,No label provided,senwgt,06-OCT-21,15h12m,C:\Users\egonzalez\OneDrive - Educational Testing Service\Temp\ItemAnalysis\VideoExample,PIRLS2016Subset, 
R11F10C,F\HOW GRANNY FEELS AT END OF STORY (1),N,10,-1,276,.685934081918839,.744569010113251,.413931334693834,.340263916860464,.387841371627655,80.8198539999999,.928625161832142,.25905761210257,650,0,1,1,.928625161832142,1,-1.41089008576377, , , ,-.133844311129579,-1.27704577463419,.883047878104789, , ,.883047878104789,.883047878104789,Reading,No label provided,senwgt,06-OCT-21,15h12m,C:\Users\egonzalez\OneDrive - Educational Testing Service\Temp\ItemAnalysis\VideoExample,PIRLS2016Subset, 
R11F10C,F\HOW GRANNY FEELS AT END OF STORY (1),N,10,-1,504,-.984426874157501,-1.18741644465083,.537556039618668,.489132952070565,.495718286542243,79.5096659999999,.34938060235343,.479801164750413,870,0,1,1,.34938060235343,1,-1.41089008576377, , , ,-.133844311129579,-1.27704577463419,.52239234391658, , ,.52239234391658,.52239234391658,Reading,No label provided,senwgt,06-OCT-21,15h12m,C:\Users\egonzalez\OneDrive - Educational Testing Service\Temp\ItemAnalysis\VideoExample,PIRLS2016Subset, 
R11F10C,F\HOW GRANNY FEELS AT END OF STORY (1),N,10,-1,512,-.483742173574353,-.576257947503698,.554705840223938,.545820252560469,.560613168986752,80.7892100000002,.591796986255959,.494571488456339,1496,0,1,1,.591796986255959,1,-1.41089008576377, , , ,-.133844311129579,-1.27704577463419,.668362420434493, , ,.668362420434493,.668362420434493,Reading,No label provided,senwgt,06-OCT-21,15h12m,C:\Users\egonzalez\OneDrive - Educational Testing Service\Temp\ItemAnalysis\VideoExample,PIRLS2016Subset, 
R11F10C,F\HOW GRANNY FEELS AT END OF STORY (1),N,10,-1,554,.595913542399795,.647125350691577,.298729192366371,.265809510933375,.293155248248285,80.7759610000002,.900342937424166,.301413754449824,914,0,1,1,.900342937424166,1,-1.41089008576377, , , ,-.133844311129579,-1.27704577463419,.872602846769647, , ,.872602846769647,.872602846769647,Reading,No label provided,senwgt,06-OCT-21,15h12m,C:\Users\egonzalez\OneDrive - Educational Testing Service\Temp\ItemAnalysis\VideoExample,PIRLS2016Subset, 
R11F11M,F\PURPOSE OF LAST LINE OF STORY (A),N,11,1,208,.867750490170118,.947226973797266,.286154031249078,.180947609296995,.263750729687041,82.1719070000001,.736446423228318,.443265411675687,578,0,1,1,.736446423228318,1,-.0546606245535705, , , ,-.133844311129579,.0791836865760082,.704338383718361, , ,.704338383718361,.704338383718361,Reading,No label provided,senwgt,06-OCT-21,15h12m,C:\Users\egonzalez\OneDrive - Educational Testing Service\Temp\ItemAnalysis\VideoExample,PIRLS2016Subset, 
R11F11M,F\PURPOSE OF LAST LINE OF STORY (A),N,11,1,276,.685934081918839,.744569010113251,.316979257905377,.161322925870732,.282952363625721,80.8198539999999,.618364801797341,.488821341038108,650,0,1,1,.618364801797341,1,-.0546606245535705, , , ,-.133844311129579,.0791836865760082,.660469087098217, , ,.660469087098217,.660469087098217,Reading,No label provided,senwgt,06-OCT-21,15h12m,C:\Users\egonzalez\OneDrive - Educational Testing Service\Temp\ItemAnalysis\VideoExample,PIRLS2016Subset, 
R11F11M,F\PURPOSE OF LAST LINE OF STORY (A),N,11,1,504,-.984426874157501,-1.18741644465083,.334440587250916,.22778956537058,.309030602040633,78.0956539999999,.243326510845277,.431864452607331,851,0,1,1,.243326510845277,1,-.0546606245535705, , , ,-.133844311129579,.0791836865760082,.219839809039042, , ,.219839809039042,.219839809039042,Reading,No label provided,senwgt,06-OCT-21,15h12m,C:\Users\egonzalez\OneDrive - Educational Testing Service\Temp\ItemAnalysis\VideoExample,PIRLS2016Subset, 
R11F11M,F\PURPOSE OF LAST LINE OF STORY (A),N,11,1,512,-.483742173574353,-.576257947503698,.367175007007728,.274686040663891,.344991251146474,80.3922350000002,.343547346332639,.477873602074735,1488,0,1,1,.343547346332639,1,-.0546606245535705, , , ,-.133844311129579,.0791836865760082,.341764327357649, , ,.341764327357649,.341764327357649,Reading,No label provided,senwgt,06-OCT-21,15h12m,C:\Users\egonzalez\OneDrive - Educational Testing Service\Temp\ItemAnalysis\VideoExample,PIRLS2016Subset, 
R11F11M,F\PURPOSE OF LAST LINE OF STORY (A),N,11,1,554,.595913542399795,.647125350691577,.510719761853307,.457532277996582,.489187707188061,80.1942510000002,.666520558936324,.47442339527389,908,0,1,1,.666520558936324,1,-.0546606245535705, , , ,-.133844311129579,.0791836865760082,.638288089358657, , ,.638288089358657,.638288089358657,Reading,No label provided,senwgt,06-OCT-21,15h12m,C:\Users\egonzalez\OneDrive - Educational Testing Service\Temp\ItemAnalysis\VideoExample,PIRLS2016Subset, 
R11F12C,F\LITTLE BOY'S FEELINGS (3),N,12,-1,208,.867750490170118,.947226973797266,.513160222556837,.467313263503384,.60375955617595,82.0077500000001,.957728092771719,.893183904143861,577,0,2,2,.47886404638586,1,.981934182677879,.412414649056535,-.412414649056535, ,-.133844311129579,1.11577849380746,.426811887487274,.238740503479428, ,.90429289444613,.452146447223065,Reading,No label provided,senwgt,06-OCT-21,15h12m,C:\Users\egonzalez\OneDrive - Educational Testing Service\Temp\ItemAnalysis\VideoExample,PIRLS2016Subset, 
R11F12C,F\LITTLE BOY'S FEELINGS (3),N,12,-1,276,.685934081918839,.744569010113251,.545884453084677,.527550324587695,.622636480103915,79.9830599999999,.942307796175842,.938904151543097,644,0,2,2,.471153898087921,1,.981934182677879,.412414649056535,-.412414649056535, ,-.133844311129579,1.11577849380746,.413842207341292,.189021473826253, ,.791885154993798,.395942577496899,Reading,No label provided,senwgt,06-OCT-21,15h12m,C:\Users\egonzalez\OneDrive - Educational Testing Service\Temp\ItemAnalysis\VideoExample,PIRLS2016Subset, 
R11F12C,F\LITTLE BOY'S FEELINGS (3),N,12,-1,504,-.984426874157501,-1.18741644465083,.466616705756901,.415094944803855,.46154235121432,77.7766059999999,.230543924737472,.524898252529673,846,0,2,2,.115271962368736,1,.981934182677879,.412414649056535,-.412414649056535, ,-.133844311129579,1.11577849380746,.130027170142748,.00860319668886863, ,.147233563520485,.0736167817602424,Reading,No label provided,senwgt,06-OCT-21,15h12m,C:\Users\egonzalez\OneDrive - Educational Testing Service\Temp\ItemAnalysis\VideoExample,PIRLS2016Subset, 
R11F12C,F\LITTLE BOY'S FEELINGS (3),N,12,-1,512,-.483742173574353,-.576257947503698,.522554851843762,.477725260880501,.543419394662438,80.3635160000002,.330695287149954,.6508274140955,1486,0,2,2,.165347643574977,1,.981934182677879,.412414649056535,-.412414649056535, ,-.133844311129579,1.11577849380746,.211990510562716,.0258443089955528, ,.263679128553821,.131839564276911,Reading,No label provided,senwgt,06-OCT-21,15h12m,C:\Users\egonzalez\OneDrive - Educational Testing Service\Temp\ItemAnalysis\VideoExample,PIRLS2016Subset, 
R11F12C,F\LITTLE BOY'S FEELINGS (3),N,12,-1,554,.595913542399795,.647125350691577,.535774711916537,.502901724019405,.613922655096943,80.1288700000002,.672051870942394,.858446291772396,907,0,2,2,.336025935471197,1,.981934182677879,.412414649056535,-.412414649056535, ,-.133844311129579,1.11577849380746,.404499622951086,.16760047332686, ,.739700569604807,.369850284802404,Reading,No label provided,senwgt,06-OCT-21,15h12m,C:\Users\egonzalez\OneDrive - Educational Testing Service\Temp\ItemAnalysis\VideoExample,PIRLS2016Subset, 
R11F13M,F\LESSON LEARNED FROM STORY (B),N,13,2,208,.867750490170118,.947226973797266,.36347162225679,.284416358586458,.343941653212506,81.5451080000001,.796008228966967,.405456694051176,574,0,1,1,.796008228966967,1,-.689185094694, , , ,-.133844311129579,-.555340783564421,.817957135842248, , ,.817957135842248,.817957135842248,Reading,No label provided,senwgt,06-OCT-21,15h12m,C:\Users\egonzalez\OneDrive - Educational Testing Service\Temp\ItemAnalysis\VideoExample,PIRLS2016Subset, 
R11F13M,F\LESSON LEARNED FROM STORY (B),N,13,2,276,.685934081918839,.744569010113251,.531411633414732,.456758204553823,.491909532143533,79.2164549999999,.754188192339586,.43331115761206,638,0,1,1,.754188192339586,1,-.689185094694, , , ,-.133844311129579,-.555340783564421,.785819801074783, , ,.785819801074783,.785819801074783,Reading,No label provided,senwgt,06-OCT-21,15h12m,C:\Users\egonzalez\OneDrive - Educational Testing Service\Temp\ItemAnalysis\VideoExample,PIRLS2016Subset, 
R11F13M,F\LESSON LEARNED FROM STORY (B),N,13,2,504,-.984426874157501,-1.18741644465083,.28663746386997,.150924542144564,.273485358237794,75.643468,.356642611890825,.482205959573608,826,0,1,1,.356642611890825,1,-.689185094694, , , ,-.133844311129579,-.555340783564421,.347040037047937, , ,.347040037047937,.347040037047937,Reading,No label provided,senwgt,06-OCT-21,15h12m,C:\Users\egonzalez\OneDrive - Educational Testing Service\Temp\ItemAnalysis\VideoExample,PIRLS2016Subset, 
R11F13M,F\LESSON LEARNED FROM STORY (B),N,13,2,512,-.483742173574353,-.576257947503698,.44265877571781,.345517021117052,.422483800008702,79.5929430000003,.474452942392139,.502513672266098,1471,0,1,1,.474452942392139,1,-.689185094694, , , ,-.133844311129579,-.555340783564421,.494770899670164, , ,.494770899670164,.494770899670164,Reading,No label provided,senwgt,06-OCT-21,15h12m,C:\Users\egonzalez\OneDrive - Educational Testing Service\Temp\ItemAnalysis\VideoExample,PIRLS2016Subset, 
R11F13M,F\LESSON LEARNED FROM STORY (B),N,13,2,554,.595913542399795,.647125350691577,.485952117303077,.429071288259824,.457866484743982,79.9976500000002,.79014113539585,.409776948539722,905,0,1,1,.79014113539585,1,-.689185094694, , , ,-.133844311129579,-.555340783564421,.768963204520483, , ,.768963204520483,.768963204520483,Reading,No label provided,senwgt,06-OCT-21,15h12m,C:\Users\egonzalez\OneDrive - Educational Testing Service\Temp\ItemAnalysis\VideoExample,PIRLS2016Subset, 
R11L01M,L\LEONARDO'S OCCUPATION (C),N,14,3,208,.867750490170118,.947226973797266,.335723090203432,.19222559843119,.303248266034903,83.2485910000001,.847317884335124,.361860753876681,588,0,1,1,.847317884335124,1,-2.04155070013129, , , ,-.133844311129579,-1.90770638900171,.945573135049283, , ,.945573135049283,.945573135049283,Reading,No label provided,senwgt,06-OCT-21,15h12m,C:\Users\egonzalez\OneDrive - Educational Testing Service\Temp\ItemAnalysis\VideoExample,PIRLS2016Subset, 
R11L01M,L\LEONARDO'S OCCUPATION (C),N,14,3,276,.685934081918839,.744569010113251,.335905647830765,.293291731554707,.351037695899823,82.7526199999999,.935317226209878,.247465021180931,653,0,1,1,.935317226209878,1,-2.04155070013129, , , ,-.133844311129579,-1.90770638900171,.934151095084311, , ,.934151095084311,.934151095084311,Reading,No label provided,senwgt,06-OCT-21,15h12m,C:\Users\egonzalez\OneDrive - Educational Testing Service\Temp\ItemAnalysis\VideoExample,PIRLS2016Subset, 
R11L01M,L\LEONARDO'S OCCUPATION (C),N,14,3,504,-.984426874157501,-1.18741644465083,.458213292923998,.462069812191765,.502924176858528,83.3092209999999,.7602300710506,.429528683070292,913,0,1,1,.7602300710506,1,-2.04155070013129, , , ,-.133844311129579,-1.90770638900171,.672670861594929, , ,.672670861594929,.672670861594929,Reading,No label provided,senwgt,06-OCT-21,15h12m,C:\Users\egonzalez\OneDrive - Educational Testing Service\Temp\ItemAnalysis\VideoExample,PIRLS2016Subset, 
R11L01M,L\LEONARDO'S OCCUPATION (C),N,14,3,512,-.483742173574353,-.576257947503698,.517468506847885,.499307118146342,.519639969879831,83.3227810000003,.764923988794849,.426614054348103,1537,0,1,1,.764923988794849,1,-2.04155070013129, , , ,-.133844311129579,-1.90770638900171,.791080123063858, , ,.791080123063858,.791080123063858,Reading,No label provided,senwgt,06-OCT-21,15h12m,C:\Users\egonzalez\OneDrive - Educational Testing Service\Temp\ItemAnalysis\VideoExample,PIRLS2016Subset, 
R11L01M,L\LEONARDO'S OCCUPATION (C),N,14,3,554,.595913542399795,.647125350691577,.397243284723747,.327397461907136,.40136322832797,83.2430930000001,.835998513414199,.372521233026552,935,0,1,1,.835998513414199,1,-2.04155070013129, , , ,-.133844311129579,-1.90770638900171,.927897445362863, , ,.927897445362863,.927897445362863,Reading,No label provided,senwgt,06-OCT-21,15h12m,C:\Users\egonzalez\OneDrive - Educational Testing Service\Temp\ItemAnalysis\VideoExample,PIRLS2016Subset, 
R11L02M,L\LEONARDO'S CHILDHOOD EXPERIENCE (B),N,15,2,208,.867750490170118,.947226973797266,.45172592932402,.357240443724456,.423002271796969,83.2485910000001,.526295886497346,.502334236323355,588,0,1,1,.526295886497346,1,.131406452948029, , , ,-.133844311129579,.265250764077608,.664179624118767, , ,.664179624118767,.664179624118767,Reading,No label provided,senwgt,06-OCT-21,15h12m,C:\Users\egonzalez\OneDrive - Educational Testing Service\Temp\ItemAnalysis\VideoExample,PIRLS2016Subset, 
R11L02M,L\LEONARDO'S CHILDHOOD EXPERIENCE (B),N,15,2,276,.685934081918839,.744569010113251,.427806509924824,.320495894232735,.396320785345923,82.7526199999999,.596349481140296,.493620533258316,653,0,1,1,.596349481140296,1,.131406452948029, , , ,-.133844311129579,.265250764077608,.617586875580289, , ,.617586875580289,.617586875580289,Reading,No label provided,senwgt,06-OCT-21,15h12m,C:\Users\egonzalez\OneDrive - Educational Testing Service\Temp\ItemAnalysis\VideoExample,PIRLS2016Subset, 
R11L02M,L\LEONARDO'S CHILDHOOD EXPERIENCE (B),N,15,2,504,-.984426874157501,-1.18741644465083,.31517692092389,.126869646386884,.301362792014928,83.3092209999999,.356621579740855,.481902684732216,913,0,1,1,.356621579740855,1,.131406452948029, , , ,-.133844311129579,.265250764077608,.189591419367261, , ,.189591419367261,.189591419367261,Reading,No label provided,senwgt,06-OCT-21,15h12m,C:\Users\egonzalez\OneDrive - Educational Testing Service\Temp\ItemAnalysis\VideoExample,PIRLS2016Subset, 
R11L02M,L\LEONARDO'S CHILDHOOD EXPERIENCE (B),N,15,2,512,-.483742173574353,-.576257947503698,.368380261833466,.215357643141987,.327276198258351,83.3227810000003,.398690713407656,.49259372729681,1537,0,1,1,.398690713407656,1,.131406452948029, , , ,-.133844311129579,.265250764077608,.301217127075934, , ,.301217127075934,.301217127075934,Reading,No label provided,senwgt,06-OCT-21,15h12m,C:\Users\egonzalez\OneDrive - Educational Testing Service\Temp\ItemAnalysis\VideoExample,PIRLS2016Subset, 
R11L02M,L\LEONARDO'S CHILDHOOD EXPERIENCE (B),N,15,2,554,.595913542399795,.647125350691577,.425032636609141,.310838565633233,.388981601821803,83.2430930000001,.511262670165319,.502902951725242,935,0,1,1,.511262670165319,1,.131406452948029, , , ,-.133844311129579,.265250764077608,.594325150750775, , ,.594325150750775,.594325150750775,Reading,No label provided,senwgt,06-OCT-21,15h12m,C:\Users\egonzalez\OneDrive - Educational Testing Service\Temp\ItemAnalysis\VideoExample,PIRLS2016Subset, 
R11L03C,L\REASON VERROCCHIO WAS FAMOUS (1),N,16,-1,208,.867750490170118,.947226973797266,.383474630807884,.241946716367048,.342849508219897,83.0872180000001,.613724050792024,.489851842435326,587,0,1,1,.613724050792024,1,-.0341640439597163, , , ,-.133844311129579,.0996802671698624,.700052255109475, , ,.700052255109475,.700052255109475,Reading,No label provided,senwgt,06-OCT-21,15h12m,C:\Users\egonzalez\OneDrive - Educational Testing Service\Temp\ItemAnalysis\VideoExample,PIRLS2016Subset, 
R11L03C,L\REASON VERROCCHIO WAS FAMOUS (1),N,16,-1,276,.685934081918839,.744569010113251,.464261842926929,.427982416305016,.449732044928577,82.7526199999999,.635885329068736,.484114987541132,653,0,1,1,.635885329068736,1,-.0341640439597163, , , ,-.133844311129579,.0996802671698624,.655857729994598, , ,.655857729994598,.655857729994598,Reading,No label provided,senwgt,06-OCT-21,15h12m,C:\Users\egonzalez\OneDrive - Educational Testing Service\Temp\ItemAnalysis\VideoExample,PIRLS2016Subset, 
R11L03C,L\REASON VERROCCHIO WAS FAMOUS (1),N,16,-1,504,-.984426874157501,-1.18741644465083,.567946710999854,.483420153097307,.527786893043617,83.3092209999999,.326716786848841,.47185320459672,913,0,1,1,.326716786848841,1,-.0341640439597163, , , ,-.133844311129579,.0996802671698624,.216344627852628, , ,.216344627852628,.216344627852628,Reading,No label provided,senwgt,06-OCT-21,15h12m,C:\Users\egonzalez\OneDrive - Educational Testing Service\Temp\ItemAnalysis\VideoExample,PIRLS2016Subset, 
R11L03C,L\REASON VERROCCHIO WAS FAMOUS (1),N,16,-1,512,-.483742173574353,-.576257947503698,.518626095171637,.41659422991632,.483152007517564,83.3227810000003,.395838288210758,.491991229694927,1537,0,1,1,.395838288210758,1,-.0341640439597163, , , ,-.133844311129579,.0996802671698624,.337168453068921, , ,.337168453068921,.337168453068921,Reading,No label provided,senwgt,06-OCT-21,15h12m,C:\Users\egonzalez\OneDrive - Educational Testing Service\Temp\ItemAnalysis\VideoExample,PIRLS2016Subset, 
R11L03C,L\REASON VERROCCHIO WAS FAMOUS (1),N,16,-1,554,.595913542399795,.647125350691577,.433801062861026,.352640684520441,.413342381277421,83.2430930000001,.57424777572837,.497453522467482,935,0,1,1,.57424777572837,1,-.0341640439597163, , , ,-.133844311129579,.0996802671698624,.633542627971055, , ,.633542627971055,.633542627971055,Reading,No label provided,senwgt,06-OCT-21,15h12m,C:\Users\egonzalez\OneDrive - Educational Testing Service\Temp\ItemAnalysis\VideoExample,PIRLS2016Subset, 
R11L04C,L\WHAT LEO LEARNED FROM VERROCCHIO (3),N,17,-1,208,.867750490170118,.947226973797266,.491438514611211,.489039705529847,.598238030927389,83.0872180000001,1.17820100800583,.773768247560434,587,0,3,3,.392733669335276,1,.862161009426676,-1.64501788019682,.964192745403962,.680825134792856,-.133844311129579,.996005320556255,.0733276135173904,.1831584556029,.34460486569578,1.47345912181053,.49115304060351,Reading,No label provided,senwgt,06-OCT-21,15h12m,C:\Users\egonzalez\OneDrive - Educational Testing Service\Temp\ItemAnalysis\VideoExample,PIRLS2016Subset, 
R11L04C,L\WHAT LEO LEARNED FROM VERROCCHIO (3),N,17,-1,276,.685934081918839,.744569010113251,.455691929503016,.490347923651614,.579505701305071,82.7526199999999,1.23794473214262,.83738592939493,653,0,3,3,.41264824404754,1,.862161009426676,-1.64501788019682,.964192745403962,.680825134792856,-.133844311129579,.996005320556255,.0779100269573865,.158905723961989,.244129767920945,1.1281107786442,.376036926214733,Reading,No label provided,senwgt,06-OCT-21,15h12m,C:\Users\egonzalez\OneDrive - Educational Testing Service\Temp\ItemAnalysis\VideoExample,PIRLS2016Subset, 
R11L04C,L\WHAT LEO LEARNED FROM VERROCCHIO (3),N,17,-1,504,-.984426874157501,-1.18741644465083,.48766134333118,.506854844554334,.585116412829026,83.1777899999999,.544778431838596,.972601952712207,911,0,3,3,.181592810612865,1,.862161009426676,-1.64501788019682,.964192745403962,.680825134792856,-.133844311129579,.996005320556255,.0211184621124524,.00623961586093272,.00138863602628792,.0377636019131816,.0125878673043939,Reading,No label provided,senwgt,06-OCT-21,15h12m,C:\Users\egonzalez\OneDrive - Educational Testing Service\Temp\ItemAnalysis\VideoExample,PIRLS2016Subset, 
R11L04C,L\WHAT LEO LEARNED FROM VERROCCHIO (3),N,17,-1,512,-.483742173574353,-.576257947503698,.553600988265753,.570368010958775,.62882609892971,83.2747820000003,.83107205252125,.889240967395787,1534,0,3,3,.277024017507083,1,.862161009426676,-1.64501788019682,.964192745403962,.680825134792856,-.133844311129579,.996005320556255,.0374142209669647,.0203683117842232,.00835234398288973,.10320787648408,.0344026254946935,Reading,No label provided,senwgt,06-OCT-21,15h12m,C:\Users\egonzalez\OneDrive - Educational Testing Service\Temp\ItemAnalysis\VideoExample,PIRLS2016Subset, 
R11L04C,L\WHAT LEO LEARNED FROM VERROCCHIO (3),N,17,-1,554,.595913542399795,.647125350691577,.559223400578922,.581901183132033,.657402620337095,83.2430930000001,1.15621548324736,.860904612910985,935,0,3,3,.385405161082453,1,.862161009426676,-1.64501788019682,.964192745403962,.680825134792856,-.133844311129579,.996005320556255,.0782903352397665,.14485553544132,.201881744640656,.973646640044373,.324548880014791,Reading,No label provided,senwgt,06-OCT-21,15h12m,C:\Users\egonzalez\OneDrive - Educational Testing Service\Temp\ItemAnalysis\VideoExample,PIRLS2016Subset, 
R11L05M,"L\MEANING OF ""HUNGRY FOR KNOWLEDGE"" (A)",N,18,1,208,.867750490170118,.947226973797266,.426951430291532,.361822991192675,.427991321561505,82.9801560000001,.686947467295674,.466555300175699,586,0,1,1,.686947467295674,1,.0537875086431331, , , ,-.133844311129579,.187631819772712,.681265830893352, , ,.681265830893352,.681265830893352,Reading,No label provided,senwgt,06-OCT-21,15h12m,C:\Users\egonzalez\OneDrive - Educational Testing Service\Temp\ItemAnalysis\VideoExample,PIRLS2016Subset, 
R11L05M,"L\MEANING OF ""HUNGRY FOR KNOWLEDGE"" (A)",N,18,1,276,.685934081918839,.744569010113251,.4784660860472,.363753701991943,.424839335547754,82.0381559999999,.409521637712091,.494770264096962,651,0,1,1,.409521637712091,1,.0537875086431331, , , ,-.133844311129579,.187631819772712,.635743569480939, , ,.635743569480939,.635743569480939,Reading,No label provided,senwgt,06-OCT-21,15h12m,C:\Users\egonzalez\OneDrive - Educational Testing Service\Temp\ItemAnalysis\VideoExample,PIRLS2016Subset, 
R11L05M,"L\MEANING OF ""HUNGRY FOR KNOWLEDGE"" (A)",N,18,1,504,-.984426874157501,-1.18741644465083,.466479987455551,.362071200843097,.425386823611748,83.102757,.268394368672991,.44581437214398,909,0,1,1,.268394368672991,1,.0537875086431331, , , ,-.133844311129579,.187631819772712,.20180544771471, , ,.20180544771471,.20180544771471,Reading,No label provided,senwgt,06-OCT-21,15h12m,C:\Users\egonzalez\OneDrive - Educational Testing Service\Temp\ItemAnalysis\VideoExample,PIRLS2016Subset, 
R11L05M,"L\MEANING OF ""HUNGRY FOR KNOWLEDGE"" (A)",N,18,1,512,-.483742173574353,-.576257947503698,.499536508878891,.356541059157331,.454938105652231,83.1163330000003,.411315499205191,.495059332417062,1532,0,1,1,.411315499205191,1,.0537875086431331, , , ,-.133844311129579,.187631819772712,.317802352016607, , ,.317802352016607,.317802352016607,Reading,No label provided,senwgt,06-OCT-21,15h12m,C:\Users\egonzalez\OneDrive - Educational Testing Service\Temp\ItemAnalysis\VideoExample,PIRLS2016Subset, 
R11L05M,"L\MEANING OF ""HUNGRY FOR KNOWLEDGE"" (A)",N,18,1,554,.595913542399795,.647125350691577,.599762430850229,.53861025772721,.576006417762235,82.6616890000002,.69078554637324,.464990919960196,930,0,1,1,.69078554637324,1,.0537875086431331, , , ,-.133844311129579,.187631819772712,.61289402072057, , ,.61289402072057,.61289402072057,Reading,No label provided,senwgt,06-OCT-21,15h12m,C:\Users\egonzalez\OneDrive - Educational Testing Service\Temp\ItemAnalysis\VideoExample,PIRLS2016Subset, 
R11L06C,L\IMPORTANCE OF LEONARDO'S NOTEBOOKS (1),N,19,-1,208,.867750490170118,.947226973797266,.481419295177616,.372089426311435,.443758306909337,81.8381450000001,.546812259735359,.500873340693478,579,0,1,1,.546812259735359,1,.620450109198818, , , ,-.133844311129579,.754294420328397,.548084078133146, , ,.548084078133146,.548084078133146,Reading,No label provided,senwgt,06-OCT-21,15h12m,C:\Users\egonzalez\OneDrive - Educational Testing Service\Temp\ItemAnalysis\VideoExample,PIRLS2016Subset, 
R11L06C,L\IMPORTANCE OF LEONARDO'S NOTEBOOKS (1),N,19,-1,276,.685934081918839,.744569010113251,.413043347573975,.298952112025652,.371440379943868,82.0381559999999,.531883700555143,.502051642602743,651,0,1,1,.531883700555143,1,.620450109198818, , , ,-.133844311129579,.754294420328397,.497568666609873, , ,.497568666609873,.497568666609873,Reading,No label provided,senwgt,06-OCT-21,15h12m,C:\Users\egonzalez\OneDrive - Educational Testing Service\Temp\ItemAnalysis\VideoExample,PIRLS2016Subset, 
R11L06C,L\IMPORTANCE OF LEONARDO'S NOTEBOOKS (1),N,19,-1,504,-.984426874157501,-1.18741644465083,.391969217587564,.308555327368806,.325209318679157,82.604113,.0791206849470075,.271575876493103,901,0,1,1,.0791206849470075,1,.620450109198818, , , ,-.133844311129579,.754294420328397,.125460020428496, , ,.125460020428496,.125460020428496,Reading,No label provided,senwgt,06-OCT-21,15h12m,C:\Users\egonzalez\OneDrive - Educational Testing Service\Temp\ItemAnalysis\VideoExample,PIRLS2016Subset, 
R11L06C,L\IMPORTANCE OF LEONARDO'S NOTEBOOKS (1),N,19,-1,512,-.483742173574353,-.576257947503698,.465873770532186,.366132417109808,.429669799507372,82.9422760000003,.270258884624771,.446795058363231,1529,0,1,1,.270258884624771,1,.620450109198818, , , ,-.133844311129579,.754294420328397,.20906801177538, , ,.20906801177538,.20906801177538,Reading,No label provided,senwgt,06-OCT-21,15h12m,C:\Users\egonzalez\OneDrive - Educational Testing Service\Temp\ItemAnalysis\VideoExample,PIRLS2016Subset, 
R11L06C,L\IMPORTANCE OF LEONARDO'S NOTEBOOKS (1),N,19,-1,554,.595913542399795,.647125350691577,.489587342624577,.413254626433225,.462915956217289,82.5963080000002,.514389807834993,.502846159227823,929,0,1,1,.514389807834993,1,.620450109198818, , , ,-.133844311129579,.754294420328397,.473233346073894, , ,.473233346073894,.473233346073894,Reading,No label provided,senwgt,06-OCT-21,15h12m,C:\Users\egonzalez\OneDrive - Educational Testing Service\Temp\ItemAnalysis\VideoExample,PIRLS2016Subset, 
R11L07M,L\WHY LEO DIDN'T SEE INVENTIONS USED (C),N,20,3,208,.867750490170118,.947226973797266,.341037120759351,.245464452190105,.311977978932466,81.5670330000001,.412128059138794,.495263252218365,577,0,1,1,.412128059138794,1,.747881847314602, , , ,-.133844311129579,.881726158444181,.516369351726745, , ,.516369351726745,.516369351726745,Reading,No label provided,senwgt,06-OCT-21,15h12m,C:\Users\egonzalez\OneDrive - Educational Testing Service\Temp\ItemAnalysis\VideoExample,PIRLS2016Subset, 
R11L07M,L\WHY LEO DIDN'T SEE INVENTIONS USED (C),N,20,3,276,.685934081918839,.744569010113251,.356627145503682,.229367519704348,.297851464135462,81.6809239999999,.355196557276948,.481529542662481,650,0,1,1,.355196557276948,1,.747881847314602, , , ,-.133844311129579,.881726158444181,.465764366396672, , ,.465764366396672,.465764366396672,Reading,No label provided,senwgt,06-OCT-21,15h12m,C:\Users\egonzalez\OneDrive - Educational Testing Service\Temp\ItemAnalysis\VideoExample,PIRLS2016Subset, 
R11L07M,L\WHY LEO DIDN'T SEE INVENTIONS USED (C),N,20,3,504,-.984426874157501,-1.18741644465083,.468676339059598,.314460480109851,.414943108681307,81.2316959999999,.269167001018913,.446282396150859,887,0,1,1,.269167001018913,1,.747881847314602, , , ,-.133844311129579,.881726158444181,.11213237149735, , ,.11213237149735,.11213237149735,Reading,No label provided,senwgt,06-OCT-21,15h12m,C:\Users\egonzalez\OneDrive - Educational Testing Service\Temp\ItemAnalysis\VideoExample,PIRLS2016Subset, 
R11L07M,L\WHY LEO DIDN'T SEE INVENTIONS USED (C),N,20,3,512,-.483742173574353,-.576257947503698,.400709538454119,.272285205124322,.351047867112278,82.4432340000003,.307461810632027,.464266618404097,1520,0,1,1,.307461810632027,1,.747881847314602, , , ,-.133844311129579,.881726158444181,.188775844603629, , ,.188775844603629,.188775844603629,Reading,No label provided,senwgt,06-OCT-21,15h12m,C:\Users\egonzalez\OneDrive - Educational Testing Service\Temp\ItemAnalysis\VideoExample,PIRLS2016Subset, 
R11L07M,L\WHY LEO DIDN'T SEE INVENTIONS USED (C),N,20,3,554,.595913542399795,.647125350691577,.432626531277564,.350651476737722,.398709777226595,82.2778180000002,.487455209373684,.50290810490831,924,0,1,1,.487455209373684,1,.747881847314602, , , ,-.133844311129579,.881726158444181,.44161732266671, , ,.44161732266671,.44161732266671,Reading,No label provided,senwgt,06-OCT-21,15h12m,C:\Users\egonzalez\OneDrive - Educational Testing Service\Temp\ItemAnalysis\VideoExample,PIRLS2016Subset, 
R11L08C,L\WHAT LEONARDO STUDIED IN NATURE (2),N,21,-1,208,.867750490170118,.947226973797266,.49417574875659,.464162936336723,.569174354611359,81.3238560000001,.910302445570215,.669450772138385,575,0,2,2,.455151222785107,1,1.10882673580566,-.718998277581915,.718998277581915, ,-.133844311129579,1.24267104693524,.189207397675502,.288991697712724, ,.767190793100951,.383595396550476,Reading,No label provided,senwgt,06-OCT-21,15h12m,C:\Users\egonzalez\OneDrive - Educational Testing Service\Temp\ItemAnalysis\VideoExample,PIRLS2016Subset, 
R11L08C,L\WHAT LEONARDO STUDIED IN NATURE (2),N,21,-1,276,.685934081918839,.744569010113251,.524234313421288,.508195849313073,.594727164690529,81.6809239999999,.854353949277069,.742967768267777,650,0,2,2,.427176974638534,1,1.10882673580566,-.718998277581915,.718998277581915, ,-.133844311129579,1.24267104693524,.177791236294068,.22174016599376, ,.621271568281588,.310635784140794,Reading,No label provided,senwgt,06-OCT-21,15h12m,C:\Users\egonzalez\OneDrive - Educational Testing Service\Temp\ItemAnalysis\VideoExample,PIRLS2016Subset, 
R11L08C,L\WHAT LEONARDO STUDIED IN NATURE (2),N,21,-1,504,-.984426874157501,-1.18741644465083,.3360801406063,.278069045226965,.334756464199149,80.5157059999999,.133819754371899,.386671044278313,878,0,2,2,.0669098771859494,1,1.10882673580566,-.718998277581915,.718998277581915, ,-.133844311129579,1.24267104693524,.0408239769790609,.00737562294553832, ,.0555752228701375,.0277876114350688,Reading,No label provided,senwgt,06-OCT-21,15h12m,C:\Users\egonzalez\OneDrive - Educational Testing Service\Temp\ItemAnalysis\VideoExample,PIRLS2016Subset, 
R11L08C,L\WHAT LEONARDO STUDIED IN NATURE (2),N,21,-1,512,-.483742173574353,-.576257947503698,.57821530627927,.545890053327112,.593601841321001,82.0395650000003,.417163962290632,.614748881370201,1509,0,2,2,.208581981145316,1,1.10882673580566,-.718998277581915,.718998277581915, ,-.133844311129579,1.24267104693524,.0714984825053495,.0238014263348238, ,.119101335174997,.0595506675874985,Reading,No label provided,senwgt,06-OCT-21,15h12m,C:\Users\egonzalez\OneDrive - Educational Testing Service\Temp\ItemAnalysis\VideoExample,PIRLS2016Subset, 
R11L08C,L\WHAT LEONARDO STUDIED IN NATURE (2),N,21,-1,554,.595913542399795,.647125350691577,.597035287545941,.547435741429236,.633227571553045,81.5020340000002,.732535521751517,.778145974927979,916,0,2,2,.366267760875758,1,1.10882673580566,-.718998277581915,.718998277581915, ,-.133844311129579,1.24267104693524,.170810263383695,.193254109212808, ,.557318481809311,.278659240904655,Reading,No label provided,senwgt,06-OCT-21,15h12m,C:\Users\egonzalez\OneDrive - Educational Testing Service\Temp\ItemAnalysis\VideoExample,PIRLS2016Subset, 
R11L09M,L\YEAR PARACHUTE FIRST USED (C),N,22,3,208,.867750490170118,.947226973797266,.367350111620995,.320764722331626,.349877899977148,81.5670330000001,.821403274531268,.385383936266452,577,0,1,1,.821403274531268,1,-1.19666489607661, , , ,-.133844311129579,-1.06282058494703,.88184797752721, , ,.88184797752721,.88184797752721,Reading,No label provided,senwgt,06-OCT-21,15h12m,C:\Users\egonzalez\OneDrive - Educational Testing Service\Temp\ItemAnalysis\VideoExample,PIRLS2016Subset, 
R11L09M,L\YEAR PARACHUTE FIRST USED (C),N,22,3,276,.685934081918839,.744569010113251,.364396565423127,.310324956829033,.363058400208151,81.6809239999999,.86363147654892,.345299690973707,650,0,1,1,.86363147654892,1,-1.19666489607661, , , ,-.133844311129579,-1.06282058494703,.859046087167918, , ,.859046087167918,.859046087167918,Reading,No label provided,senwgt,06-OCT-21,15h12m,C:\Users\egonzalez\OneDrive - Educational Testing Service\Temp\ItemAnalysis\VideoExample,PIRLS2016Subset, 
R11L09M,L\YEAR PARACHUTE FIRST USED (C),N,22,3,504,-.984426874157501,-1.18741644465083,.550108666876094,.452351633985842,.525434933181509,79.7211619999999,.52168277476939,.502692402125844,869,0,1,1,.52168277476939,1,-1.19666489607661, , , ,-.133844311129579,-1.06282058494703,.468891269325582, , ,.468891269325582,.468891269325582,Reading,No label provided,senwgt,06-OCT-21,15h12m,C:\Users\egonzalez\OneDrive - Educational Testing Service\Temp\ItemAnalysis\VideoExample,PIRLS2016Subset, 
R11L09M,L\YEAR PARACHUTE FIRST USED (C),N,22,3,512,-.483742173574353,-.576257947503698,.55315201639766,.506987460980462,.556717444631922,81.6654770000003,.659309832966502,.476869970030343,1501,0,1,1,.659309832966502,1,-1.19666489607661, , , ,-.133844311129579,-1.06282058494703,.619296343919998, , ,.619296343919998,.619296343919998,Reading,No label provided,senwgt,06-OCT-21,15h12m,C:\Users\egonzalez\OneDrive - Educational Testing Service\Temp\ItemAnalysis\VideoExample,PIRLS2016Subset, 
R11L09M,L\YEAR PARACHUTE FIRST USED (C),N,22,3,554,.595913542399795,.647125350691577,.5715299265967,.522279376099635,.551670813614366,81.0294040000002,.726001452509756,.448786109036507,912,0,1,1,.726001452509756,1,-1.19666489607661, , , ,-.133844311129579,-1.06282058494703,.846829271707488, , ,.846829271707488,.846829271707488,Reading,No label provided,senwgt,06-OCT-21,15h12m,C:\Users\egonzalez\OneDrive - Educational Testing Service\Temp\ItemAnalysis\VideoExample,PIRLS2016Subset, 
R11L10C,L\HOW LEONARDO WAS AHEAD OF HIS TIME (2),N,23,-1,208,.867750490170118,.947226973797266,.505405433671258,.533333823925692,.601474918494626,80.9947840000002,.957583219186064,.81696118963456,573,0,2,2,.478791609593032,1,1.28267207951275,-.172401477752785,.172401477752785, ,-.133844311129579,1.41651639064233,.27451278188776,.203997937811785, ,.68250865751133,.341254328755665,Reading,No label provided,senwgt,06-OCT-21,15h12m,C:\Users\egonzalez\OneDrive - Educational Testing Service\Temp\ItemAnalysis\VideoExample,PIRLS2016Subset, 
R11L10C,L\HOW LEONARDO WAS AHEAD OF HIS TIME (2),N,23,-1,276,.685934081918839,.744569010113251,.488194924996833,.50598644968857,.543768962325958,81.6809239999999,.47889220743879,.675539936267588,650,0,2,2,.239446103719395,1,1.28267207951275,-.172401477752785,.172401477752785, ,-.133844311129579,1.41651639064233,.254241471658604,.154275287607488, ,.56279204687358,.28139602343679,Reading,No label provided,senwgt,06-OCT-21,15h12m,C:\Users\egonzalez\OneDrive - Educational Testing Service\Temp\ItemAnalysis\VideoExample,PIRLS2016Subset, 
R11L10C,L\HOW LEONARDO WAS AHEAD OF HIS TIME (2),N,23,-1,504,-.984426874157501,-1.18741644465083,.372121743361576,.29783328306626,.349984382993782,78.4802149999999,.0904488475216334,.319210737003413,861,0,2,2,.0452244237608167,1,1.28267207951275,-.172401477752785,.172401477752785, ,-.133844311129579,1.41651639064233,.0583160291982792,.00512610258997593, ,.068568234378231,.0342841171891155,Reading,No label provided,senwgt,06-OCT-21,15h12m,C:\Users\egonzalez\OneDrive - Educational Testing Service\Temp\ItemAnalysis\VideoExample,PIRLS2016Subset, 
R11L10C,L\HOW LEONARDO WAS AHEAD OF HIS TIME (2),N,23,-1,512,-.483742173574353,-.576257947503698,.523396443292609,.502849242571488,.54013045412074,81.4560250000003,.355582352563851,.621106431628417,1497,0,2,2,.177791176281926,1,1.28267207951275,-.172401477752785,.172401477752785, ,-.133844311129579,1.41651639064233,.101234047428394,.0163964078436893, ,.134026863115773,.0670134315578863,Reading,No label provided,senwgt,06-OCT-21,15h12m,C:\Users\egonzalez\OneDrive - Educational Testing Service\Temp\ItemAnalysis\VideoExample,PIRLS2016Subset, 
R11L10C,L\HOW LEONARDO WAS AHEAD OF HIS TIME (2),N,23,-1,554,.595913542399795,.647125350691577,.584216546024792,.544537772134965,.615054996431378,80.9677460000002,.657773936302979,.806571096034158,911,0,2,2,.32888696815149,1,1.28267207951275,-.172401477752785,.172401477752785, ,-.133844311129579,1.41651639064233,.243010966078976,.1337693446241, ,.510549655327177,.255274827663588,Reading,No label provided,senwgt,06-OCT-21,15h12m,C:\Users\egonzalez\OneDrive - Educational Testing Service\Temp\ItemAnalysis\VideoExample,PIRLS2016Subset, 
R11L11M,L\BEST DIFFERENT TITLE FOR ARTICLE (D),N,24,4,208,.867750490170118,.947226973797266,.378778000436298,.316212183085813,.346793810689226,80.0899350000002,.738026669643319,.442479270885754,568,0,1,1,.738026669643319,1,-.561139535200523, , , ,-.133844311129579,-.427295224070944,.798109800186707, , ,.798109800186707,.798109800186707,Reading,No label provided,senwgt,06-OCT-21,15h12m,C:\Users\egonzalez\OneDrive - Educational Testing Service\Temp\ItemAnalysis\VideoExample,PIRLS2016Subset, 
R11L11M,L\BEST DIFFERENT TITLE FOR ARTICLE (D),N,24,4,276,.685934081918839,.744569010113251,.472950829643446,.38397532137252,.462045862787562,81.0325819999999,.79595577986149,.405511377260502,644,0,1,1,.79595577986149,1,-.561139535200523, , , ,-.133844311129579,-.427295224070944,.763481819497525, , ,.763481819497525,.763481819497525,Reading,No label provided,senwgt,06-OCT-21,15h12m,C:\Users\egonzalez\OneDrive - Educational Testing Service\Temp\ItemAnalysis\VideoExample,PIRLS2016Subset, 
R11L11M,L\BEST DIFFERENT TITLE FOR ARTICLE (D),N,24,4,504,-.984426874157501,-1.18741644465083,.54135974037335,.375604041177112,.497559676263831,76.3457689999999,.311923257986962,.466342901422071,831,0,1,1,.311923257986962,1,-.561139535200523, , , ,-.133844311129579,-.427295224070944,.318619948489679, , ,.318619948489679,.318619948489679,Reading,No label provided,senwgt,06-OCT-21,15h12m,C:\Users\egonzalez\OneDrive - Educational Testing Service\Temp\ItemAnalysis\VideoExample,PIRLS2016Subset, 
R11L11M,L\BEST DIFFERENT TITLE FOR ARTICLE (D),N,24,4,512,-.483742173574353,-.576257947503698,.524210629520442,.385743038237437,.481043188578977,80.0574270000003,.475359006978826,.502540943090268,1467,0,1,1,.475359006978826,1,-.561139535200523, , , ,-.133844311129579,-.427295224070944,.462828030569455, , ,.462828030569455,.462828030569455,Reading,No label provided,senwgt,06-OCT-21,15h12m,C:\Users\egonzalez\OneDrive - Educational Testing Service\Temp\ItemAnalysis\VideoExample,PIRLS2016Subset, 
R11L11M,L\BEST DIFFERENT TITLE FOR ARTICLE (D),N,24,4,554,.595913542399795,.647125350691577,.544312752295491,.442448194450686,.508603416813231,80.2511020000002,.738373499219984,.442284545520724,905,0,1,1,.738373499219984,1,-.561139535200523, , , ,-.133844311129579,-.427295224070944,.745436677545576, , ,.745436677545576,.745436677545576,Reading,No label provided,senwgt,06-OCT-21,15h12m,C:\Users\egonzalez\OneDrive - Educational Testing Service\Temp\ItemAnalysis\VideoExample,PIRLS2016Subset, 
R11L12C,L\AUTHOR'S OPINION OF LEONARDO (2),N,25,-1,208,.867750490170118,.947226973797266,.349563306122692,.387039688623423,.437595273538369,79.3681760000002,.829261869392084,.613128721244585,563,0,2,2,.414630934696042,1,1.13591919230758,-.827644558985885,.827644558985885, ,-.133844311129579,1.26976350343716,.171941564268897,.284935462087983, ,.741812488444863,.370906244222432,Reading,No label provided,senwgt,06-OCT-21,15h12m,C:\Users\egonzalez\OneDrive - Educational Testing Service\Temp\ItemAnalysis\VideoExample,PIRLS2016Subset, 
R11L12C,L\AUTHOR'S OPINION OF LEONARDO (2),N,25,-1,276,.685934081918839,.744569010113251,.382082094759271,.410909534363594,.451070554713389,80.7969469999999,.610077098581461,.69705539066653,643,0,2,2,.305038549290731,1,1.13591919230758,-.827644558985885,.827644558985885, ,-.133844311129579,1.26976350343716,.160731324202274,.21749682286055, ,.595724969923374,.297862484961687,Reading,No label provided,senwgt,06-OCT-21,15h12m,C:\Users\egonzalez\OneDrive - Educational Testing Service\Temp\ItemAnalysis\VideoExample,PIRLS2016Subset, 
R11L12C,L\AUTHOR'S OPINION OF LEONARDO (2),N,25,-1,504,-.984426874157501,-1.18741644465083,.492605542388432,.441939779572886,.480226087734778,75.4058849999999,.217445574705476,.526334773423926,823,0,2,2,.108722787352738,1,1.13591919230758,-.827644558985885,.827644558985885, ,-.133844311129579,1.26976350343716,.0358418852391345,.0070257487920807, ,.0498933828232959,.0249466914116479,Reading,No label provided,senwgt,06-OCT-21,15h12m,C:\Users\egonzalez\OneDrive - Educational Testing Service\Temp\ItemAnalysis\VideoExample,PIRLS2016Subset, 
R11L12C,L\AUTHOR'S OPINION OF LEONARDO (2),N,25,-1,512,-.483742173574353,-.576257947503698,.514288882982061,.493438168011352,.54293804376731,79.5629320000003,.482441433907939,.699137036714966,1459,0,2,2,.24122071695397,1,1.13591919230758,-.827644558985885,.827644558985885, ,-.133844311129579,1.26976350343716,.0630748320252708,.0227814119812885, ,.108637655987848,.0543188279939239,Reading,No label provided,senwgt,06-OCT-21,15h12m,C:\Users\egonzalez\OneDrive - Educational Testing Service\Temp\ItemAnalysis\VideoExample,PIRLS2016Subset, 
R11L12C,L\AUTHOR'S OPINION OF LEONARDO (2),N,25,-1,554,.595913542399795,.647125350691577,.626005393549575,.599264938597558,.647398750709636,79.9780700000002,.931546747752226,.726958892430505,903,0,2,2,.465773373876113,1,1.13591919230758,-.827644558985885,.827644558985885, ,-.133844311129579,1.26976350343716,.154039227874021,.189088224543661, ,.532215676961342,.266107838480671,Reading,No label provided,senwgt,06-OCT-21,15h12m,C:\Users\egonzalez\OneDrive - Educational Testing Service\Temp\ItemAnalysis\VideoExample,PIRLS2016Subset, 
